row_id,source_accession,step,event_id,competition_score,cumulative_false_nucleus_rate,cumulative_contact_cluster_precision,cumulative_native_nucleus_recall,cumulative_long_range_contact_recall,native_truth_used_before_selection,raw_sequence_exposed
coord_001_pdb_1MBN_A_myoglobin,1MBN:A,1,273332b35c820a82,0.725517,1.0,0.0,0.0,0.0,False,False
coord_001_pdb_1MBN_A_myoglobin,1MBN:A,2,c201fb6781c9a1f7,0.707238,1.0,0.0,0.0,0.0,False,False
coord_001_pdb_1MBN_A_myoglobin,1MBN:A,3,e1d5b5868bf3c331,0.70544,1.0,0.0,0.0,0.0,False,False
coord_001_pdb_1MBN_A_myoglobin,1MBN:A,4,14e8028404f96235,0.703941,1.0,0.0,0.0,0.0,False,False
coord_001_pdb_1MBN_A_myoglobin,1MBN:A,5,2aec2fd5af121b17,0.696771,0.8,0.021875,0.017722,0.072165,False,False
coord_001_pdb_1MBN_A_myoglobin,1MBN:A,6,83b1f29dc54b255c,0.666166,0.833333,0.018229,0.017722,0.072165,False,False
coord_001_pdb_1MBN_A_myoglobin,1MBN:A,7,6613ac028a0fd26b,0.665905,0.714286,0.042411,0.032911,0.134021,False,False
coord_001_pdb_1MBN_A_myoglobin,1MBN:A,8,9f5b8dfa0c890b27,0.64906,0.75,0.037109,0.032911,0.134021,False,False
coord_001_pdb_1MBN_A_myoglobin,1MBN:A,9,62a61f4f88b69153,0.642556,0.777778,0.032986,0.032911,0.134021,False,False
coord_001_pdb_1MBN_A_myoglobin,1MBN:A,10,4e0b56f29cc69690,0.639154,0.8,0.029687,0.032911,0.134021,False,False
coord_001_pdb_1MBN_A_myoglobin,1MBN:A,11,d31208ec7f43e85f,0.634364,0.727273,0.028409,0.032911,0.134021,False,False
coord_001_pdb_1MBN_A_myoglobin,1MBN:A,12,715ba1bcfb48ea77,0.620535,0.75,0.026042,0.032911,0.134021,False,False
coord_001_pdb_1MBN_A_myoglobin,1MBN:A,13,7ce066460dcedc83,0.602274,0.769231,0.024038,0.032911,0.134021,False,False
coord_001_pdb_1MBN_A_myoglobin,1MBN:A,14,0d8d84ac956aa4d9,0.59699,0.785714,0.022321,0.032911,0.134021,False,False
coord_001_pdb_1MBN_A_myoglobin,1MBN:A,15,24a34bf0a4685a64,0.593815,0.733333,0.022917,0.032911,0.134021,False,False
coord_001_pdb_1MBN_A_myoglobin,1MBN:A,16,c1cc74a911ebc681,0.593364,0.6875,0.024414,0.040506,0.164948,False,False
coord_001_pdb_1MBN_A_myoglobin,1MBN:A,17,7701fbcd4743e5aa,0.588087,0.705882,0.022978,0.040506,0.164948,False,False
coord_001_pdb_1MBN_A_myoglobin,1MBN:A,18,a50709cb86272218,0.588055,0.722222,0.021701,0.040506,0.164948,False,False
coord_001_pdb_1MBN_A_myoglobin,1MBN:A,19,34fa5b02dff11dac,0.58765,0.736842,0.020559,0.040506,0.164948,False,False
coord_001_pdb_1MBN_A_myoglobin,1MBN:A,20,f7a19a08f315d836,0.58058,0.75,0.019531,0.040506,0.164948,False,False
coord_001_pdb_1MBN_A_myoglobin,1MBN:A,21,270ee2e12dc102f6,0.574352,0.761905,0.018601,0.040506,0.164948,False,False
coord_001_pdb_1MBN_A_myoglobin,1MBN:A,22,2f66986a51406197,0.563025,0.772727,0.017756,0.040506,0.164948,False,False
coord_001_pdb_1MBN_A_myoglobin,1MBN:A,23,08df16f4fd122107,0.554799,0.782609,0.016984,0.040506,0.164948,False,False
coord_001_pdb_1MBN_A_myoglobin,1MBN:A,24,e510ccc1bd576d1e,0.553859,0.75,0.016927,0.040506,0.164948,False,False
coord_001_pdb_1MBN_A_myoglobin,1MBN:A,25,3890a0214f2e2811,0.548572,0.76,0.01625,0.040506,0.164948,False,False
coord_001_pdb_1MBN_A_myoglobin,1MBN:A,26,560dfccf25c7d677,0.542704,0.769231,0.015625,0.040506,0.164948,False,False
coord_001_pdb_1MBN_A_myoglobin,1MBN:A,27,422525ee4a0c914d,0.538085,0.777778,0.015046,0.040506,0.164948,False,False
coord_001_pdb_1MBN_A_myoglobin,1MBN:A,28,027f5c3da42f2dd3,0.536755,0.785714,0.014509,0.040506,0.164948,False,False
coord_001_pdb_1MBN_A_myoglobin,1MBN:A,29,1cfa064860d680e0,0.535615,0.758621,0.014547,0.043038,0.175258,False,False
coord_001_pdb_1MBN_A_myoglobin,1MBN:A,30,742daa6fa0fda470,0.535195,0.766667,0.014063,0.043038,0.175258,False,False
coord_001_pdb_1MBN_A_myoglobin,1MBN:A,31,466056498e064f6b,0.528231,0.774194,0.013609,0.043038,0.175258,False,False
coord_001_pdb_1MBN_A_myoglobin,1MBN:A,32,d6497d955e237682,0.521662,0.78125,0.013184,0.043038,0.175258,False,False
coord_001_pdb_1MBN_A_myoglobin,1MBN:A,33,31ffe18faa88b9f8,0.515435,0.787879,0.012784,0.043038,0.175258,False,False
coord_001_pdb_1MBN_A_myoglobin,1MBN:A,34,5209a270d704cf7d,0.515014,0.764706,0.012868,0.04557,0.175258,False,False
coord_001_pdb_1MBN_A_myoglobin,1MBN:A,35,de91d40a7a844cd1,0.513143,0.742857,0.012946,0.04557,0.175258,False,False
coord_001_pdb_1MBN_A_myoglobin,1MBN:A,36,d510ea7d14ef8450,0.511956,0.75,0.012587,0.04557,0.175258,False,False
coord_001_pdb_1MBN_A_myoglobin,1MBN:A,37,7ecb08e220f57b54,0.51141,0.72973,0.014358,0.055696,0.216495,False,False
coord_001_pdb_1MBN_A_myoglobin,1MBN:A,38,c7b23c0c43320ba5,0.509537,0.736842,0.01398,0.055696,0.216495,False,False
coord_001_pdb_1MBN_A_myoglobin,1MBN:A,39,355ffc87bf64c903,0.50927,0.74359,0.013622,0.055696,0.216495,False,False
coord_001_pdb_1MBN_A_myoglobin,1MBN:A,40,65c78af630a482d5,0.507278,0.75,0.013281,0.055696,0.216495,False,False
coord_001_pdb_1MBN_A_myoglobin,1MBN:A,41,d058d8383e0418b1,0.504919,0.731707,0.014101,0.055696,0.216495,False,False
coord_001_pdb_1MBN_A_myoglobin,1MBN:A,42,a91c84738de9fb8d,0.504906,0.738095,0.013765,0.055696,0.216495,False,False
coord_001_pdb_1MBN_A_myoglobin,1MBN:A,43,e3e67e195124c47e,0.502066,0.744186,0.013445,0.055696,0.216495,False,False
coord_001_pdb_1MBN_A_myoglobin,1MBN:A,44,e5156c5201164bdc,0.500674,0.75,0.013139,0.055696,0.216495,False,False
coord_001_pdb_1MBN_A_myoglobin,1MBN:A,45,5ec56ca739ebfb74,0.500284,0.755556,0.012847,0.055696,0.216495,False,False
coord_001_pdb_1MBN_A_myoglobin,1MBN:A,46,0b33ce3203988955,0.500227,0.76087,0.012568,0.055696,0.216495,False,False
coord_001_pdb_1MBN_A_myoglobin,1MBN:A,47,e1bb29258487b601,0.500171,0.765957,0.012301,0.055696,0.216495,False,False
coord_001_pdb_1MBN_A_myoglobin,1MBN:A,48,c107f7135d2f7d4b,0.499315,0.770833,0.012044,0.055696,0.216495,False,False
coord_001_pdb_1MBN_A_myoglobin,1MBN:A,49,9942732659759aee,0.49893,0.77551,0.011798,0.055696,0.216495,False,False
coord_001_pdb_1MBN_A_myoglobin,1MBN:A,50,feb992806e810fff,0.498333,0.76,0.012812,0.058228,0.226804,False,False
coord_001_pdb_1MBN_A_myoglobin,1MBN:A,51,5805f729e20a955c,0.49796,0.764706,0.012561,0.058228,0.226804,False,False
coord_001_pdb_1MBN_A_myoglobin,1MBN:A,52,95d8121c64f57ee1,0.497197,0.769231,0.01232,0.058228,0.226804,False,False
coord_001_pdb_1MBN_A_myoglobin,1MBN:A,53,93244c0421252c73,0.495358,0.773585,0.012087,0.058228,0.226804,False,False
coord_001_pdb_1MBN_A_myoglobin,1MBN:A,54,14c594e0c47bebc8,0.494945,0.777778,0.011863,0.058228,0.226804,False,False
coord_001_pdb_1MBN_A_myoglobin,1MBN:A,55,ec30b2cd22be7e49,0.494904,0.781818,0.011648,0.058228,0.226804,False,False
coord_001_pdb_1MBN_A_myoglobin,1MBN:A,56,9df9205db79322f3,0.494512,0.785714,0.01144,0.058228,0.226804,False,False
coord_001_pdb_1MBN_A_myoglobin,1MBN:A,57,17012471c4568b5f,0.493978,0.789474,0.011239,0.058228,0.226804,False,False
coord_001_pdb_1MBN_A_myoglobin,1MBN:A,58,9af0875cde290f54,0.49239,0.793103,0.011045,0.058228,0.226804,False,False
coord_001_pdb_1MBN_A_myoglobin,1MBN:A,59,7812f87a1ec57130,0.492078,0.79661,0.010858,0.058228,0.226804,False,False
coord_001_pdb_1MBN_A_myoglobin,1MBN:A,60,8eacd0f4c08d2a65,0.491387,0.783333,0.011458,0.060759,0.237113,False,False
coord_001_pdb_1MBN_A_myoglobin,1MBN:A,61,6c792a02627d87fe,0.489902,0.786885,0.01127,0.060759,0.237113,False,False
coord_001_pdb_1MBN_A_myoglobin,1MBN:A,62,43cc8b96e57c44b3,0.48914,0.774194,0.011593,0.060759,0.237113,False,False
coord_001_pdb_1MBN_A_myoglobin,1MBN:A,63,b1ad27550deab6ad,0.486172,0.777778,0.011409,0.060759,0.237113,False,False
coord_001_pdb_1MBN_A_myoglobin,1MBN:A,64,1864768a05b031a3,0.485254,0.78125,0.01123,0.060759,0.237113,False,False
coord_001_pdb_1MBN_A_myoglobin,1MBN:A,65,9ae5c225d5871f66,0.485165,0.784615,0.011058,0.060759,0.237113,False,False
coord_001_pdb_1MBN_A_myoglobin,1MBN:A,66,c81126c550fd2c8d,0.484459,0.772727,0.011364,0.065823,0.237113,False,False
coord_001_pdb_1MBN_A_myoglobin,1MBN:A,67,bf4d74a4e2d37ec9,0.484049,0.776119,0.011194,0.065823,0.237113,False,False
coord_001_pdb_1MBN_A_myoglobin,1MBN:A,68,f6a97f12cb052a81,0.483879,0.764706,0.013327,0.091139,0.340206,False,False
coord_001_pdb_1MBN_A_myoglobin,1MBN:A,69,e336e8a3888b6d27,0.483451,0.768116,0.013134,0.091139,0.340206,False,False
coord_001_pdb_1MBN_A_myoglobin,1MBN:A,70,2b61214badf55be2,0.480582,0.771429,0.012946,0.091139,0.340206,False,False
coord_001_pdb_1MBN_A_myoglobin,1MBN:A,71,396654b6684b9495,0.480522,0.760563,0.015405,0.106329,0.402062,False,False
coord_001_pdb_1MBN_A_myoglobin,1MBN:A,72,8e95e488d9ff3198,0.480449,0.75,0.016276,0.106329,0.402062,False,False
coord_001_pdb_1MBN_A_myoglobin,1MBN:A,73,5d467e0e31bf5162,0.479199,0.739726,0.016909,0.116456,0.402062,False,False
coord_001_pdb_1MBN_A_myoglobin,1MBN:A,74,08843f7e9178bc93,0.478692,0.743243,0.016681,0.116456,0.402062,False,False
coord_001_pdb_1MBN_A_myoglobin,1MBN:A,75,70687a408110f699,0.478307,0.733333,0.017083,0.116456,0.402062,False,False
coord_001_pdb_1MBN_A_myoglobin,1MBN:A,76,e00407e2e6a283c0,0.47827,0.736842,0.016859,0.116456,0.402062,False,False
coord_001_pdb_1MBN_A_myoglobin,1MBN:A,77,9719651e706a74ef,0.478109,0.74026,0.01664,0.116456,0.402062,False,False
coord_001_pdb_1MBN_A_myoglobin,1MBN:A,78,c0fb51bda2376afa,0.476973,0.74359,0.016426,0.116456,0.402062,False,False
coord_001_pdb_1MBN_A_myoglobin,1MBN:A,79,18638f5c09a14711,0.475506,0.734177,0.017405,0.121519,0.402062,False,False
coord_001_pdb_1MBN_A_myoglobin,1MBN:A,80,f5018630dd65702d,0.474536,0.7375,0.017188,0.121519,0.402062,False,False
coord_001_pdb_1MBN_A_myoglobin,1MBN:A,81,7d1558976ee031e3,0.474515,0.740741,0.016975,0.121519,0.402062,False,False
coord_001_pdb_1MBN_A_myoglobin,1MBN:A,82,69f6cc5cac931e25,0.473926,0.743902,0.016768,0.121519,0.402062,False,False
coord_001_pdb_1MBN_A_myoglobin,1MBN:A,83,d0a7a57d58561af7,0.47347,0.746988,0.016566,0.121519,0.402062,False,False
coord_001_pdb_1MBN_A_myoglobin,1MBN:A,84,47dbabc80e2554b7,0.473367,0.75,0.016369,0.121519,0.402062,False,False
coord_001_pdb_1MBN_A_myoglobin,1MBN:A,85,d69a14e7b721f569,0.473233,0.752941,0.016176,0.121519,0.402062,False,False
coord_001_pdb_1MBN_A_myoglobin,1MBN:A,86,d320482a352fe652,0.473117,0.755814,0.015988,0.121519,0.402062,False,False
coord_001_pdb_1MBN_A_myoglobin,1MBN:A,87,2e24d6aa85e56824,0.472994,0.758621,0.015805,0.121519,0.402062,False,False
coord_001_pdb_1MBN_A_myoglobin,1MBN:A,88,212a1bc2d2d0424e,0.472987,0.761364,0.015625,0.121519,0.402062,False,False
coord_001_pdb_1MBN_A_myoglobin,1MBN:A,89,844861eb883eedb3,0.472445,0.764045,0.015449,0.121519,0.402062,False,False
coord_001_pdb_1MBN_A_myoglobin,1MBN:A,90,236a89802b42ff92,0.470395,0.766667,0.015278,0.121519,0.402062,False,False
coord_001_pdb_1MBN_A_myoglobin,1MBN:A,91,f8840f0a98d1747c,0.469594,0.758242,0.018201,0.129114,0.43299,False,False
coord_001_pdb_1MBN_A_myoglobin,1MBN:A,92,e8040b52358f7e11,0.468682,0.75,0.018512,0.136709,0.43299,False,False
coord_001_pdb_1MBN_A_myoglobin,1MBN:A,93,5278219da5d7ec0e,0.468536,0.741935,0.018649,0.136709,0.43299,False,False
coord_001_pdb_1MBN_A_myoglobin,1MBN:A,94,85283748bd733149,0.467309,0.744681,0.018451,0.136709,0.43299,False,False
coord_001_pdb_1MBN_A_myoglobin,1MBN:A,95,e4db7aa40cc14675,0.467283,0.747368,0.018257,0.136709,0.43299,False,False
coord_001_pdb_1MBN_A_myoglobin,1MBN:A,96,c163761318014e05,0.466763,0.75,0.018066,0.136709,0.43299,False,False
coord_001_pdb_1MBN_A_myoglobin,1MBN:A,97,d167afcf20004ad1,0.466481,0.752577,0.01788,0.136709,0.43299,False,False
coord_001_pdb_1MBN_A_myoglobin,1MBN:A,98,c2735882314ab45f,0.466222,0.755102,0.017698,0.136709,0.43299,False,False
coord_001_pdb_1MBN_A_myoglobin,1MBN:A,99,547140fc41779a95,0.46549,0.747475,0.017677,0.136709,0.43299,False,False
coord_001_pdb_1MBN_A_myoglobin,1MBN:A,100,9b641e0d2b5e7d61,0.463849,0.75,0.0175,0.136709,0.43299,False,False
coord_002_pdb_2LZM_A_t4_lysozyme,2LZM:A,1,47a35f21554baab7,0.798663,0.0,0.09375,0.014019,0.075949,False,False
coord_002_pdb_2LZM_A_t4_lysozyme,2LZM:A,2,591a9c694b529781,0.72784,0.0,0.0625,0.018692,0.075949,False,False
coord_002_pdb_2LZM_A_t4_lysozyme,2LZM:A,3,18cbe2c94ce73845,0.720894,0.333333,0.041667,0.018692,0.075949,False,False
coord_002_pdb_2LZM_A_t4_lysozyme,2LZM:A,4,359f0c36f2f1b0ee,0.681655,0.5,0.03125,0.018692,0.075949,False,False
coord_002_pdb_2LZM_A_t4_lysozyme,2LZM:A,5,8d5543b1766585fe,0.681047,0.4,0.053125,0.030374,0.139241,False,False
coord_002_pdb_2LZM_A_t4_lysozyme,2LZM:A,6,a534a67c1c9c1345,0.675963,0.333333,0.057292,0.030374,0.139241,False,False
coord_002_pdb_2LZM_A_t4_lysozyme,2LZM:A,7,5b483755891c303b,0.674823,0.285714,0.069196,0.051402,0.139241,False,False
coord_002_pdb_2LZM_A_t4_lysozyme,2LZM:A,8,c24499acaca341cc,0.673671,0.25,0.103516,0.084112,0.139241,False,False
coord_002_pdb_2LZM_A_t4_lysozyme,2LZM:A,9,770ddefa04d29c02,0.671983,0.222222,0.095486,0.088785,0.139241,False,False
coord_002_pdb_2LZM_A_t4_lysozyme,2LZM:A,10,9b407360a1954553,0.671773,0.2,0.0875,0.088785,0.139241,False,False
coord_002_pdb_2LZM_A_t4_lysozyme,2LZM:A,11,b9de00d5f6041304,0.664904,0.272727,0.079545,0.088785,0.139241,False,False
coord_002_pdb_2LZM_A_t4_lysozyme,2LZM:A,12,07053ae4ab679f8f,0.662751,0.333333,0.072917,0.088785,0.139241,False,False
coord_002_pdb_2LZM_A_t4_lysozyme,2LZM:A,13,f9445aac61a400eb,0.660995,0.384615,0.067308,0.088785,0.139241,False,False
coord_002_pdb_2LZM_A_t4_lysozyme,2LZM:A,14,e0c8fb121d4476ce,0.656233,0.357143,0.070312,0.098131,0.139241,False,False
coord_002_pdb_2LZM_A_t4_lysozyme,2LZM:A,15,9232943097d8f42c,0.655963,0.4,0.065625,0.098131,0.139241,False,False
coord_002_pdb_2LZM_A_t4_lysozyme,2LZM:A,16,367dc47d54d24866,0.653353,0.375,0.0625,0.100467,0.151899,False,False
coord_002_pdb_2LZM_A_t4_lysozyme,2LZM:A,17,dac40850b9753895,0.645293,0.411765,0.058824,0.100467,0.151899,False,False
coord_002_pdb_2LZM_A_t4_lysozyme,2LZM:A,18,f9e2ee5e2909d8e1,0.643768,0.388889,0.069444,0.100467,0.151899,False,False
coord_002_pdb_2LZM_A_t4_lysozyme,2LZM:A,19,d1869fc224f7641b,0.635846,0.421053,0.065789,0.100467,0.151899,False,False
coord_002_pdb_2LZM_A_t4_lysozyme,2LZM:A,20,cec709f1090c26a6,0.635435,0.45,0.0625,0.100467,0.151899,False,False
coord_002_pdb_2LZM_A_t4_lysozyme,2LZM:A,21,f707fc4c84136e03,0.635423,0.428571,0.06622,0.121495,0.227848,False,False
coord_002_pdb_2LZM_A_t4_lysozyme,2LZM:A,22,aec4eba9e390b292,0.628576,0.409091,0.068182,0.121495,0.227848,False,False
coord_002_pdb_2LZM_A_t4_lysozyme,2LZM:A,23,39222feaf6397186,0.626745,0.391304,0.066576,0.121495,0.227848,False,False
coord_002_pdb_2LZM_A_t4_lysozyme,2LZM:A,24,eea9e5ab6554300b,0.624961,0.416667,0.063802,0.121495,0.227848,False,False
coord_002_pdb_2LZM_A_t4_lysozyme,2LZM:A,25,1e228e2b6297a3b0,0.60094,0.4,0.061875,0.121495,0.227848,False,False
coord_002_pdb_2LZM_A_t4_lysozyme,2LZM:A,26,7450e6879f892852,0.59668,0.384615,0.064303,0.140187,0.227848,False,False
coord_002_pdb_2LZM_A_t4_lysozyme,2LZM:A,27,03e3c8168ea80e71,0.594462,0.407407,0.061921,0.140187,0.227848,False,False
coord_002_pdb_2LZM_A_t4_lysozyme,2LZM:A,28,3fbabbd86adca2af,0.588934,0.392857,0.060826,0.140187,0.227848,False,False
coord_002_pdb_2LZM_A_t4_lysozyme,2LZM:A,29,99c909026d53159f,0.584889,0.37931,0.061961,0.149533,0.227848,False,False
coord_002_pdb_2LZM_A_t4_lysozyme,2LZM:A,30,c1e2313c7fcc9ea4,0.582005,0.4,0.059896,0.149533,0.227848,False,False
coord_002_pdb_2LZM_A_t4_lysozyme,2LZM:A,31,6d4e7a327c660829,0.581841,0.419355,0.057964,0.149533,0.227848,False,False
coord_002_pdb_2LZM_A_t4_lysozyme,2LZM:A,32,e2f972c45de1fc16,0.579681,0.40625,0.060059,0.165888,0.316456,False,False
coord_002_pdb_2LZM_A_t4_lysozyme,2LZM:A,33,325860b1ee202782,0.577543,0.393939,0.059186,0.170561,0.341772,False,False
coord_002_pdb_2LZM_A_t4_lysozyme,2LZM:A,34,154100dd2cbbfebb,0.570966,0.411765,0.057445,0.170561,0.341772,False,False
coord_002_pdb_2LZM_A_t4_lysozyme,2LZM:A,35,9b51494800719ad5,0.570764,0.4,0.056696,0.170561,0.341772,False,False
coord_002_pdb_2LZM_A_t4_lysozyme,2LZM:A,36,a625e60ab87baf01,0.562523,0.416667,0.055122,0.170561,0.341772,False,False
coord_002_pdb_2LZM_A_t4_lysozyme,2LZM:A,37,9c6f07fada1a1b04,0.56181,0.405405,0.055743,0.17757,0.379747,False,False
coord_002_pdb_2LZM_A_t4_lysozyme,2LZM:A,38,e03762ea541bbb88,0.56173,0.421053,0.054276,0.17757,0.379747,False,False
coord_002_pdb_2LZM_A_t4_lysozyme,2LZM:A,39,9a8e65b1490efbab,0.560829,0.410256,0.053686,0.17757,0.379747,False,False
coord_002_pdb_2LZM_A_t4_lysozyme,2LZM:A,40,72bb7e747600df3a,0.555155,0.4,0.053516,0.17757,0.379747,False,False
coord_002_pdb_2LZM_A_t4_lysozyme,2LZM:A,41,8850c006a65638b4,0.553446,0.390244,0.052591,0.179907,0.392405,False,False
coord_002_pdb_2LZM_A_t4_lysozyme,2LZM:A,42,0c6e898780fe2fd1,0.551914,0.380952,0.053199,0.179907,0.392405,False,False
coord_002_pdb_2LZM_A_t4_lysozyme,2LZM:A,43,267305fa5e3e523c,0.550873,0.372093,0.052326,0.182243,0.392405,False,False
coord_002_pdb_2LZM_A_t4_lysozyme,2LZM:A,44,0d53d92849e459be,0.548183,0.363636,0.052202,0.189252,0.392405,False,False
coord_002_pdb_2LZM_A_t4_lysozyme,2LZM:A,45,377e76b0be636a15,0.546955,0.355556,0.051736,0.189252,0.392405,False,False
coord_002_pdb_2LZM_A_t4_lysozyme,2LZM:A,46,b70eafadc309d39a,0.546726,0.347826,0.050951,0.189252,0.392405,False,False
coord_002_pdb_2LZM_A_t4_lysozyme,2LZM:A,47,ebb22b09d7b464dd,0.544473,0.361702,0.049867,0.189252,0.392405,False,False
coord_002_pdb_2LZM_A_t4_lysozyme,2LZM:A,48,6b3499bd9fc18239,0.544088,0.375,0.048828,0.189252,0.392405,False,False
coord_002_pdb_2LZM_A_t4_lysozyme,2LZM:A,49,649cb45bff9d38b8,0.540559,0.367347,0.050064,0.205607,0.392405,False,False
coord_002_pdb_2LZM_A_t4_lysozyme,2LZM:A,50,c380ebe3b3a74ab3,0.539122,0.38,0.049063,0.205607,0.392405,False,False
coord_002_pdb_2LZM_A_t4_lysozyme,2LZM:A,51,db2b45973e460c50,0.538531,0.392157,0.0481,0.205607,0.392405,False,False
coord_002_pdb_2LZM_A_t4_lysozyme,2LZM:A,52,749b96b3cb7069fa,0.537726,0.403846,0.047175,0.205607,0.392405,False,False
coord_002_pdb_2LZM_A_t4_lysozyme,2LZM:A,53,12747f7ac7387d53,0.535202,0.415094,0.046285,0.205607,0.392405,False,False
coord_002_pdb_2LZM_A_t4_lysozyme,2LZM:A,54,87680c762a0d4827,0.534432,0.407407,0.046007,0.207944,0.405063,False,False
coord_002_pdb_2LZM_A_t4_lysozyme,2LZM:A,55,8dc04a871b22d01c,0.533619,0.4,0.047159,0.212617,0.43038,False,False
coord_002_pdb_2LZM_A_t4_lysozyme,2LZM:A,56,1f66fd2b10e6e39d,0.532915,0.410714,0.046317,0.212617,0.43038,False,False
coord_002_pdb_2LZM_A_t4_lysozyme,2LZM:A,57,5457ce901cc4f3db,0.530011,0.421053,0.045504,0.212617,0.43038,False,False
coord_002_pdb_2LZM_A_t4_lysozyme,2LZM:A,58,e913401ca9de73f3,0.5298,0.431034,0.04472,0.212617,0.43038,False,False
coord_002_pdb_2LZM_A_t4_lysozyme,2LZM:A,59,528b6a57a4e46a9c,0.529268,0.440678,0.043962,0.212617,0.43038,False,False
coord_002_pdb_2LZM_A_t4_lysozyme,2LZM:A,60,683f24dcf8e4d214,0.528935,0.45,0.043229,0.212617,0.43038,False,False
coord_002_pdb_2LZM_A_t4_lysozyme,2LZM:A,61,5e06edd70be35ada,0.526649,0.442623,0.042777,0.214953,0.43038,False,False
coord_002_pdb_2LZM_A_t4_lysozyme,2LZM:A,62,9ce6e051c054d109,0.524163,0.451613,0.042087,0.214953,0.43038,False,False
coord_002_pdb_2LZM_A_t4_lysozyme,2LZM:A,63,48fac64a1f513a4d,0.524089,0.460317,0.041419,0.214953,0.43038,False,False
coord_002_pdb_2LZM_A_t4_lysozyme,2LZM:A,64,3d93414800b0c24e,0.52349,0.46875,0.040771,0.214953,0.43038,False,False
coord_002_pdb_2LZM_A_t4_lysozyme,2LZM:A,65,cdc3438c99ffa8e5,0.522833,0.461538,0.040385,0.21729,0.443038,False,False
coord_002_pdb_2LZM_A_t4_lysozyme,2LZM:A,66,be0c725708d150e7,0.520485,0.469697,0.039773,0.21729,0.443038,False,False
coord_002_pdb_2LZM_A_t4_lysozyme,2LZM:A,67,51a086109ca29a6d,0.519958,0.477612,0.039179,0.21729,0.443038,False,False
coord_002_pdb_2LZM_A_t4_lysozyme,2LZM:A,68,8151ce01409aef92,0.514611,0.470588,0.038833,0.21729,0.443038,False,False
coord_002_pdb_2LZM_A_t4_lysozyme,2LZM:A,69,8309dce61a6a574f,0.512251,0.478261,0.03827,0.21729,0.443038,False,False
coord_002_pdb_2LZM_A_t4_lysozyme,2LZM:A,70,1823fa292af5524e,0.511705,0.485714,0.037723,0.21729,0.443038,False,False
coord_002_pdb_2LZM_A_t4_lysozyme,2LZM:A,71,5efaf136afee2d2d,0.511412,0.492958,0.037192,0.21729,0.443038,False,False
coord_002_pdb_2LZM_A_t4_lysozyme,2LZM:A,72,2c99819285be0d02,0.510905,0.5,0.036675,0.21729,0.443038,False,False
coord_002_pdb_2LZM_A_t4_lysozyme,2LZM:A,73,427ee6b12f17efa7,0.510859,0.493151,0.037671,0.21729,0.443038,False,False
coord_002_pdb_2LZM_A_t4_lysozyme,2LZM:A,74,c585a9201760476e,0.510783,0.486486,0.038007,0.21729,0.443038,False,False
coord_002_pdb_2LZM_A_t4_lysozyme,2LZM:A,75,e338deb5bb48fbc0,0.508852,0.493333,0.0375,0.21729,0.443038,False,False
coord_002_pdb_2LZM_A_t4_lysozyme,2LZM:A,76,9edbb922be735e0a,0.507982,0.5,0.037007,0.21729,0.443038,False,False
coord_002_pdb_2LZM_A_t4_lysozyme,2LZM:A,77,8b292d5b234c18c3,0.506766,0.506494,0.036526,0.21729,0.443038,False,False
coord_002_pdb_2LZM_A_t4_lysozyme,2LZM:A,78,790f7026adaa642e,0.505117,0.512821,0.036058,0.21729,0.443038,False,False
coord_002_pdb_2LZM_A_t4_lysozyme,2LZM:A,79,860f69c38d9731d9,0.504995,0.506329,0.037381,0.226636,0.443038,False,False
coord_002_pdb_2LZM_A_t4_lysozyme,2LZM:A,80,192f7c59a8756f79,0.504613,0.5,0.037305,0.228972,0.443038,False,False
coord_002_pdb_2LZM_A_t4_lysozyme,2LZM:A,81,87c79e67faf6f605,0.50424,0.493827,0.039159,0.228972,0.443038,False,False
coord_002_pdb_2LZM_A_t4_lysozyme,2LZM:A,82,7e14f44393ccb0aa,0.502232,0.5,0.038681,0.228972,0.443038,False,False
coord_002_pdb_2LZM_A_t4_lysozyme,2LZM:A,83,7b27face5491f132,0.501823,0.506024,0.038215,0.228972,0.443038,False,False
coord_002_pdb_2LZM_A_t4_lysozyme,2LZM:A,84,dae4ae28a32e9aef,0.501238,0.511905,0.03776,0.228972,0.443038,False,False
coord_002_pdb_2LZM_A_t4_lysozyme,2LZM:A,85,1a07b9d21fcce643,0.501135,0.517647,0.037316,0.228972,0.443038,False,False
coord_002_pdb_2LZM_A_t4_lysozyme,2LZM:A,86,4d3d4f81099ca948,0.500458,0.511628,0.037972,0.242991,0.506329,False,False
coord_002_pdb_2LZM_A_t4_lysozyme,2LZM:A,87,0dcf98f589d75d3a,0.500129,0.517241,0.037536,0.242991,0.506329,False,False
coord_002_pdb_2LZM_A_t4_lysozyme,2LZM:A,88,bb4f213b233c6432,0.498297,0.522727,0.037109,0.242991,0.506329,False,False
coord_002_pdb_2LZM_A_t4_lysozyme,2LZM:A,89,a9b770943ef2af4f,0.498005,0.52809,0.036692,0.242991,0.506329,False,False
coord_002_pdb_2LZM_A_t4_lysozyme,2LZM:A,90,004c209985db8e83,0.497913,0.533333,0.036285,0.242991,0.506329,False,False
coord_002_pdb_2LZM_A_t4_lysozyme,2LZM:A,91,863a04e82f80c520,0.49744,0.527473,0.036916,0.247664,0.531646,False,False
coord_002_pdb_2LZM_A_t4_lysozyme,2LZM:A,92,d94f4d4078027e5f,0.496987,0.521739,0.037874,0.25,0.531646,False,False
coord_002_pdb_2LZM_A_t4_lysozyme,2LZM:A,93,b26fefa3bd195edf,0.495829,0.526882,0.037466,0.25,0.531646,False,False
coord_002_pdb_2LZM_A_t4_lysozyme,2LZM:A,94,415539601f41613c,0.495728,0.531915,0.037068,0.25,0.531646,False,False
coord_002_pdb_2LZM_A_t4_lysozyme,2LZM:A,95,8c7ea8b4111155a7,0.494119,0.526316,0.0375,0.25,0.531646,False,False
coord_002_pdb_2LZM_A_t4_lysozyme,2LZM:A,96,cf5fb3dc1a5a8431,0.491191,0.520833,0.037923,0.25,0.531646,False,False
coord_002_pdb_2LZM_A_t4_lysozyme,2LZM:A,97,3f6f3457048219ac,0.49057,0.525773,0.037532,0.25,0.531646,False,False
coord_002_pdb_2LZM_A_t4_lysozyme,2LZM:A,98,33f3cce528f5f416,0.489908,0.530612,0.037149,0.25,0.531646,False,False
coord_002_pdb_2LZM_A_t4_lysozyme,2LZM:A,99,46e2acebfbc6e152,0.489425,0.525253,0.036932,0.252336,0.544304,False,False
coord_002_pdb_2LZM_A_t4_lysozyme,2LZM:A,100,85b9dfed915dd119,0.489338,0.52,0.037656,0.257009,0.56962,False,False
coord_003_pdb_1TEN_A_tenascin_fn3,1TEN:A,1,623a7de2836589e4,0.821654,1.0,0.0,0.0,0.0,False,False
coord_003_pdb_1TEN_A_tenascin_fn3,1TEN:A,2,0b4fbf4fb144193d,0.769111,1.0,0.0,0.0,0.0,False,False
coord_003_pdb_1TEN_A_tenascin_fn3,1TEN:A,3,81e00f5c6839b44d,0.72909,0.666667,0.135417,0.108333,0.0,False,False
coord_003_pdb_1TEN_A_tenascin_fn3,1TEN:A,4,98f3373f38126e82,0.696985,0.75,0.101562,0.108333,0.0,False,False
coord_003_pdb_1TEN_A_tenascin_fn3,1TEN:A,5,4849b6f5e4a615c5,0.68894,0.8,0.08125,0.108333,0.0,False,False
coord_003_pdb_1TEN_A_tenascin_fn3,1TEN:A,6,0958bef812584c53,0.660014,0.666667,0.09375,0.15,0.0,False,False
coord_003_pdb_1TEN_A_tenascin_fn3,1TEN:A,7,2f0be9c16baa064d,0.648442,0.571429,0.082589,0.154167,0.00885,False,False
coord_003_pdb_1TEN_A_tenascin_fn3,1TEN:A,8,de7a4160201080a9,0.633331,0.5,0.113281,0.241667,0.19469,False,False
coord_003_pdb_1TEN_A_tenascin_fn3,1TEN:A,9,84b651dfc4ed2ae5,0.617598,0.555556,0.100694,0.241667,0.19469,False,False
coord_003_pdb_1TEN_A_tenascin_fn3,1TEN:A,10,23ced1b26fca3663,0.60645,0.6,0.090625,0.241667,0.19469,False,False
coord_003_pdb_1TEN_A_tenascin_fn3,1TEN:A,11,71e023bdde738cbb,0.567627,0.545455,0.107955,0.258333,0.230088,False,False
coord_003_pdb_1TEN_A_tenascin_fn3,1TEN:A,12,4bf92e4d17d38123,0.566863,0.5,0.13151,0.320833,0.230088,False,False
coord_003_pdb_1TEN_A_tenascin_fn3,1TEN:A,13,a8f6c5a6401b225d,0.56653,0.538462,0.121394,0.320833,0.230088,False,False
coord_003_pdb_1TEN_A_tenascin_fn3,1TEN:A,14,dbfba236daeedd5a,0.564375,0.571429,0.112723,0.320833,0.230088,False,False
coord_003_pdb_1TEN_A_tenascin_fn3,1TEN:A,15,11ae0f33ac2f81f2,0.562695,0.533333,0.130208,0.420833,0.230088,False,False
coord_003_pdb_1TEN_A_tenascin_fn3,1TEN:A,16,a051bf58f82ebeda,0.560798,0.5,0.142578,0.45,0.230088,False,False
coord_003_pdb_1TEN_A_tenascin_fn3,1TEN:A,17,bd80baf3b810bec8,0.560465,0.529412,0.134191,0.45,0.230088,False,False
coord_003_pdb_1TEN_A_tenascin_fn3,1TEN:A,18,39a9181967c0c6ef,0.550947,0.5,0.127604,0.454167,0.238938,False,False
coord_003_pdb_1TEN_A_tenascin_fn3,1TEN:A,19,4d4282c656404169,0.543637,0.473684,0.128289,0.454167,0.238938,False,False
coord_003_pdb_1TEN_A_tenascin_fn3,1TEN:A,20,819f28bce14e526a,0.529411,0.45,0.13125,0.5,0.336283,False,False
coord_003_pdb_1TEN_A_tenascin_fn3,1TEN:A,21,b4736ca59fe42146,0.523786,0.47619,0.125,0.5,0.336283,False,False
coord_003_pdb_1TEN_A_tenascin_fn3,1TEN:A,22,1616affc1f0a3968,0.522065,0.5,0.119318,0.5,0.336283,False,False
coord_003_pdb_1TEN_A_tenascin_fn3,1TEN:A,23,2ac694fa54e72bfa,0.515128,0.521739,0.11413,0.5,0.336283,False,False
coord_003_pdb_1TEN_A_tenascin_fn3,1TEN:A,24,d094ab28bc2e7323,0.509841,0.5,0.121094,0.529167,0.39823,False,False
coord_003_pdb_1TEN_A_tenascin_fn3,1TEN:A,25,4e3f9cd1600c67a8,0.490151,0.48,0.128125,0.55,0.39823,False,False
coord_003_pdb_1TEN_A_tenascin_fn3,1TEN:A,26,41067fce804cf60a,0.48974,0.5,0.123197,0.55,0.39823,False,False
coord_003_pdb_1TEN_A_tenascin_fn3,1TEN:A,27,a532a0d02bd131ad,0.484129,0.481481,0.121528,0.55,0.39823,False,False
coord_003_pdb_1TEN_A_tenascin_fn3,1TEN:A,28,a2918ccca7d211e3,0.482646,0.5,0.117188,0.55,0.39823,False,False
coord_003_pdb_1TEN_A_tenascin_fn3,1TEN:A,29,e68c7f0f37ddcc7d,0.477222,0.517241,0.113147,0.55,0.39823,False,False
coord_003_pdb_1TEN_A_tenascin_fn3,1TEN:A,30,8b657e60697eb98e,0.476258,0.5,0.110417,0.554167,0.39823,False,False
coord_003_pdb_1TEN_A_tenascin_fn3,1TEN:A,31,b0e09fd9b7794c8d,0.474959,0.483871,0.110383,0.554167,0.39823,False,False
coord_003_pdb_1TEN_A_tenascin_fn3,1TEN:A,32,752cfecd932ad9c7,0.469873,0.46875,0.11377,0.558333,0.39823,False,False
coord_003_pdb_1TEN_A_tenascin_fn3,1TEN:A,33,f85ad4eeb953edd9,0.461158,0.484848,0.110322,0.558333,0.39823,False,False
coord_003_pdb_1TEN_A_tenascin_fn3,1TEN:A,34,d52917574f803713,0.454961,0.5,0.107077,0.558333,0.39823,False,False
coord_003_pdb_1TEN_A_tenascin_fn3,1TEN:A,35,44c23a669ac7a729,0.454511,0.485714,0.1125,0.570833,0.415929,False,False
coord_003_pdb_1TEN_A_tenascin_fn3,1TEN:A,36,047f268c015ba943,0.453162,0.5,0.109375,0.570833,0.415929,False,False
coord_003_pdb_1TEN_A_tenascin_fn3,1TEN:A,37,3b309280d5d66396,0.45091,0.513514,0.106419,0.570833,0.415929,False,False
coord_003_pdb_1TEN_A_tenascin_fn3,1TEN:A,38,8accace941f54361,0.448749,0.526316,0.103618,0.570833,0.415929,False,False
coord_003_pdb_1TEN_A_tenascin_fn3,1TEN:A,39,094fae3d50cdd03a,0.446993,0.512821,0.110978,0.616667,0.513274,False,False
coord_003_pdb_1TEN_A_tenascin_fn3,1TEN:A,40,be2ed4bb6f5f8034,0.443292,0.5,0.110156,0.633333,0.548673,False,False
coord_003_pdb_1TEN_A_tenascin_fn3,1TEN:A,41,159231a31b29a34a,0.436218,0.512195,0.10747,0.633333,0.548673,False,False
coord_003_pdb_1TEN_A_tenascin_fn3,1TEN:A,42,8442f9b84adc7ffa,0.434968,0.52381,0.104911,0.633333,0.548673,False,False
coord_003_pdb_1TEN_A_tenascin_fn3,1TEN:A,43,ad668508510968b8,0.430781,0.511628,0.106105,0.633333,0.548673,False,False
coord_003_pdb_1TEN_A_tenascin_fn3,1TEN:A,44,5909b4902621b85e,0.42354,0.522727,0.103693,0.633333,0.548673,False,False
coord_003_pdb_1TEN_A_tenascin_fn3,1TEN:A,45,0a9dc7755e0e261c,0.421377,0.533333,0.101389,0.633333,0.548673,False,False
coord_003_pdb_1TEN_A_tenascin_fn3,1TEN:A,46,b1db27ad9be402bf,0.419736,0.521739,0.099524,0.6375,0.557522,False,False
coord_003_pdb_1TEN_A_tenascin_fn3,1TEN:A,47,02febda2f6b8a948,0.417659,0.531915,0.097407,0.6375,0.557522,False,False
coord_003_pdb_1TEN_A_tenascin_fn3,1TEN:A,48,8beb3596e6fe4366,0.415584,0.541667,0.095378,0.6375,0.557522,False,False
coord_003_pdb_1TEN_A_tenascin_fn3,1TEN:A,49,3a3658d95b1bdf94,0.411878,0.530612,0.094707,0.6375,0.557522,False,False
coord_003_pdb_1TEN_A_tenascin_fn3,1TEN:A,50,3bfea9daeb3d3b09,0.411342,0.54,0.092813,0.6375,0.557522,False,False
coord_003_pdb_1TEN_A_tenascin_fn3,1TEN:A,51,8454147373ff806e,0.410942,0.54902,0.090993,0.6375,0.557522,False,False
coord_003_pdb_1TEN_A_tenascin_fn3,1TEN:A,52,f21b9bb8648e2948,0.409312,0.557692,0.089243,0.6375,0.557522,False,False
coord_003_pdb_1TEN_A_tenascin_fn3,1TEN:A,53,92cf25354d5e6b0d,0.406274,0.54717,0.089328,0.6375,0.557522,False,False
coord_003_pdb_1TEN_A_tenascin_fn3,1TEN:A,54,c8cd04e8f641c577,0.400788,0.555556,0.087674,0.6375,0.557522,False,False
coord_003_pdb_1TEN_A_tenascin_fn3,1TEN:A,55,ee40a8340bca4f9e,0.400346,0.563636,0.08608,0.6375,0.557522,False,False
coord_003_pdb_1TEN_A_tenascin_fn3,1TEN:A,56,3697b87f14da783c,0.398525,0.571429,0.084542,0.6375,0.557522,False,False
coord_003_pdb_1TEN_A_tenascin_fn3,1TEN:A,57,d442d329a371fdb2,0.39637,0.578947,0.083059,0.6375,0.557522,False,False
coord_003_pdb_1TEN_A_tenascin_fn3,1TEN:A,58,8437b2335800d30b,0.395587,0.568966,0.082705,0.6375,0.557522,False,False
coord_003_pdb_1TEN_A_tenascin_fn3,1TEN:A,59,98d28f51c60a0ecb,0.393421,0.576271,0.081303,0.6375,0.557522,False,False
coord_003_pdb_1TEN_A_tenascin_fn3,1TEN:A,60,6d46627c6c0f7ed1,0.393296,0.583333,0.079948,0.6375,0.557522,False,False
coord_003_pdb_1TEN_A_tenascin_fn3,1TEN:A,61,3ce22d91f9381db0,0.391003,0.57377,0.081455,0.6375,0.557522,False,False
coord_003_pdb_1TEN_A_tenascin_fn3,1TEN:A,62,f5f2965a67ae3986,0.383418,0.580645,0.080141,0.6375,0.557522,False,False
coord_003_pdb_1TEN_A_tenascin_fn3,1TEN:A,63,aac68c4e3c6dc022,0.377543,0.571429,0.084077,0.695833,0.681416,False,False
coord_003_pdb_1TEN_A_tenascin_fn3,1TEN:A,64,8d8ed99a7755983e,0.373002,0.578125,0.082764,0.695833,0.681416,False,False
coord_003_pdb_1TEN_A_tenascin_fn3,1TEN:A,65,d05da4520e1ff009,0.372502,0.584615,0.08149,0.695833,0.681416,False,False
coord_003_pdb_1TEN_A_tenascin_fn3,1TEN:A,66,dae9b8923d274043,0.368528,0.590909,0.080256,0.695833,0.681416,False,False
coord_003_pdb_1TEN_A_tenascin_fn3,1TEN:A,67,d9ad08f099d94bb2,0.3658,0.597015,0.079058,0.695833,0.681416,False,False
coord_003_pdb_1TEN_A_tenascin_fn3,1TEN:A,68,c528015c2f3d1cab,0.364499,0.588235,0.082491,0.695833,0.681416,False,False
coord_003_pdb_1TEN_A_tenascin_fn3,1TEN:A,69,d786363c83a07254,0.362803,0.57971,0.08288,0.695833,0.681416,False,False
coord_003_pdb_1TEN_A_tenascin_fn3,1TEN:A,70,fc75e2bf0fdc92bf,0.355678,0.571429,0.083482,0.695833,0.681416,False,False
coord_003_pdb_1TEN_A_tenascin_fn3,1TEN:A,71,c55f208dfa67a889,0.350594,0.577465,0.082306,0.695833,0.681416,False,False
coord_003_pdb_1TEN_A_tenascin_fn3,1TEN:A,72,d93b6f7cd016740a,0.343415,0.583333,0.081163,0.695833,0.681416,False,False
coord_003_pdb_1TEN_A_tenascin_fn3,1TEN:A,73,81ab5f118eda4653,0.342664,0.589041,0.080051,0.695833,0.681416,False,False
coord_003_pdb_1TEN_A_tenascin_fn3,1TEN:A,74,027c180332a5094e,0.340519,0.581081,0.079603,0.695833,0.681416,False,False
coord_003_pdb_1TEN_A_tenascin_fn3,1TEN:A,75,0717b13662b7f6b1,0.335134,0.573333,0.079583,0.695833,0.681416,False,False
coord_003_pdb_1TEN_A_tenascin_fn3,1TEN:A,76,4b2a53f3290547aa,0.334398,0.565789,0.081826,0.695833,0.681416,False,False
coord_003_pdb_1TEN_A_tenascin_fn3,1TEN:A,77,152c843209f904c7,0.332199,0.571429,0.080763,0.695833,0.681416,False,False
coord_003_pdb_1TEN_A_tenascin_fn3,1TEN:A,78,6be42e789ac9f80f,0.330788,0.576923,0.079728,0.695833,0.681416,False,False
coord_003_pdb_1TEN_A_tenascin_fn3,1TEN:A,79,e439c83de8b8d3c9,0.329276,0.582278,0.078718,0.695833,0.681416,False,False
coord_003_pdb_1TEN_A_tenascin_fn3,1TEN:A,80,47fa9600d04e7391,0.325623,0.575,0.080078,0.7,0.690265,False,False
coord_003_pdb_1TEN_A_tenascin_fn3,1TEN:A,81,b174822d278118a7,0.323845,0.580247,0.07909,0.7,0.690265,False,False
coord_003_pdb_1TEN_A_tenascin_fn3,1TEN:A,82,157870a995881931,0.309529,0.585366,0.078125,0.7,0.690265,False,False
coord_003_pdb_1TEN_A_tenascin_fn3,1TEN:A,83,5a7f5a0769e0fcda,0.303234,0.590361,0.077184,0.7,0.690265,False,False
coord_003_pdb_1TEN_A_tenascin_fn3,1TEN:A,84,2f45872fd8e403f0,0.297582,0.583333,0.076451,0.7,0.690265,False,False
coord_003_pdb_1TEN_A_tenascin_fn3,1TEN:A,85,a3a7c0505ead8794,0.294929,0.588235,0.075551,0.7,0.690265,False,False
coord_003_pdb_1TEN_A_tenascin_fn3,1TEN:A,86,f8a93eea89e8c037,0.293404,0.593023,0.074673,0.7,0.690265,False,False
coord_004_pdb_1CSP_A_cold_shock_protein,1CSP:A,1,748b6064c0ec92dd,0.786165,0.0,0.328125,0.118644,0.0,False,False
coord_004_pdb_1CSP_A_cold_shock_protein,1CSP:A,2,c701a220e91be65d,0.730046,0.0,0.171875,0.124294,0.0,False,False
coord_004_pdb_1CSP_A_cold_shock_protein,1CSP:A,3,18b2a143870f451f,0.684807,0.0,0.119792,0.124294,0.0,False,False
coord_004_pdb_1CSP_A_cold_shock_protein,1CSP:A,4,d451b2134ff44d71,0.660171,0.0,0.09375,0.129944,0.015385,False,False
coord_004_pdb_1CSP_A_cold_shock_protein,1CSP:A,5,fd4425dc8c386b28,0.657094,0.0,0.078125,0.129944,0.015385,False,False
coord_004_pdb_1CSP_A_cold_shock_protein,1CSP:A,6,b6dba7729357f0b5,0.656359,0.0,0.067708,0.129944,0.015385,False,False
coord_004_pdb_1CSP_A_cold_shock_protein,1CSP:A,7,9ee2aed28198ebde,0.642997,0.0,0.084821,0.19774,0.015385,False,False
coord_004_pdb_1CSP_A_cold_shock_protein,1CSP:A,8,de192c08614a40dc,0.604294,0.0,0.111328,0.242938,0.015385,False,False
coord_004_pdb_1CSP_A_cold_shock_protein,1CSP:A,9,a1e5e7e6332ba378,0.600953,0.0,0.128472,0.248588,0.015385,False,False
coord_004_pdb_1CSP_A_cold_shock_protein,1CSP:A,10,10132db011f77e1f,0.598546,0.0,0.11875,0.248588,0.015385,False,False
coord_004_pdb_1CSP_A_cold_shock_protein,1CSP:A,11,54b05907d40617c4,0.579999,0.090909,0.107955,0.248588,0.015385,False,False
coord_004_pdb_1CSP_A_cold_shock_protein,1CSP:A,12,7a6e4e6dd0692ebb,0.569968,0.083333,0.10026,0.248588,0.015385,False,False
coord_004_pdb_1CSP_A_cold_shock_protein,1CSP:A,13,6e0ebb34456e2578,0.566425,0.076923,0.09375,0.248588,0.015385,False,False
coord_004_pdb_1CSP_A_cold_shock_protein,1CSP:A,14,bd8f0a6be3528994,0.559238,0.142857,0.087054,0.248588,0.015385,False,False
coord_004_pdb_1CSP_A_cold_shock_protein,1CSP:A,15,e039cd421d3c52ab,0.531269,0.2,0.08125,0.248588,0.015385,False,False
coord_004_pdb_1CSP_A_cold_shock_protein,1CSP:A,16,96a34a1ee44253d3,0.52299,0.25,0.076172,0.248588,0.015385,False,False
coord_004_pdb_1CSP_A_cold_shock_protein,1CSP:A,17,568ecad6d32d1cbe,0.521383,0.235294,0.074449,0.265537,0.015385,False,False
coord_004_pdb_1CSP_A_cold_shock_protein,1CSP:A,18,2e90d95dfdfaff3f,0.508994,0.222222,0.074653,0.265537,0.015385,False,False
coord_004_pdb_1CSP_A_cold_shock_protein,1CSP:A,19,52aa6661d623e5e5,0.50621,0.263158,0.070724,0.265537,0.015385,False,False
coord_004_pdb_1CSP_A_cold_shock_protein,1CSP:A,20,02883323b47d2e47,0.504565,0.25,0.084375,0.389831,0.015385,False,False
coord_004_pdb_1CSP_A_cold_shock_protein,1CSP:A,21,cfb844d56016c964,0.5045,0.285714,0.080357,0.389831,0.015385,False,False
coord_004_pdb_1CSP_A_cold_shock_protein,1CSP:A,22,8dfc8dc48f3db4e3,0.502405,0.318182,0.076705,0.389831,0.015385,False,False
coord_004_pdb_1CSP_A_cold_shock_protein,1CSP:A,23,ce2dc606a32b0238,0.501974,0.347826,0.07337,0.389831,0.015385,False,False
coord_004_pdb_1CSP_A_cold_shock_protein,1CSP:A,24,a5afbc73e22ebd4a,0.499772,0.333333,0.076172,0.389831,0.015385,False,False
coord_004_pdb_1CSP_A_cold_shock_protein,1CSP:A,25,139ccbc494e28e1c,0.459726,0.36,0.073125,0.389831,0.015385,False,False
coord_004_pdb_1CSP_A_cold_shock_protein,1CSP:A,26,3b2881f9be3a3892,0.457091,0.384615,0.070312,0.389831,0.015385,False,False
coord_004_pdb_1CSP_A_cold_shock_protein,1CSP:A,27,33f5dc4c0aca6ad9,0.452757,0.407407,0.067708,0.389831,0.015385,False,False
coord_004_pdb_1CSP_A_cold_shock_protein,1CSP:A,28,dd090083a0df92e6,0.451241,0.428571,0.06529,0.389831,0.015385,False,False
coord_004_pdb_1CSP_A_cold_shock_protein,1CSP:A,29,2b3e66753b50f2b8,0.437767,0.413793,0.065194,0.389831,0.015385,False,False
coord_004_pdb_1CSP_A_cold_shock_protein,1CSP:A,30,c250de40ae3a4d50,0.429075,0.4,0.066146,0.423729,0.107692,False,False
coord_004_pdb_1CSP_A_cold_shock_protein,1CSP:A,31,c1944e79d9b17464,0.422606,0.387097,0.06502,0.435028,0.138462,False,False
coord_004_pdb_1CSP_A_cold_shock_protein,1CSP:A,32,f7c2dd60b662beba,0.414849,0.40625,0.062988,0.435028,0.138462,False,False
coord_004_pdb_1CSP_A_cold_shock_protein,1CSP:A,33,440a7fd3097fab38,0.41336,0.424242,0.06108,0.435028,0.138462,False,False
coord_004_pdb_1CSP_A_cold_shock_protein,1CSP:A,34,45ecfcf21dfdf878,0.409401,0.411765,0.060202,0.435028,0.138462,False,False
coord_004_pdb_1CSP_A_cold_shock_protein,1CSP:A,35,c15d5e407f3f8b4b,0.407544,0.428571,0.058482,0.435028,0.138462,False,False
coord_004_pdb_1CSP_A_cold_shock_protein,1CSP:A,36,2e1fa4d2ecc39f1d,0.399839,0.444444,0.056858,0.435028,0.138462,False,False
coord_004_pdb_1CSP_A_cold_shock_protein,1CSP:A,37,0c9a4f9ce93d7d27,0.390895,0.459459,0.055321,0.435028,0.138462,False,False
coord_004_pdb_1CSP_A_cold_shock_protein,1CSP:A,38,37210d840f745780,0.387955,0.473684,0.053865,0.435028,0.138462,False,False
coord_004_pdb_1CSP_A_cold_shock_protein,1CSP:A,39,a2d95be115bd08e1,0.385846,0.487179,0.052484,0.435028,0.138462,False,False
coord_004_pdb_1CSP_A_cold_shock_protein,1CSP:A,40,c1ffd21b93a8bd15,0.384888,0.5,0.051172,0.435028,0.138462,False,False
coord_004_pdb_1CSP_A_cold_shock_protein,1CSP:A,41,fecce4020808f561,0.373858,0.512195,0.049924,0.435028,0.138462,False,False
coord_004_pdb_1CSP_A_cold_shock_protein,1CSP:A,42,e3232deaff95d440,0.37311,0.52381,0.048735,0.435028,0.138462,False,False
coord_004_pdb_1CSP_A_cold_shock_protein,1CSP:A,43,4ddac57caf08bf62,0.366916,0.534884,0.047602,0.435028,0.138462,False,False
coord_004_pdb_1CSP_A_cold_shock_protein,1CSP:A,44,377f665ef0befe71,0.3643,0.522727,0.051847,0.519774,0.369231,False,False
coord_004_pdb_1CSP_A_cold_shock_protein,1CSP:A,45,eeba6189ef761da7,0.349741,0.511111,0.053819,0.519774,0.369231,False,False
coord_004_pdb_1CSP_A_cold_shock_protein,1CSP:A,46,bd9a5dcc264507f3,0.334175,0.521739,0.052649,0.519774,0.369231,False,False
coord_004_pdb_1CSP_A_cold_shock_protein,1CSP:A,47,aa89ce1be5403824,0.332345,0.510638,0.058178,0.59887,0.584615,False,False
coord_004_pdb_1CSP_A_cold_shock_protein,1CSP:A,48,68310f20810012b2,0.322754,0.520833,0.056966,0.59887,0.584615,False,False
coord_004_pdb_1CSP_A_cold_shock_protein,1CSP:A,49,88e9ee7476f19b7a,0.322691,0.510204,0.057398,0.59887,0.584615,False,False
coord_004_pdb_1CSP_A_cold_shock_protein,1CSP:A,50,22eab71d360cbfb4,0.31776,0.5,0.059687,0.661017,0.753846,False,False
coord_004_pdb_1CSP_A_cold_shock_protein,1CSP:A,51,f5c2081f9b2dfd72,0.306918,0.490196,0.060355,0.661017,0.753846,False,False
coord_004_pdb_1CSP_A_cold_shock_protein,1CSP:A,52,11e1a47e6b9d663d,0.300623,0.480769,0.065505,0.683616,0.815385,False,False
coord_004_pdb_1CSP_A_cold_shock_protein,1CSP:A,53,c0de5af478fb902f,0.300319,0.471698,0.071639,0.683616,0.815385,False,False
coord_004_pdb_1CSP_A_cold_shock_protein,1CSP:A,54,1ec2ce8e4fa77872,0.294656,0.462963,0.071759,0.683616,0.815385,False,False
coord_004_pdb_1CSP_A_cold_shock_protein,1CSP:A,55,ce8a09649713c3f2,0.285904,0.454545,0.070739,0.689266,0.830769,False,False
coord_004_pdb_1CSP_A_cold_shock_protein,1CSP:A,56,0845d8b10d68ad83,0.284566,0.446429,0.073382,0.734463,0.953846,False,False
coord_004_pdb_1CSP_A_cold_shock_protein,1CSP:A,57,1b6d1d4009532632,0.279261,0.438596,0.072368,0.734463,0.953846,False,False
coord_005_pdb_1TIM_A_triosephosphate_isomerase,1TIM:A,1,3a92659c3398f7e1,0.94722,0.0,0.234375,0.02069,0.047319,False,False
coord_005_pdb_1TIM_A_triosephosphate_isomerase,1TIM:A,2,c01604513745908b,0.933609,0.5,0.117188,0.02069,0.047319,False,False
coord_005_pdb_1TIM_A_triosephosphate_isomerase,1TIM:A,3,c8dcea1422f60869,0.931367,0.333333,0.182292,0.048276,0.11041,False,False
coord_005_pdb_1TIM_A_triosephosphate_isomerase,1TIM:A,4,d7579d7232e8d440,0.929222,0.5,0.136719,0.048276,0.11041,False,False
coord_005_pdb_1TIM_A_triosephosphate_isomerase,1TIM:A,5,df63842c9cae3906,0.909047,0.4,0.13125,0.057931,0.11041,False,False
coord_005_pdb_1TIM_A_triosephosphate_isomerase,1TIM:A,6,5c4251d4a0d1c221,0.899978,0.333333,0.171875,0.071724,0.141956,False,False
coord_005_pdb_1TIM_A_triosephosphate_isomerase,1TIM:A,7,4ad66fa1adcd0c25,0.874572,0.285714,0.162946,0.074483,0.141956,False,False
coord_005_pdb_1TIM_A_triosephosphate_isomerase,1TIM:A,8,c7a3f6448732db15,0.86892,0.25,0.171875,0.095172,0.189274,False,False
coord_005_pdb_1TIM_A_triosephosphate_isomerase,1TIM:A,9,b65e8310d25fe854,0.867927,0.333333,0.152778,0.095172,0.189274,False,False
coord_005_pdb_1TIM_A_triosephosphate_isomerase,1TIM:A,10,115c91bd28e53f64,0.863865,0.4,0.1375,0.095172,0.189274,False,False
coord_005_pdb_1TIM_A_triosephosphate_isomerase,1TIM:A,11,9c4a818b96d9a6f8,0.862227,0.363636,0.129261,0.09931,0.198738,False,False
coord_005_pdb_1TIM_A_triosephosphate_isomerase,1TIM:A,12,0ee1e3d0b27f0079,0.860355,0.333333,0.125,0.09931,0.198738,False,False
coord_005_pdb_1TIM_A_triosephosphate_isomerase,1TIM:A,13,f2dcc1d009c2c2bf,0.859955,0.384615,0.115385,0.09931,0.198738,False,False
coord_005_pdb_1TIM_A_triosephosphate_isomerase,1TIM:A,14,af0df381cd4efa7a,0.859926,0.428571,0.107143,0.09931,0.198738,False,False
coord_005_pdb_1TIM_A_triosephosphate_isomerase,1TIM:A,15,ce45179961e49761,0.858889,0.466667,0.1,0.09931,0.198738,False,False
coord_005_pdb_1TIM_A_triosephosphate_isomerase,1TIM:A,16,4b80615f45b5b0b8,0.852949,0.4375,0.109375,0.103448,0.208202,False,False
coord_005_pdb_1TIM_A_triosephosphate_isomerase,1TIM:A,17,60eb6c34ae82e564,0.852478,0.411765,0.10386,0.103448,0.208202,False,False
coord_005_pdb_1TIM_A_triosephosphate_isomerase,1TIM:A,18,21e57127a20bc2bf,0.8418,0.388889,0.098958,0.104828,0.211356,False,False
coord_005_pdb_1TIM_A_triosephosphate_isomerase,1TIM:A,19,acf5ec9f8333f3df,0.8418,0.368421,0.095395,0.106207,0.214511,False,False
coord_005_pdb_1TIM_A_triosephosphate_isomerase,1TIM:A,20,ce32cefe6c022f60,0.839865,0.4,0.090625,0.106207,0.214511,False,False
coord_005_pdb_1TIM_A_triosephosphate_isomerase,1TIM:A,21,3586022314214ca6,0.838388,0.428571,0.08631,0.106207,0.214511,False,False
coord_005_pdb_1TIM_A_triosephosphate_isomerase,1TIM:A,22,6effbc3fed57e50f,0.829264,0.409091,0.09446,0.111724,0.227129,False,False
coord_005_pdb_1TIM_A_triosephosphate_isomerase,1TIM:A,23,2ee733fa1fb77324,0.823822,0.391304,0.091712,0.114483,0.233438,False,False
coord_005_pdb_1TIM_A_triosephosphate_isomerase,1TIM:A,24,0e334c3d2bac5020,0.818954,0.375,0.099609,0.135172,0.280757,False,False
coord_005_pdb_1TIM_A_triosephosphate_isomerase,1TIM:A,25,a8089966d6a43f69,0.816193,0.4,0.095625,0.135172,0.280757,False,False
coord_005_pdb_1TIM_A_triosephosphate_isomerase,1TIM:A,26,45ebb112fa5f4a90,0.813295,0.423077,0.091947,0.135172,0.280757,False,False
coord_005_pdb_1TIM_A_triosephosphate_isomerase,1TIM:A,27,727e1742d38bf3ee,0.812383,0.407407,0.090278,0.135172,0.280757,False,False
coord_005_pdb_1TIM_A_triosephosphate_isomerase,1TIM:A,28,f45539b9d0da99eb,0.810503,0.428571,0.087054,0.135172,0.280757,False,False
coord_005_pdb_1TIM_A_triosephosphate_isomerase,1TIM:A,29,8793c01b35ba3c20,0.810503,0.448276,0.084052,0.135172,0.280757,False,False
coord_005_pdb_1TIM_A_triosephosphate_isomerase,1TIM:A,30,1bec9eb09d69eea8,0.80798,0.466667,0.08125,0.135172,0.280757,False,False
coord_005_pdb_1TIM_A_triosephosphate_isomerase,1TIM:A,31,698f258019171678,0.80352,0.483871,0.078629,0.135172,0.280757,False,False
coord_005_pdb_1TIM_A_triosephosphate_isomerase,1TIM:A,32,e7f9eb955d91744b,0.800404,0.5,0.076172,0.135172,0.280757,False,False
coord_005_pdb_1TIM_A_triosephosphate_isomerase,1TIM:A,33,7bba8ca126a6a442,0.800263,0.515152,0.073864,0.135172,0.280757,False,False
coord_005_pdb_1TIM_A_triosephosphate_isomerase,1TIM:A,34,5ebc62eb49abd113,0.799112,0.5,0.074449,0.137931,0.287066,False,False
coord_005_pdb_1TIM_A_triosephosphate_isomerase,1TIM:A,35,165e1a429f6c1dbe,0.79247,0.485714,0.082143,0.148966,0.312303,False,False
coord_005_pdb_1TIM_A_triosephosphate_isomerase,1TIM:A,36,bd2fe77421f71f4e,0.791226,0.472222,0.081597,0.148966,0.312303,False,False
coord_005_pdb_1TIM_A_triosephosphate_isomerase,1TIM:A,37,214b84fa03118c0e,0.790428,0.486486,0.079392,0.148966,0.312303,False,False
coord_005_pdb_1TIM_A_triosephosphate_isomerase,1TIM:A,38,30a67bb705ddf1fb,0.790213,0.5,0.077303,0.148966,0.312303,False,False
coord_005_pdb_1TIM_A_triosephosphate_isomerase,1TIM:A,39,2e279b9b419e23cb,0.788384,0.512821,0.075321,0.148966,0.312303,False,False
coord_005_pdb_1TIM_A_triosephosphate_isomerase,1TIM:A,40,687f5226dff29418,0.787078,0.5,0.082812,0.161379,0.340694,False,False
coord_005_pdb_1TIM_A_triosephosphate_isomerase,1TIM:A,41,b80ddeb604d1f04d,0.785385,0.512195,0.080793,0.161379,0.340694,False,False
coord_005_pdb_1TIM_A_triosephosphate_isomerase,1TIM:A,42,e2b0bab80264bcb1,0.784688,0.5,0.079241,0.161379,0.340694,False,False
coord_005_pdb_1TIM_A_triosephosphate_isomerase,1TIM:A,43,32bdf095fbb928ca,0.784626,0.511628,0.077398,0.161379,0.340694,False,False
coord_005_pdb_1TIM_A_triosephosphate_isomerase,1TIM:A,44,149066282efcab59,0.780222,0.522727,0.075639,0.161379,0.340694,False,False
coord_005_pdb_1TIM_A_triosephosphate_isomerase,1TIM:A,45,7b1c578d33205802,0.778076,0.511111,0.075694,0.166897,0.353312,False,False
coord_005_pdb_1TIM_A_triosephosphate_isomerase,1TIM:A,46,e28745fbe9944ed9,0.777656,0.521739,0.074049,0.166897,0.353312,False,False
coord_005_pdb_1TIM_A_triosephosphate_isomerase,1TIM:A,47,2624e4fad5a86c34,0.776081,0.531915,0.072473,0.166897,0.353312,False,False
coord_005_pdb_1TIM_A_triosephosphate_isomerase,1TIM:A,48,832c4822e6ae5981,0.774788,0.520833,0.076172,0.166897,0.353312,False,False
coord_005_pdb_1TIM_A_triosephosphate_isomerase,1TIM:A,49,a8915bc1759ecf80,0.773444,0.510204,0.079719,0.168276,0.356467,False,False
coord_005_pdb_1TIM_A_triosephosphate_isomerase,1TIM:A,50,bfd4c206f43a5063,0.772815,0.52,0.078125,0.168276,0.356467,False,False
coord_005_pdb_1TIM_A_triosephosphate_isomerase,1TIM:A,51,ac38bcd5c26bdede,0.771211,0.509804,0.0769,0.169655,0.359621,False,False
coord_005_pdb_1TIM_A_triosephosphate_isomerase,1TIM:A,52,26e501e7ef70ba9c,0.764211,0.519231,0.075421,0.169655,0.359621,False,False
coord_005_pdb_1TIM_A_triosephosphate_isomerase,1TIM:A,53,5931cd9a90f3f6ff,0.760847,0.509434,0.074587,0.169655,0.359621,False,False
coord_005_pdb_1TIM_A_triosephosphate_isomerase,1TIM:A,54,34505d7d8e8ceff9,0.760751,0.518519,0.073206,0.169655,0.359621,False,False
coord_005_pdb_1TIM_A_triosephosphate_isomerase,1TIM:A,55,c914296037ebb0cd,0.758231,0.527273,0.071875,0.169655,0.359621,False,False
coord_005_pdb_1TIM_A_triosephosphate_isomerase,1TIM:A,56,0840e117d4b4e1f8,0.755754,0.535714,0.070592,0.169655,0.359621,False,False
coord_005_pdb_1TIM_A_triosephosphate_isomerase,1TIM:A,57,afc65f94f6fba15b,0.752491,0.54386,0.069353,0.169655,0.359621,False,False
coord_005_pdb_1TIM_A_triosephosphate_isomerase,1TIM:A,58,361f53f750008952,0.752491,0.551724,0.068157,0.169655,0.359621,False,False
coord_005_pdb_1TIM_A_triosephosphate_isomerase,1TIM:A,59,1972cd4ba63e2ecc,0.752005,0.542373,0.067532,0.169655,0.359621,False,False
coord_005_pdb_1TIM_A_triosephosphate_isomerase,1TIM:A,60,c857e49c082b5249,0.751979,0.533333,0.066667,0.169655,0.359621,False,False
coord_005_pdb_1TIM_A_triosephosphate_isomerase,1TIM:A,61,7d1f8fc48e06b6d7,0.750303,0.52459,0.069416,0.169655,0.359621,False,False
coord_005_pdb_1TIM_A_triosephosphate_isomerase,1TIM:A,62,26ceb9beb9b34610,0.749316,0.516129,0.071573,0.187586,0.359621,False,False
coord_005_pdb_1TIM_A_triosephosphate_isomerase,1TIM:A,63,b07e7c5794125930,0.745538,0.507937,0.071181,0.187586,0.359621,False,False
coord_005_pdb_1TIM_A_triosephosphate_isomerase,1TIM:A,64,5bb235985d3fc790,0.742489,0.515625,0.070068,0.187586,0.359621,False,False
coord_005_pdb_1TIM_A_triosephosphate_isomerase,1TIM:A,65,83cad7125f85a198,0.742451,0.523077,0.06899,0.187586,0.359621,False,False
coord_005_pdb_1TIM_A_triosephosphate_isomerase,1TIM:A,66,cf2e7616b644c384,0.742451,0.530303,0.067945,0.187586,0.359621,False,False
coord_005_pdb_1TIM_A_triosephosphate_isomerase,1TIM:A,67,15948d98bb59865d,0.741018,0.522388,0.067631,0.191724,0.369085,False,False
coord_005_pdb_1TIM_A_triosephosphate_isomerase,1TIM:A,68,387d05988fab2389,0.735629,0.529412,0.066636,0.191724,0.369085,False,False
coord_005_pdb_1TIM_A_triosephosphate_isomerase,1TIM:A,69,5cb6a13e0530f82b,0.734676,0.536232,0.06567,0.191724,0.369085,False,False
coord_005_pdb_1TIM_A_triosephosphate_isomerase,1TIM:A,70,a3230c6fe4f6d725,0.728055,0.528571,0.064955,0.191724,0.369085,False,False
coord_005_pdb_1TIM_A_triosephosphate_isomerase,1TIM:A,71,b3d516a47410c762,0.72741,0.535211,0.06404,0.191724,0.369085,False,False
coord_005_pdb_1TIM_A_triosephosphate_isomerase,1TIM:A,72,6f5c29964df397fa,0.725765,0.541667,0.063151,0.191724,0.369085,False,False
coord_005_pdb_1TIM_A_triosephosphate_isomerase,1TIM:A,73,56e30856f2835169,0.72572,0.547945,0.062286,0.191724,0.369085,False,False
coord_005_pdb_1TIM_A_triosephosphate_isomerase,1TIM:A,74,f61e191996c7090c,0.72572,0.554054,0.061444,0.191724,0.369085,False,False
coord_005_pdb_1TIM_A_triosephosphate_isomerase,1TIM:A,75,8a38c55728114f87,0.725246,0.56,0.060625,0.191724,0.369085,False,False
coord_005_pdb_1TIM_A_triosephosphate_isomerase,1TIM:A,76,62c15223b20e19ba,0.724884,0.565789,0.059827,0.191724,0.369085,False,False
coord_005_pdb_1TIM_A_triosephosphate_isomerase,1TIM:A,77,b41c76a6226412ec,0.72436,0.571429,0.05905,0.191724,0.369085,False,False
coord_005_pdb_1TIM_A_triosephosphate_isomerase,1TIM:A,78,1835665444086ee7,0.721316,0.564103,0.058494,0.191724,0.369085,False,False
coord_005_pdb_1TIM_A_triosephosphate_isomerase,1TIM:A,79,9b56f1f64d56c50b,0.720799,0.556962,0.059335,0.197241,0.381703,False,False
coord_005_pdb_1TIM_A_triosephosphate_isomerase,1TIM:A,80,4ad09a8b02c6c0e7,0.718109,0.5625,0.058594,0.197241,0.381703,False,False
coord_005_pdb_1TIM_A_triosephosphate_isomerase,1TIM:A,81,e20cb9dfc42a92e7,0.717679,0.567901,0.05787,0.197241,0.381703,False,False
coord_005_pdb_1TIM_A_triosephosphate_isomerase,1TIM:A,82,d2232f031929d3c1,0.715901,0.573171,0.057165,0.197241,0.381703,False,False
coord_005_pdb_1TIM_A_triosephosphate_isomerase,1TIM:A,83,5404402b5eb4f384,0.713732,0.566265,0.056664,0.198621,0.384858,False,False
coord_005_pdb_1TIM_A_triosephosphate_isomerase,1TIM:A,84,dab6b4a5a3a95318,0.713194,0.559524,0.05785,0.211034,0.413249,False,False
coord_005_pdb_1TIM_A_triosephosphate_isomerase,1TIM:A,85,6dc052d830b6d8f3,0.706652,0.552941,0.061765,0.231724,0.460568,False,False
coord_005_pdb_1TIM_A_triosephosphate_isomerase,1TIM:A,86,0eea95b7113f3c20,0.706094,0.546512,0.064499,0.237241,0.473186,False,False
coord_005_pdb_1TIM_A_triosephosphate_isomerase,1TIM:A,87,d9d518e74967aaae,0.700551,0.551724,0.063757,0.237241,0.473186,False,False
coord_005_pdb_1TIM_A_triosephosphate_isomerase,1TIM:A,88,ecf366ab16c0fa3d,0.700335,0.556818,0.063033,0.237241,0.473186,False,False
coord_005_pdb_1TIM_A_triosephosphate_isomerase,1TIM:A,89,8a6556e6f19eba9a,0.698282,0.550562,0.063904,0.24,0.473186,False,False
coord_005_pdb_1TIM_A_triosephosphate_isomerase,1TIM:A,90,5987386de28fb74a,0.696826,0.555556,0.063194,0.24,0.473186,False,False
coord_005_pdb_1TIM_A_triosephosphate_isomerase,1TIM:A,91,a568a420304ea86e,0.694434,0.549451,0.064904,0.241379,0.476341,False,False
coord_005_pdb_1TIM_A_triosephosphate_isomerase,1TIM:A,92,c75f7ab8941abb78,0.692325,0.543478,0.067086,0.245517,0.485804,False,False
coord_005_pdb_1TIM_A_triosephosphate_isomerase,1TIM:A,93,7033f1b00dbc1f82,0.690259,0.548387,0.066364,0.245517,0.485804,False,False
coord_005_pdb_1TIM_A_triosephosphate_isomerase,1TIM:A,94,3d971fc7cd6a4771,0.688348,0.553191,0.065658,0.245517,0.485804,False,False
coord_005_pdb_1TIM_A_triosephosphate_isomerase,1TIM:A,95,08f4e7baa2c9dc44,0.687812,0.557895,0.064967,0.245517,0.485804,False,False
coord_005_pdb_1TIM_A_triosephosphate_isomerase,1TIM:A,96,ad829ef96f413000,0.687538,0.5625,0.06429,0.245517,0.485804,False,False
coord_005_pdb_1TIM_A_triosephosphate_isomerase,1TIM:A,97,1b93bebe1c0c9530,0.687255,0.556701,0.066044,0.262069,0.485804,False,False
coord_005_pdb_1TIM_A_triosephosphate_isomerase,1TIM:A,98,adcb14f387cd6eb6,0.687255,0.55102,0.069675,0.264828,0.485804,False,False
coord_005_pdb_1TIM_A_triosephosphate_isomerase,1TIM:A,99,eee91853519b6538,0.687129,0.555556,0.068971,0.264828,0.485804,False,False
coord_005_pdb_1TIM_A_triosephosphate_isomerase,1TIM:A,100,22f90003e1b11889,0.686931,0.56,0.068281,0.264828,0.485804,False,False
coord_006_pdb_1PGA_A_protein_g_b1,1PGA:A,1,edb2e3f9d6c2c81e,0.546099,1.0,0.0,0.0,0.0,False,False
coord_006_pdb_1PGA_A_protein_g_b1,1PGA:A,2,20bd39974dd18d36,0.544997,0.5,0.007812,0.007299,0.029412,False,False
coord_006_pdb_1PGA_A_protein_g_b1,1PGA:A,3,716dac20bd4eedb3,0.51404,0.333333,0.015625,0.014599,0.058824,False,False
coord_006_pdb_1PGA_A_protein_g_b1,1PGA:A,4,b784be68c634d390,0.512589,0.25,0.015625,0.014599,0.058824,False,False
coord_006_pdb_1PGA_A_protein_g_b1,1PGA:A,5,377fa584297b72f8,0.508562,0.4,0.0125,0.014599,0.058824,False,False
coord_006_pdb_1PGA_A_protein_g_b1,1PGA:A,6,bc3128744860478f,0.500809,0.5,0.010417,0.014599,0.058824,False,False
coord_006_pdb_1PGA_A_protein_g_b1,1PGA:A,7,60db7df8af64dae1,0.487655,0.571429,0.008929,0.014599,0.058824,False,False
coord_006_pdb_1PGA_A_protein_g_b1,1PGA:A,8,c9dd101cd0042642,0.485797,0.625,0.007812,0.014599,0.058824,False,False
coord_006_pdb_1PGA_A_protein_g_b1,1PGA:A,9,e10ab0e3b8815e64,0.481453,0.666667,0.006944,0.014599,0.058824,False,False
coord_006_pdb_1PGA_A_protein_g_b1,1PGA:A,10,54bbf7430c23478f,0.472371,0.6,0.007812,0.014599,0.058824,False,False
coord_006_pdb_1PGA_A_protein_g_b1,1PGA:A,11,d7f0ec7a73530fad,0.45678,0.545455,0.012784,0.043796,0.058824,False,False
coord_006_pdb_1PGA_A_protein_g_b1,1PGA:A,12,e1c1890e625a6ff9,0.456134,0.583333,0.011719,0.043796,0.058824,False,False
coord_006_pdb_1PGA_A_protein_g_b1,1PGA:A,13,cf9d1baf7f2d6848,0.453194,0.538462,0.013221,0.043796,0.058824,False,False
coord_006_pdb_1PGA_A_protein_g_b1,1PGA:A,14,f9d7761eae04c6a8,0.450865,0.5,0.016741,0.072993,0.058824,False,False
coord_006_pdb_1PGA_A_protein_g_b1,1PGA:A,15,2d2cb4074f27b92b,0.446557,0.466667,0.016667,0.072993,0.058824,False,False
coord_006_pdb_1PGA_A_protein_g_b1,1PGA:A,16,a4ba2f14f847bef9,0.446244,0.4375,0.033203,0.175182,0.058824,False,False
coord_006_pdb_1PGA_A_protein_g_b1,1PGA:A,17,8d7511507c1c39be,0.44379,0.470588,0.03125,0.175182,0.058824,False,False
coord_006_pdb_1PGA_A_protein_g_b1,1PGA:A,18,52d535e82f09cb8d,0.432925,0.444444,0.043403,0.291971,0.058824,False,False
coord_006_pdb_1PGA_A_protein_g_b1,1PGA:A,19,b40de1174285e775,0.430496,0.421053,0.044408,0.29927,0.058824,False,False
coord_006_pdb_1PGA_A_protein_g_b1,1PGA:A,20,962f90f0165b19fa,0.419022,0.4,0.04375,0.306569,0.088235,False,False
coord_006_pdb_1PGA_A_protein_g_b1,1PGA:A,21,0b839e3bbab7942b,0.418466,0.428571,0.041667,0.306569,0.088235,False,False
coord_006_pdb_1PGA_A_protein_g_b1,1PGA:A,22,bd9824738068bd4b,0.407783,0.454545,0.039773,0.306569,0.088235,False,False
coord_006_pdb_1PGA_A_protein_g_b1,1PGA:A,23,8a7fdd8ffebe4e45,0.407225,0.434783,0.038723,0.306569,0.088235,False,False
coord_006_pdb_1PGA_A_protein_g_b1,1PGA:A,24,7dae18d892b822e4,0.406908,0.458333,0.037109,0.306569,0.088235,False,False
coord_006_pdb_1PGA_A_protein_g_b1,1PGA:A,25,8ead76856d54eadd,0.404094,0.44,0.051875,0.40146,0.088235,False,False
coord_006_pdb_1PGA_A_protein_g_b1,1PGA:A,26,f9c4a165cba72b36,0.402763,0.461538,0.04988,0.40146,0.088235,False,False
coord_006_pdb_1PGA_A_protein_g_b1,1PGA:A,27,ac0f2c170995dbfc,0.402527,0.481481,0.048032,0.40146,0.088235,False,False
coord_006_pdb_1PGA_A_protein_g_b1,1PGA:A,28,8c53818185f5a6cc,0.394895,0.5,0.046317,0.40146,0.088235,False,False
coord_006_pdb_1PGA_A_protein_g_b1,1PGA:A,29,6dad1517c73bf92d,0.390018,0.482759,0.045259,0.40146,0.088235,False,False
coord_006_pdb_1PGA_A_protein_g_b1,1PGA:A,30,84e26c4db1c3a597,0.383551,0.5,0.04375,0.40146,0.088235,False,False
coord_006_pdb_1PGA_A_protein_g_b1,1PGA:A,31,eacd85570a92b8de,0.383142,0.516129,0.042339,0.40146,0.088235,False,False
coord_006_pdb_1PGA_A_protein_g_b1,1PGA:A,32,2237295a0bc08991,0.380522,0.5,0.041504,0.40146,0.088235,False,False
coord_006_pdb_1PGA_A_protein_g_b1,1PGA:A,33,dd2f6ea12137dfde,0.378679,0.484848,0.04072,0.40146,0.088235,False,False
coord_006_pdb_1PGA_A_protein_g_b1,1PGA:A,34,455316fadbc0f299,0.366712,0.470588,0.044577,0.481752,0.411765,False,False
coord_006_pdb_1PGA_A_protein_g_b1,1PGA:A,35,f69344f9452f3703,0.363204,0.485714,0.043304,0.481752,0.411765,False,False
coord_006_pdb_1PGA_A_protein_g_b1,1PGA:A,36,66372d5c97e3dfb2,0.361393,0.472222,0.050347,0.591241,0.852941,False,False
coord_006_pdb_1PGA_A_protein_g_b1,1PGA:A,37,e0f1040707e2eb88,0.341913,0.486486,0.048986,0.591241,0.852941,False,False
coord_006_pdb_1PGA_A_protein_g_b1,1PGA:A,38,828302503f5a1809,0.332654,0.473684,0.049342,0.591241,0.852941,False,False
coord_006_pdb_1PGA_A_protein_g_b1,1PGA:A,39,4cd7b3c1ee8dbc5f,0.317658,0.487179,0.048077,0.591241,0.852941,False,False
coord_006_pdb_1PGA_A_protein_g_b1,1PGA:A,40,80835723d2e722b7,0.308617,0.5,0.046875,0.591241,0.852941,False,False
coord_006_pdb_1PGA_A_protein_g_b1,1PGA:A,41,1b8ffb620e9036b2,0.306424,0.487805,0.046113,0.59854,0.882353,False,False
coord_006_pdb_1PGA_A_protein_g_b1,1PGA:A,42,7c389e7788d0b867,0.294365,0.47619,0.046503,0.627737,1.0,False,False
coord_006_pdb_1PGA_A_protein_g_b1,1PGA:A,43,3919c4e3c7c3f546,0.24925,0.465116,0.053416,0.627737,1.0,False,False
coord_007_pdb_4AKE_A_adenylate_kinase,4AKE:A,1,c206363ae742f08b,0.886059,1.0,0.0,0.0,0.0,False,False
coord_007_pdb_4AKE_A_adenylate_kinase,4AKE:A,2,740d5b5b7db76d6b,0.870732,1.0,0.0,0.0,0.0,False,False
coord_007_pdb_4AKE_A_adenylate_kinase,4AKE:A,3,92c1ebb8df3a19bb,0.824805,1.0,0.0,0.0,0.0,False,False
coord_007_pdb_4AKE_A_adenylate_kinase,4AKE:A,4,336759ab9ec2834f,0.809916,1.0,0.0,0.0,0.0,False,False
coord_007_pdb_4AKE_A_adenylate_kinase,4AKE:A,5,c06efc5711e49626,0.785769,1.0,0.0,0.0,0.0,False,False
coord_007_pdb_4AKE_A_adenylate_kinase,4AKE:A,6,1d3de8ad72425637,0.785769,1.0,0.0,0.0,0.0,False,False
coord_007_pdb_4AKE_A_adenylate_kinase,4AKE:A,7,e491f16bbcc15e9b,0.778653,1.0,0.0,0.0,0.0,False,False
coord_007_pdb_4AKE_A_adenylate_kinase,4AKE:A,8,d608c937e4892fcc,0.777904,1.0,0.0,0.0,0.0,False,False
coord_007_pdb_4AKE_A_adenylate_kinase,4AKE:A,9,ba2b8a116a713e25,0.772821,1.0,0.0,0.0,0.0,False,False
coord_007_pdb_4AKE_A_adenylate_kinase,4AKE:A,10,0d3d5d106bf28a92,0.746361,1.0,0.0,0.0,0.0,False,False
coord_007_pdb_4AKE_A_adenylate_kinase,4AKE:A,11,4467c3a34586e347,0.71591,1.0,0.0,0.0,0.0,False,False
coord_007_pdb_4AKE_A_adenylate_kinase,4AKE:A,12,86ad9aff672cef1d,0.715036,0.916667,0.001302,0.001789,0.005181,False,False
coord_007_pdb_4AKE_A_adenylate_kinase,4AKE:A,13,d6196abc7cda5cb7,0.715036,0.923077,0.001202,0.001789,0.005181,False,False
coord_007_pdb_4AKE_A_adenylate_kinase,4AKE:A,14,b1d23567c80dfef3,0.707939,0.857143,0.002232,0.003578,0.005181,False,False
coord_007_pdb_4AKE_A_adenylate_kinase,4AKE:A,15,86e96b9f63f32101,0.691752,0.866667,0.002083,0.003578,0.005181,False,False
coord_007_pdb_4AKE_A_adenylate_kinase,4AKE:A,16,514f13dbe511303b,0.688969,0.8125,0.00293,0.003578,0.005181,False,False
coord_007_pdb_4AKE_A_adenylate_kinase,4AKE:A,17,0ac459b51d3d8932,0.684493,0.823529,0.002757,0.003578,0.005181,False,False
coord_007_pdb_4AKE_A_adenylate_kinase,4AKE:A,18,7a16e81fe490089d,0.681129,0.777778,0.013021,0.023256,0.005181,False,False
coord_007_pdb_4AKE_A_adenylate_kinase,4AKE:A,19,4b909d2f82eb53e7,0.677581,0.789474,0.012336,0.023256,0.005181,False,False
coord_007_pdb_4AKE_A_adenylate_kinase,4AKE:A,20,03bdae9008b01448,0.675144,0.8,0.011719,0.023256,0.005181,False,False
coord_007_pdb_4AKE_A_adenylate_kinase,4AKE:A,21,daa5ca9f8cde82eb,0.670368,0.761905,0.018601,0.023256,0.005181,False,False
coord_007_pdb_4AKE_A_adenylate_kinase,4AKE:A,22,58dc5605d8f5d129,0.657798,0.772727,0.017756,0.023256,0.005181,False,False
coord_007_pdb_4AKE_A_adenylate_kinase,4AKE:A,23,2c8bb6131cbe9575,0.653796,0.782609,0.016984,0.023256,0.005181,False,False
coord_007_pdb_4AKE_A_adenylate_kinase,4AKE:A,24,9edf49abb2ad3d8e,0.653406,0.791667,0.016276,0.023256,0.005181,False,False
coord_007_pdb_4AKE_A_adenylate_kinase,4AKE:A,25,fd75ba26ec54d37e,0.6531,0.8,0.015625,0.023256,0.005181,False,False
coord_007_pdb_4AKE_A_adenylate_kinase,4AKE:A,26,cea8679bef8542b8,0.650933,0.769231,0.015625,0.025045,0.010363,False,False
coord_007_pdb_4AKE_A_adenylate_kinase,4AKE:A,27,a3c01f200aafd03e,0.65033,0.777778,0.015046,0.025045,0.010363,False,False
coord_007_pdb_4AKE_A_adenylate_kinase,4AKE:A,28,a8ae12aac345b7cd,0.649793,0.75,0.015067,0.025045,0.010363,False,False
coord_007_pdb_4AKE_A_adenylate_kinase,4AKE:A,29,b4c113751df642b4,0.641469,0.758621,0.014547,0.025045,0.010363,False,False
coord_007_pdb_4AKE_A_adenylate_kinase,4AKE:A,30,5fe49c68cc1c44ac,0.640612,0.766667,0.014063,0.025045,0.010363,False,False
coord_007_pdb_4AKE_A_adenylate_kinase,4AKE:A,31,c6fc9cb7487f164c,0.639661,0.774194,0.013609,0.025045,0.010363,False,False
coord_007_pdb_4AKE_A_adenylate_kinase,4AKE:A,32,4f259bc5f5053956,0.638598,0.78125,0.013184,0.025045,0.010363,False,False
coord_007_pdb_4AKE_A_adenylate_kinase,4AKE:A,33,01a370c207d607c5,0.635475,0.787879,0.012784,0.025045,0.010363,False,False
coord_007_pdb_4AKE_A_adenylate_kinase,4AKE:A,34,1566fc1d4fcef971,0.634358,0.764706,0.022518,0.064401,0.124352,False,False
coord_007_pdb_4AKE_A_adenylate_kinase,4AKE:A,35,6f6ef95f814c49db,0.63347,0.771429,0.021875,0.064401,0.124352,False,False
coord_007_pdb_4AKE_A_adenylate_kinase,4AKE:A,36,30552d36333e597e,0.622965,0.75,0.030382,0.076923,0.160622,False,False
coord_007_pdb_4AKE_A_adenylate_kinase,4AKE:A,37,b48591ccfa177cd3,0.620131,0.756757,0.029561,0.076923,0.160622,False,False
coord_007_pdb_4AKE_A_adenylate_kinase,4AKE:A,38,6bc3a10c447d8d84,0.61856,0.763158,0.028783,0.076923,0.160622,False,False
coord_007_pdb_4AKE_A_adenylate_kinase,4AKE:A,39,1d7b6ad2fc26beac,0.615241,0.769231,0.028045,0.076923,0.160622,False,False
coord_007_pdb_4AKE_A_adenylate_kinase,4AKE:A,40,7e853aae0bdc4d1c,0.613443,0.775,0.027344,0.076923,0.160622,False,False
coord_007_pdb_4AKE_A_adenylate_kinase,4AKE:A,41,dcc1ac7f2931c3cd,0.612646,0.780488,0.026677,0.076923,0.160622,False,False
coord_007_pdb_4AKE_A_adenylate_kinase,4AKE:A,42,11528d5c79c7cdc0,0.608992,0.785714,0.026042,0.076923,0.160622,False,False
coord_007_pdb_4AKE_A_adenylate_kinase,4AKE:A,43,d7cc730bb0f813c9,0.607637,0.790698,0.025436,0.076923,0.160622,False,False
coord_007_pdb_4AKE_A_adenylate_kinase,4AKE:A,44,1588c19455f42d65,0.607497,0.795455,0.024858,0.076923,0.160622,False,False
coord_007_pdb_4AKE_A_adenylate_kinase,4AKE:A,45,e82f449badce65f4,0.603409,0.8,0.024306,0.076923,0.160622,False,False
coord_007_pdb_4AKE_A_adenylate_kinase,4AKE:A,46,101dd44cc64c889d,0.602393,0.804348,0.023777,0.076923,0.160622,False,False
coord_007_pdb_4AKE_A_adenylate_kinase,4AKE:A,47,1670d58aa9d7c773,0.595861,0.808511,0.023271,0.076923,0.160622,False,False
coord_007_pdb_4AKE_A_adenylate_kinase,4AKE:A,48,9776dfc0da0bcdcc,0.586447,0.8125,0.022786,0.076923,0.160622,False,False
coord_007_pdb_4AKE_A_adenylate_kinase,4AKE:A,49,7acfb912ee95cff7,0.583917,0.816327,0.022321,0.076923,0.160622,False,False
coord_007_pdb_4AKE_A_adenylate_kinase,4AKE:A,50,a65890c2f356ed83,0.582227,0.82,0.021875,0.076923,0.160622,False,False
coord_007_pdb_4AKE_A_adenylate_kinase,4AKE:A,51,38497d460f2b1917,0.573093,0.823529,0.021446,0.076923,0.160622,False,False
coord_007_pdb_4AKE_A_adenylate_kinase,4AKE:A,52,8c68d84e835f7ff8,0.572798,0.826923,0.021034,0.076923,0.160622,False,False
coord_007_pdb_4AKE_A_adenylate_kinase,4AKE:A,53,5b557a4ffbb0964b,0.572325,0.830189,0.020637,0.076923,0.160622,False,False
coord_007_pdb_4AKE_A_adenylate_kinase,4AKE:A,54,28e4495ba90f0665,0.571407,0.833333,0.020255,0.076923,0.160622,False,False
coord_007_pdb_4AKE_A_adenylate_kinase,4AKE:A,55,fb3f22dc5d2b2bbe,0.57099,0.836364,0.019886,0.076923,0.160622,False,False
coord_007_pdb_4AKE_A_adenylate_kinase,4AKE:A,56,cafe7dcfa3866340,0.569909,0.839286,0.019531,0.076923,0.160622,False,False
coord_007_pdb_4AKE_A_adenylate_kinase,4AKE:A,57,c3e7980764cb9736,0.569138,0.824561,0.020011,0.08229,0.160622,False,False
coord_007_pdb_4AKE_A_adenylate_kinase,4AKE:A,58,97354798a44559e7,0.568773,0.827586,0.019666,0.08229,0.160622,False,False
coord_007_pdb_4AKE_A_adenylate_kinase,4AKE:A,59,2416d9c8102c43b8,0.566615,0.813559,0.020127,0.087657,0.160622,False,False
coord_007_pdb_4AKE_A_adenylate_kinase,4AKE:A,60,50f1c162fcfb7025,0.566615,0.8,0.020052,0.089445,0.160622,False,False
coord_007_pdb_4AKE_A_adenylate_kinase,4AKE:A,61,cec5341e3ca779b3,0.566608,0.803279,0.019723,0.089445,0.160622,False,False
coord_007_pdb_4AKE_A_adenylate_kinase,4AKE:A,62,ea64dd8fac00e531,0.566382,0.790323,0.019657,0.089445,0.160622,False,False
coord_007_pdb_4AKE_A_adenylate_kinase,4AKE:A,63,220cf1287db29b9b,0.565969,0.777778,0.021825,0.091234,0.160622,False,False
coord_007_pdb_4AKE_A_adenylate_kinase,4AKE:A,64,f085773cf73b578c,0.565309,0.78125,0.021484,0.091234,0.160622,False,False
coord_007_pdb_4AKE_A_adenylate_kinase,4AKE:A,65,3a269c0a0225b10f,0.564116,0.784615,0.021154,0.091234,0.160622,False,False
coord_007_pdb_4AKE_A_adenylate_kinase,4AKE:A,66,5ef4f6c4920182ca,0.563786,0.787879,0.020833,0.091234,0.160622,False,False
coord_007_pdb_4AKE_A_adenylate_kinase,4AKE:A,67,35c2c82f6c184ed3,0.56151,0.791045,0.020522,0.091234,0.160622,False,False
coord_007_pdb_4AKE_A_adenylate_kinase,4AKE:A,68,4448de0bcafaafc7,0.561075,0.794118,0.020221,0.091234,0.160622,False,False
coord_007_pdb_4AKE_A_adenylate_kinase,4AKE:A,69,e64d15313c2c7127,0.557893,0.782609,0.020154,0.091234,0.160622,False,False
coord_007_pdb_4AKE_A_adenylate_kinase,4AKE:A,70,339b27ed4ef47bd7,0.554437,0.785714,0.019866,0.091234,0.160622,False,False
coord_007_pdb_4AKE_A_adenylate_kinase,4AKE:A,71,df2de62d1ab57929,0.553307,0.774648,0.019806,0.093023,0.165803,False,False
coord_007_pdb_4AKE_A_adenylate_kinase,4AKE:A,72,25bc0543aae4e119,0.551442,0.777778,0.019531,0.093023,0.165803,False,False
coord_007_pdb_4AKE_A_adenylate_kinase,4AKE:A,73,dcb2bfa7fd4c8f93,0.550605,0.767123,0.019692,0.096601,0.165803,False,False
coord_007_pdb_4AKE_A_adenylate_kinase,4AKE:A,74,cbe42994c210395c,0.550605,0.756757,0.019637,0.096601,0.165803,False,False
coord_007_pdb_4AKE_A_adenylate_kinase,4AKE:A,75,fb9a008ce8f2de35,0.548421,0.76,0.019375,0.096601,0.165803,False,False
coord_007_pdb_4AKE_A_adenylate_kinase,4AKE:A,76,bbae382a76669b06,0.545468,0.75,0.019942,0.103757,0.186528,False,False
coord_007_pdb_4AKE_A_adenylate_kinase,4AKE:A,77,781d0fe0ea189ba3,0.544549,0.74026,0.019886,0.103757,0.186528,False,False
coord_007_pdb_4AKE_A_adenylate_kinase,4AKE:A,78,13444b48c35cf8db,0.542414,0.74359,0.019631,0.103757,0.186528,False,False
coord_007_pdb_4AKE_A_adenylate_kinase,4AKE:A,79,00be2a96bb3f1581,0.542414,0.746835,0.019383,0.103757,0.186528,False,False
coord_007_pdb_4AKE_A_adenylate_kinase,4AKE:A,80,8ea48af524c426a2,0.537068,0.75,0.019141,0.103757,0.186528,False,False
coord_007_pdb_4AKE_A_adenylate_kinase,4AKE:A,81,53fb4fd3a06a94d2,0.536856,0.740741,0.019483,0.105546,0.186528,False,False
coord_007_pdb_4AKE_A_adenylate_kinase,4AKE:A,82,414a21f66766cb17,0.536856,0.731707,0.019627,0.105546,0.186528,False,False
coord_007_pdb_4AKE_A_adenylate_kinase,4AKE:A,83,52cb8be99dbd3329,0.53605,0.722892,0.020331,0.107335,0.19171,False,False
coord_007_pdb_4AKE_A_adenylate_kinase,4AKE:A,84,d9b107178ba8e66e,0.535908,0.72619,0.020089,0.107335,0.19171,False,False
coord_007_pdb_4AKE_A_adenylate_kinase,4AKE:A,85,bdaad921b6f93d46,0.535908,0.729412,0.019853,0.107335,0.19171,False,False
coord_007_pdb_4AKE_A_adenylate_kinase,4AKE:A,86,20eaf8e279551233,0.534163,0.72093,0.019804,0.107335,0.19171,False,False
coord_007_pdb_4AKE_A_adenylate_kinase,4AKE:A,87,255c417029374e93,0.531474,0.724138,0.019576,0.107335,0.19171,False,False
coord_007_pdb_4AKE_A_adenylate_kinase,4AKE:A,88,65f6151a4923d8be,0.530119,0.715909,0.019886,0.112701,0.207254,False,False
coord_007_pdb_4AKE_A_adenylate_kinase,4AKE:A,89,1770ada958c1c70e,0.528459,0.719101,0.019663,0.112701,0.207254,False,False
coord_007_pdb_4AKE_A_adenylate_kinase,4AKE:A,90,551f1d8abb675dc3,0.528216,0.722222,0.019444,0.112701,0.207254,False,False
coord_007_pdb_4AKE_A_adenylate_kinase,4AKE:A,91,7740d1f31a0057dd,0.527366,0.725275,0.019231,0.112701,0.207254,False,False
coord_007_pdb_4AKE_A_adenylate_kinase,4AKE:A,92,d4b95422feb76706,0.52666,0.717391,0.019701,0.11449,0.212435,False,False
coord_007_pdb_4AKE_A_adenylate_kinase,4AKE:A,93,40cf073cf04ddd01,0.52455,0.72043,0.019489,0.11449,0.212435,False,False
coord_007_pdb_4AKE_A_adenylate_kinase,4AKE:A,94,091ab8fe3ca0cb82,0.523905,0.723404,0.019282,0.11449,0.212435,False,False
coord_007_pdb_4AKE_A_adenylate_kinase,4AKE:A,95,95d5740a7e5dc103,0.523162,0.726316,0.019079,0.11449,0.212435,False,False
coord_007_pdb_4AKE_A_adenylate_kinase,4AKE:A,96,706b5426c544fbc8,0.519631,0.729167,0.01888,0.11449,0.212435,False,False
coord_007_pdb_4AKE_A_adenylate_kinase,4AKE:A,97,cbd57ce5c30ce2a3,0.519226,0.731959,0.018686,0.11449,0.212435,False,False
coord_007_pdb_4AKE_A_adenylate_kinase,4AKE:A,98,411af6a58035087c,0.518171,0.734694,0.018495,0.11449,0.212435,False,False
coord_007_pdb_4AKE_A_adenylate_kinase,4AKE:A,99,fcb17ecad0a4b54f,0.514859,0.737374,0.018308,0.11449,0.212435,False,False
coord_007_pdb_4AKE_A_adenylate_kinase,4AKE:A,100,c2b47ecbc7af97b9,0.514186,0.73,0.018437,0.116279,0.217617,False,False
coord_008_pdb_1CLL_A_calmodulin,1CLL:A,1,d8a8a77dae6107eb,0.600679,1.0,0.0,0.0,0.0,False,False
coord_008_pdb_1CLL_A_calmodulin,1CLL:A,2,c912a10bcc8b8daf,0.599581,1.0,0.0,0.0,0.0,False,False
coord_008_pdb_1CLL_A_calmodulin,1CLL:A,3,95b3e05400a5bcfa,0.597378,1.0,0.0,0.0,0.0,False,False
coord_008_pdb_1CLL_A_calmodulin,1CLL:A,4,854d07e5fd2dc7ba,0.594136,1.0,0.0,0.0,0.0,False,False
coord_008_pdb_1CLL_A_calmodulin,1CLL:A,5,516671293f633a7e,0.573997,1.0,0.0,0.0,0.0,False,False
coord_008_pdb_1CLL_A_calmodulin,1CLL:A,6,cdc48429a7960f11,0.573997,1.0,0.0,0.0,0.0,False,False
coord_008_pdb_1CLL_A_calmodulin,1CLL:A,7,99ebf4b819b78302,0.564748,0.857143,0.017857,0.024465,0.0,False,False
coord_008_pdb_1CLL_A_calmodulin,1CLL:A,8,c49e2596adccc825,0.560367,0.75,0.019531,0.030581,0.0,False,False
coord_008_pdb_1CLL_A_calmodulin,1CLL:A,9,dbb972f886764908,0.550488,0.666667,0.029514,0.04893,0.0,False,False
coord_008_pdb_1CLL_A_calmodulin,1CLL:A,10,9b9ef9b045fae8a5,0.539322,0.6,0.028125,0.051988,0.0,False,False
coord_008_pdb_1CLL_A_calmodulin,1CLL:A,11,fd69da7f4869ddab,0.535135,0.545455,0.03125,0.051988,0.0,False,False
coord_008_pdb_1CLL_A_calmodulin,1CLL:A,12,ee427928bb386511,0.53105,0.583333,0.028646,0.051988,0.0,False,False
coord_008_pdb_1CLL_A_calmodulin,1CLL:A,13,6faf4f13f44b254c,0.529807,0.538462,0.032452,0.051988,0.0,False,False
coord_008_pdb_1CLL_A_calmodulin,1CLL:A,14,8151297aed21fffb,0.527701,0.5,0.03125,0.051988,0.0,False,False
coord_008_pdb_1CLL_A_calmodulin,1CLL:A,15,c609d4e5b55f953c,0.525314,0.466667,0.034375,0.051988,0.0,False,False
coord_008_pdb_1CLL_A_calmodulin,1CLL:A,16,55bc46ffe30fba31,0.522594,0.5,0.032227,0.051988,0.0,False,False
coord_008_pdb_1CLL_A_calmodulin,1CLL:A,17,37a15aa4b66ac4a7,0.518636,0.529412,0.030331,0.051988,0.0,False,False
coord_008_pdb_1CLL_A_calmodulin,1CLL:A,18,6a71150d4c6c21b8,0.514985,0.555556,0.028646,0.051988,0.0,False,False
coord_008_pdb_1CLL_A_calmodulin,1CLL:A,19,7eda3b273d61edf7,0.513726,0.578947,0.027138,0.051988,0.0,False,False
coord_008_pdb_1CLL_A_calmodulin,1CLL:A,20,6ed059b781442cde,0.50707,0.6,0.025781,0.051988,0.0,False,False
coord_008_pdb_1CLL_A_calmodulin,1CLL:A,21,ef2846c7ade8f756,0.502764,0.619048,0.024554,0.051988,0.0,False,False
coord_008_pdb_1CLL_A_calmodulin,1CLL:A,22,61c3234ac2a9f58c,0.501455,0.590909,0.024148,0.055046,0.0,False,False
coord_008_pdb_1CLL_A_calmodulin,1CLL:A,23,a12bac65e3dd9930,0.498454,0.565217,0.027174,0.070336,0.0,False,False
coord_008_pdb_1CLL_A_calmodulin,1CLL:A,24,ef2cb825554c4a75,0.496375,0.583333,0.026042,0.070336,0.0,False,False
coord_008_pdb_1CLL_A_calmodulin,1CLL:A,25,d9b3c871b03185a3,0.493773,0.6,0.025,0.070336,0.0,False,False
coord_008_pdb_1CLL_A_calmodulin,1CLL:A,26,5f614882d891d0ee,0.488483,0.576923,0.024639,0.070336,0.0,False,False
coord_008_pdb_1CLL_A_calmodulin,1CLL:A,27,33f7f034b85ee9e7,0.48825,0.555556,0.024884,0.076453,0.027778,False,False
coord_008_pdb_1CLL_A_calmodulin,1CLL:A,28,b55da45ffd7bbbe8,0.488171,0.571429,0.023996,0.076453,0.027778,False,False
coord_008_pdb_1CLL_A_calmodulin,1CLL:A,29,90d52e710d4db2a8,0.487845,0.551724,0.025862,0.091743,0.166667,False,False
coord_008_pdb_1CLL_A_calmodulin,1CLL:A,30,fd445f76172e6eff,0.486076,0.533333,0.028125,0.091743,0.166667,False,False
coord_008_pdb_1CLL_A_calmodulin,1CLL:A,31,b1b2bd3ab91ef31a,0.485885,0.516129,0.027722,0.094801,0.194444,False,False
coord_008_pdb_1CLL_A_calmodulin,1CLL:A,32,4ef11d30ff5a1c4b,0.485223,0.53125,0.026855,0.094801,0.194444,False,False
coord_008_pdb_1CLL_A_calmodulin,1CLL:A,33,c88b271eac381ec5,0.484174,0.545455,0.026042,0.094801,0.194444,False,False
coord_008_pdb_1CLL_A_calmodulin,1CLL:A,34,3b454c20b9896275,0.480746,0.558824,0.025276,0.094801,0.194444,False,False
coord_008_pdb_1CLL_A_calmodulin,1CLL:A,35,8ca43449faf566f9,0.480699,0.571429,0.024554,0.094801,0.194444,False,False
coord_008_pdb_1CLL_A_calmodulin,1CLL:A,36,32c1e912089c7366,0.476604,0.583333,0.023872,0.094801,0.194444,False,False
coord_008_pdb_1CLL_A_calmodulin,1CLL:A,37,2543a3d10364583e,0.474907,0.594595,0.023226,0.094801,0.194444,False,False
coord_008_pdb_1CLL_A_calmodulin,1CLL:A,38,dc99cb17d6fd86e0,0.47325,0.605263,0.022615,0.094801,0.194444,False,False
coord_008_pdb_1CLL_A_calmodulin,1CLL:A,39,3387a7d126d81e04,0.471478,0.615385,0.022035,0.094801,0.194444,False,False
coord_008_pdb_1CLL_A_calmodulin,1CLL:A,40,5198cd5dfd282f8b,0.470965,0.625,0.021484,0.094801,0.194444,False,False
coord_008_pdb_1CLL_A_calmodulin,1CLL:A,41,425312fdd792f639,0.470689,0.634146,0.02096,0.094801,0.194444,False,False
coord_008_pdb_1CLL_A_calmodulin,1CLL:A,42,a40c32f58796ea92,0.469805,0.642857,0.020461,0.094801,0.194444,False,False
coord_008_pdb_1CLL_A_calmodulin,1CLL:A,43,04f7330ab91e0859,0.469209,0.651163,0.019985,0.094801,0.194444,False,False
coord_008_pdb_1CLL_A_calmodulin,1CLL:A,44,569c0a3e01ca718b,0.468408,0.636364,0.020952,0.107034,0.305556,False,False
coord_008_pdb_1CLL_A_calmodulin,1CLL:A,45,8562c0c2f8891e98,0.467111,0.622222,0.021181,0.11315,0.305556,False,False
coord_008_pdb_1CLL_A_calmodulin,1CLL:A,46,fed7290dc939ad69,0.464635,0.608696,0.021739,0.11315,0.305556,False,False
coord_008_pdb_1CLL_A_calmodulin,1CLL:A,47,f944d3561ed695a0,0.464391,0.617021,0.021277,0.11315,0.305556,False,False
coord_008_pdb_1CLL_A_calmodulin,1CLL:A,48,6f920331ed27bef6,0.460602,0.625,0.020833,0.11315,0.305556,False,False
coord_008_pdb_1CLL_A_calmodulin,1CLL:A,49,7235e4062fbe8d73,0.457303,0.612245,0.021046,0.11315,0.305556,False,False
coord_008_pdb_1CLL_A_calmodulin,1CLL:A,50,dc29fba9f491f19c,0.457074,0.62,0.020625,0.11315,0.305556,False,False
coord_008_pdb_1CLL_A_calmodulin,1CLL:A,51,ff003ad86b9dc0b3,0.456124,0.627451,0.020221,0.11315,0.305556,False,False
coord_008_pdb_1CLL_A_calmodulin,1CLL:A,52,26e0df2c0c226e82,0.45389,0.615385,0.020733,0.11315,0.305556,False,False
coord_008_pdb_1CLL_A_calmodulin,1CLL:A,53,fe346573382f7af1,0.452301,0.622642,0.020342,0.11315,0.305556,False,False
coord_008_pdb_1CLL_A_calmodulin,1CLL:A,54,64bce363dacb506d,0.451635,0.611111,0.021701,0.125382,0.305556,False,False
coord_008_pdb_1CLL_A_calmodulin,1CLL:A,55,cf9ff54dc16cee40,0.451365,0.618182,0.021307,0.125382,0.305556,False,False
coord_008_pdb_1CLL_A_calmodulin,1CLL:A,56,db1a9e7e2d5ae24e,0.450519,0.625,0.020926,0.125382,0.305556,False,False
coord_008_pdb_1CLL_A_calmodulin,1CLL:A,57,eba8a1850a7a01a8,0.449396,0.631579,0.020559,0.125382,0.305556,False,False
coord_008_pdb_1CLL_A_calmodulin,1CLL:A,58,62928ca6d205ae63,0.448386,0.637931,0.020205,0.125382,0.305556,False,False
coord_008_pdb_1CLL_A_calmodulin,1CLL:A,59,6e76b262d82625c1,0.447716,0.644068,0.019862,0.125382,0.305556,False,False
coord_008_pdb_1CLL_A_calmodulin,1CLL:A,60,0f19e16760b5d971,0.446716,0.65,0.019531,0.125382,0.305556,False,False
coord_008_pdb_1CLL_A_calmodulin,1CLL:A,61,dcf21801b3a74be6,0.446255,0.655738,0.019211,0.125382,0.305556,False,False
coord_008_pdb_1CLL_A_calmodulin,1CLL:A,62,bf07b2db18e74f56,0.446066,0.66129,0.018901,0.125382,0.305556,False,False
coord_008_pdb_1CLL_A_calmodulin,1CLL:A,63,745eb2a627d97b74,0.446054,0.666667,0.018601,0.125382,0.305556,False,False
coord_008_pdb_1CLL_A_calmodulin,1CLL:A,64,cc6f8393a962b478,0.444565,0.65625,0.018799,0.125382,0.305556,False,False
coord_008_pdb_1CLL_A_calmodulin,1CLL:A,65,e4aeb85d42cf6149,0.444463,0.661538,0.01851,0.125382,0.305556,False,False
coord_008_pdb_1CLL_A_calmodulin,1CLL:A,66,3d16884061dfdc41,0.442205,0.666667,0.018229,0.125382,0.305556,False,False
coord_008_pdb_1CLL_A_calmodulin,1CLL:A,67,057b9d61132c75b3,0.438997,0.671642,0.017957,0.125382,0.305556,False,False
coord_008_pdb_1CLL_A_calmodulin,1CLL:A,68,2a6d224dccc12970,0.437228,0.661765,0.018842,0.140673,0.305556,False,False
coord_008_pdb_1CLL_A_calmodulin,1CLL:A,69,2fda3f350b805a9e,0.437219,0.666667,0.018569,0.140673,0.305556,False,False
coord_008_pdb_1CLL_A_calmodulin,1CLL:A,70,60bebbc8803d107c,0.436456,0.671429,0.018304,0.140673,0.305556,False,False
coord_008_pdb_1CLL_A_calmodulin,1CLL:A,71,f230308d6c0ec42c,0.435,0.676056,0.018046,0.140673,0.305556,False,False
coord_008_pdb_1CLL_A_calmodulin,1CLL:A,72,867f729801c2a647,0.43403,0.680556,0.017795,0.140673,0.305556,False,False
coord_008_pdb_1CLL_A_calmodulin,1CLL:A,73,c1e469edd5d1aef3,0.433721,0.684932,0.017551,0.140673,0.305556,False,False
coord_008_pdb_1CLL_A_calmodulin,1CLL:A,74,b687e7c0a4f2d64a,0.433291,0.675676,0.017525,0.143731,0.305556,False,False
coord_008_pdb_1CLL_A_calmodulin,1CLL:A,75,f5ffc5a230bb315c,0.432761,0.68,0.017292,0.143731,0.305556,False,False
coord_008_pdb_1CLL_A_calmodulin,1CLL:A,76,3d96d6f1b56dd5bb,0.431995,0.684211,0.017064,0.143731,0.305556,False,False
coord_008_pdb_1CLL_A_calmodulin,1CLL:A,77,b703f09fd56af1e0,0.431427,0.688312,0.016843,0.143731,0.305556,False,False
coord_008_pdb_1CLL_A_calmodulin,1CLL:A,78,ea7800c90271ecad,0.429856,0.679487,0.017027,0.143731,0.305556,False,False
coord_008_pdb_1CLL_A_calmodulin,1CLL:A,79,85bde1fa37d57e66,0.429476,0.683544,0.016812,0.143731,0.305556,False,False
coord_008_pdb_1CLL_A_calmodulin,1CLL:A,80,39208cbd2c69aa3a,0.429114,0.6875,0.016602,0.143731,0.305556,False,False
coord_008_pdb_1CLL_A_calmodulin,1CLL:A,81,17b7dc5b4686375c,0.429077,0.679012,0.016782,0.149847,0.361111,False,False
coord_008_pdb_1CLL_A_calmodulin,1CLL:A,82,b6ec7c3b167bb856,0.428715,0.682927,0.016578,0.149847,0.361111,False,False
coord_008_pdb_1CLL_A_calmodulin,1CLL:A,83,c90d8b5a9ec73ab0,0.427758,0.674699,0.016943,0.152905,0.361111,False,False
coord_008_pdb_1CLL_A_calmodulin,1CLL:A,84,65cda20313311d43,0.426259,0.666667,0.016927,0.155963,0.361111,False,False
coord_008_pdb_1CLL_A_calmodulin,1CLL:A,85,4881e3bfe0efae58,0.42563,0.670588,0.016728,0.155963,0.361111,False,False
coord_008_pdb_1CLL_A_calmodulin,1CLL:A,86,80c130bc215b6da4,0.425577,0.662791,0.016715,0.155963,0.361111,False,False
coord_008_pdb_1CLL_A_calmodulin,1CLL:A,87,5c4f1e505698968a,0.423232,0.666667,0.016523,0.155963,0.361111,False,False
coord_008_pdb_1CLL_A_calmodulin,1CLL:A,88,f3a5e48593a8149e,0.422498,0.670455,0.016335,0.155963,0.361111,False,False
coord_008_pdb_1CLL_A_calmodulin,1CLL:A,89,d49ba02acadfce58,0.422327,0.674157,0.016152,0.155963,0.361111,False,False
coord_008_pdb_1CLL_A_calmodulin,1CLL:A,90,eb1ea9e8fefe4dc1,0.421004,0.666667,0.016146,0.159021,0.361111,False,False
coord_008_pdb_1CLL_A_calmodulin,1CLL:A,91,8c93c578a2d6fc39,0.420937,0.67033,0.015968,0.159021,0.361111,False,False
coord_008_pdb_1CLL_A_calmodulin,1CLL:A,92,2bbe7c77d45d30e0,0.420636,0.673913,0.015795,0.159021,0.361111,False,False
coord_008_pdb_1CLL_A_calmodulin,1CLL:A,93,5c411fbcf77363d5,0.420415,0.677419,0.015625,0.159021,0.361111,False,False
coord_008_pdb_1CLL_A_calmodulin,1CLL:A,94,8175bdacd726c2b6,0.420148,0.680851,0.015459,0.159021,0.361111,False,False
coord_008_pdb_1CLL_A_calmodulin,1CLL:A,95,06125f246cee535f,0.419644,0.684211,0.015296,0.159021,0.361111,False,False
coord_008_pdb_1CLL_A_calmodulin,1CLL:A,96,c818050eef53c521,0.418916,0.6875,0.015137,0.159021,0.361111,False,False
coord_008_pdb_1CLL_A_calmodulin,1CLL:A,97,9d36a7d0d0fc957c,0.418912,0.690722,0.014981,0.159021,0.361111,False,False
coord_008_pdb_1CLL_A_calmodulin,1CLL:A,98,42505f00750b9713,0.418327,0.693878,0.014828,0.159021,0.361111,False,False
coord_008_pdb_1CLL_A_calmodulin,1CLL:A,99,3093b3b36b326090,0.418072,0.69697,0.014678,0.159021,0.361111,False,False
coord_008_pdb_1CLL_A_calmodulin,1CLL:A,100,2620a3d809b8bdd2,0.417016,0.7,0.014531,0.159021,0.361111,False,False
