row_id,source_accession,real_event_id,decoy_event_id,real_coupling_selectivity_score,decoy_coupling_selectivity_score,real_direct_support_score,decoy_direct_support_score,real_future_preservation_score,decoy_future_preservation_score,real_blocked_future_pressure,decoy_blocked_future_pressure,real_beats_decoy_by_coupling_score,real_native_positive_after_scoring,decoy_native_positive_after_scoring,coordinate_truth_used_to_build_constraints,native_truth_used_before_coupling_selection,raw_sequence_exposed
coord_001_pdb_1MBN_A_myoglobin,1MBN:A,2aec2fd5af121b17,62a61f4f88b69153,0.753812,0.203887,1.0,0.0,0.289038,0.283524,0.163652,0.12715,True,True,False,True,True,False
coord_001_pdb_1MBN_A_myoglobin,1MBN:A,c1cc74a911ebc681,17012471c4568b5f,0.733943,0.167118,0.963333,0.0,0.411116,0.379246,0.128143,0.160454,True,True,False,True,True,False
coord_001_pdb_1MBN_A_myoglobin,1MBN:A,6613ac028a0fd26b,c7b23c0c43320ba5,0.805253,0.2165,1.0,0.0,0.380679,0.390494,0.102448,0.063079,True,True,False,True,True,False
coord_001_pdb_1MBN_A_myoglobin,1MBN:A,396654b6684b9495,69f6cc5cac931e25,0.686626,0.20432,1.0,0.0,0.27371,0.379246,0.104764,0.053485,True,True,False,True,True,False
coord_001_pdb_1MBN_A_myoglobin,1MBN:A,f6a97f12cb052a81,bf4d74a4e2d37ec9,0.711565,0.188048,1.0,0.0,0.319475,0.390494,0.092192,0.125717,True,True,False,True,True,False
coord_001_pdb_1MBN_A_myoglobin,1MBN:A,8e95e488d9ff3198,c163761318014e05,0.708961,0.183856,1.0,0.0,0.411116,0.390494,0.12693,0.050066,True,True,False,True,True,False
coord_001_pdb_1MBN_A_myoglobin,1MBN:A,feb992806e810fff,9df9205db79322f3,0.660155,0.163011,1.0,0.0,0.304146,0.40097,0.158469,0.156043,True,True,False,True,True,False
coord_001_pdb_1MBN_A_myoglobin,1MBN:A,8eacd0f4c08d2a65,d69a14e7b721f569,0.613919,0.181125,0.92,0.0,0.304146,0.390494,0.181407,0.052051,True,True,False,True,True,False
coord_001_pdb_1MBN_A_myoglobin,1MBN:A,d058d8383e0418b1,d69a14e7b721f569,0.673935,0.181125,0.92,0.0,0.40097,0.390494,0.093846,0.052051,True,True,False,True,True,False
coord_001_pdb_1MBN_A_myoglobin,1MBN:A,7ecb08e220f57b54,c2735882314ab45f,0.673353,0.153674,1.0,0.0,0.304146,0.411116,0.138178,0.169828,True,True,False,True,True,False
coord_001_pdb_1MBN_A_myoglobin,1MBN:A,f8840f0a98d1747c,c7b23c0c43320ba5,0.709493,0.2165,1.0,0.0,0.283524,0.390494,0.094949,0.063079,True,True,False,True,True,False
coord_001_pdb_1MBN_A_myoglobin,1MBN:A,70687a408110f699,ec30b2cd22be7e49,0.654163,0.175547,0.92,0.0,0.411116,0.390494,0.14689,0.091751,True,True,False,True,True,False
coord_001_pdb_1MBN_A_myoglobin,1MBN:A,5278219da5d7ec0e,17012471c4568b5f,0.51838,0.167118,0.646667,0.0,0.411116,0.379246,0.149537,0.160454,True,True,False,True,True,False
coord_001_pdb_1MBN_A_myoglobin,1MBN:A,e510ccc1bd576d1e,17012471c4568b5f,0.39112,0.167118,0.316667,0.0,0.411116,0.379246,0.053264,0.160454,True,True,False,True,True,False
coord_001_pdb_1MBN_A_myoglobin,1MBN:A,c81126c550fd2c8d,d320482a352fe652,0.469748,0.161405,0.573333,0.0,0.411116,0.411116,0.169718,0.145898,True,True,False,True,True,False
coord_001_pdb_1MBN_A_myoglobin,1MBN:A,e1d5b5868bf3c331,62a61f4f88b69153,0.276152,0.203887,0.0,0.0,0.379246,0.283524,0.03187,0.12715,True,False,False,True,True,False
coord_001_pdb_1MBN_A_myoglobin,1MBN:A,1cfa064860d680e0,c107f7135d2f7d4b,0.354278,0.160333,0.306667,0.0,0.411116,0.411116,0.103992,0.188685,True,True,False,True,True,False
coord_001_pdb_1MBN_A_myoglobin,1MBN:A,43cc8b96e57c44b3,9df9205db79322f3,0.495258,0.163011,0.613333,0.0,0.40097,0.40097,0.136745,0.156043,True,True,False,True,True,False
coord_001_pdb_1MBN_A_myoglobin,1MBN:A,715ba1bcfb48ea77,62a61f4f88b69153,0.255864,0.203887,0.0,0.0,0.411116,0.283524,0.042788,0.12715,True,False,False,True,True,False
coord_001_pdb_1MBN_A_myoglobin,1MBN:A,83b1f29dc54b255c,62a61f4f88b69153,0.277819,0.203887,0.0,0.0,0.390494,0.283524,0.020181,0.12715,True,False,False,True,True,False
coord_001_pdb_1MBN_A_myoglobin,1MBN:A,24a34bf0a4685a64,c7b23c0c43320ba5,0.421315,0.2165,0.306667,0.0,0.411116,0.390494,0.060653,0.063079,True,True,False,True,True,False
coord_001_pdb_1MBN_A_myoglobin,1MBN:A,c201fb6781c9a1f7,62a61f4f88b69153,0.220132,0.203887,0.0,0.0,0.272276,0.283524,0.12715,0.12715,True,False,False,True,True,False
coord_001_pdb_1MBN_A_myoglobin,1MBN:A,14e8028404f96235,62a61f4f88b69153,0.258156,0.203887,0.0,0.0,0.40064,0.283524,0.128143,0.12715,True,False,False,True,True,False
coord_001_pdb_1MBN_A_myoglobin,1MBN:A,2f66986a51406197,c107f7135d2f7d4b,0.222358,0.160333,0.0,0.0,0.411116,0.411116,0.042347,0.188685,True,False,False,True,True,False
coord_001_pdb_1MBN_A_myoglobin,1MBN:A,de91d40a7a844cd1,5805f729e20a955c,0.424922,0.202086,0.286667,0.0,0.411116,0.411116,0.020953,0.116564,True,True,False,True,True,False
coord_001_pdb_1MBN_A_myoglobin,1MBN:A,273332b35c820a82,62a61f4f88b69153,0.291776,0.203887,0.0,0.0,0.379246,0.283524,0.020181,0.12715,True,False,False,True,True,False
coord_001_pdb_1MBN_A_myoglobin,1MBN:A,9f5b8dfa0c890b27,c107f7135d2f7d4b,0.248684,0.160333,0.0,0.0,0.379246,0.411116,0.063079,0.188685,True,False,False,True,True,False
coord_001_pdb_1MBN_A_myoglobin,1MBN:A,466056498e064f6b,355ffc87bf64c903,0.204711,0.205839,0.0,0.0,0.379246,0.390494,0.083811,0.083811,False,False,False,True,True,False
coord_001_pdb_1MBN_A_myoglobin,1MBN:A,742daa6fa0fda470,0b33ce3203988955,0.217229,0.178565,0.0,0.0,0.411116,0.411116,0.105867,0.180745,True,False,False,True,True,False
coord_001_pdb_1MBN_A_myoglobin,1MBN:A,0d8d84ac956aa4d9,212a1bc2d2d0424e,0.230844,0.176213,0.0,0.0,0.411116,0.340097,0.073555,0.042126,True,False,False,True,True,False
coord_001_pdb_1MBN_A_myoglobin,1MBN:A,560dfccf25c7d677,9df9205db79322f3,0.218896,0.163011,0.0,0.0,0.411116,0.40097,0.030657,0.156043,True,False,False,True,True,False
coord_001_pdb_1MBN_A_myoglobin,1MBN:A,7ce066460dcedc83,ec30b2cd22be7e49,0.244665,0.175547,0.0,0.0,0.390494,0.390494,0.03187,0.091751,True,False,False,True,True,False
coord_001_pdb_1MBN_A_myoglobin,1MBN:A,95d8121c64f57ee1,355ffc87bf64c903,0.186886,0.205839,0.0,0.0,0.379246,0.390494,0.125717,0.083811,False,False,False,True,True,False
coord_001_pdb_1MBN_A_myoglobin,1MBN:A,5209a270d704cf7d,5805f729e20a955c,0.428193,0.202086,0.286667,0.0,0.411116,0.411116,0.018968,0.116564,True,True,False,True,True,False
coord_001_pdb_1MBN_A_myoglobin,1MBN:A,2b61214badf55be2,08843f7e9178bc93,0.172054,0.194572,0.0,0.0,0.411116,0.411116,0.137847,0.062969,False,False,False,True,True,False
coord_001_pdb_1MBN_A_myoglobin,1MBN:A,d31208ec7f43e85f,9df9205db79322f3,0.228798,0.163011,0.0,0.0,0.340097,0.40097,0.070798,0.156043,True,True,False,True,True,False
coord_001_pdb_1MBN_A_myoglobin,1MBN:A,547140fc41779a95,ec30b2cd22be7e49,0.26672,0.175547,0.306667,0.0,0.304146,0.390494,0.200375,0.091751,True,True,False,True,True,False
coord_001_pdb_1MBN_A_myoglobin,1MBN:A,9af0875cde290f54,027f5c3da42f2dd3,0.230026,0.222472,0.0,0.0,0.390494,0.390494,0.042788,0.117667,True,False,False,True,True,False
coord_001_pdb_1MBN_A_myoglobin,1MBN:A,3890a0214f2e2811,212a1bc2d2d0424e,0.182426,0.176213,0.0,0.0,0.411116,0.340097,0.14678,0.042126,True,False,False,True,True,False
coord_001_pdb_1MBN_A_myoglobin,1MBN:A,18638f5c09a14711,d0a7a57d58561af7,0.200803,0.118313,0.0,0.0,0.411116,0.228827,0.062858,0.111601,True,True,False,True,True,False
coord_002_pdb_2LZM_A_t4_lysozyme,2LZM:A,e2f972c45de1fc16,c1e2313c7fcc9ea4,0.863127,0.323625,1.0,0.0,0.598819,0.58905,0.030554,0.031917,True,True,False,True,True,False
coord_002_pdb_2LZM_A_t4_lysozyme,2LZM:A,47a35f21554baab7,07053ae4ab679f8f,0.903217,0.309051,1.0,0.0,0.55702,0.538846,0.087687,0.061222,True,True,False,True,True,False
coord_002_pdb_2LZM_A_t4_lysozyme,2LZM:A,a534a67c1c9c1345,07053ae4ab679f8f,0.870242,0.309051,1.0,0.0,0.588369,0.538846,0.066106,0.061222,True,True,False,True,True,False
coord_002_pdb_2LZM_A_t4_lysozyme,2LZM:A,e0c8fb121d4476ce,9b407360a1954553,0.807301,0.304648,0.86,0.0,0.598819,0.529078,0.074625,0.123467,True,True,True,True,True,False
coord_002_pdb_2LZM_A_t4_lysozyme,2LZM:A,f707fc4c84136e03,18cbe2c94ce73845,0.8615,0.29724,1.0,0.0,0.579282,0.538846,0.011018,0.127215,True,True,False,True,True,False
coord_002_pdb_2LZM_A_t4_lysozyme,2LZM:A,f9e2ee5e2909d8e1,6b3499bd9fc18239,0.851067,0.300472,1.0,0.0,0.598819,0.58905,0.13687,0.022035,True,True,False,True,True,False
coord_002_pdb_2LZM_A_t4_lysozyme,2LZM:A,8d5543b1766585fe,07053ae4ab679f8f,0.842104,0.309051,1.0,0.0,0.494775,0.538846,0.086097,0.061222,True,True,False,True,True,False
coord_002_pdb_2LZM_A_t4_lysozyme,2LZM:A,8dc04a871b22d01c,dae4ae28a32e9aef,0.813908,0.223918,1.0,0.0,0.588369,0.526352,0.093367,0.127101,True,True,False,True,True,False
coord_002_pdb_2LZM_A_t4_lysozyme,2LZM:A,87c79e67faf6f605,48fac64a1f513a4d,0.82855,0.306396,1.0,0.0,0.598819,0.598819,0.041118,0.031917,True,True,False,True,True,False
coord_002_pdb_2LZM_A_t4_lysozyme,2LZM:A,863a04e82f80c520,03e3c8168ea80e71,0.781951,0.265204,1.0,0.0,0.516583,0.517946,0.075307,0.071104,True,True,False,True,True,False
coord_002_pdb_2LZM_A_t4_lysozyme,2LZM:A,85b9dfed915dd119,46e2acebfbc6e152,0.735701,0.382876,1.0,0.306667,0.49239,0.526352,0.107224,0.085189,True,True,True,True,True,False
coord_002_pdb_2LZM_A_t4_lysozyme,2LZM:A,4d3d4f81099ca948,7b27face5491f132,0.729193,0.213544,1.0,0.0,0.481259,0.506815,0.128237,0.12642,True,True,False,True,True,False
coord_002_pdb_2LZM_A_t4_lysozyme,2LZM:A,0c6e898780fe2fd1,03e3c8168ea80e71,0.806318,0.265204,1.0,0.0,0.526352,0.517946,0.064289,0.071104,True,True,False,True,True,False
coord_002_pdb_2LZM_A_t4_lysozyme,2LZM:A,aec4eba9e390b292,18cbe2c94ce73845,0.864,0.29724,1.0,0.0,0.58905,0.538846,0.011018,0.127215,True,True,False,True,True,False
coord_002_pdb_2LZM_A_t4_lysozyme,2LZM:A,c585a9201760476e,683f24dcf8e4d214,0.857748,0.330683,1.0,0.0,0.58905,0.58905,0.063267,0.022035,True,True,False,True,True,False
coord_002_pdb_2LZM_A_t4_lysozyme,2LZM:A,427ee6b12f17efa7,46e2acebfbc6e152,0.81552,0.382876,1.0,0.306667,0.579282,0.526352,0.022035,0.085189,True,True,True,True,True,False
coord_002_pdb_2LZM_A_t4_lysozyme,2LZM:A,d94f4d4078027e5f,790f7026adaa642e,0.809072,0.234059,1.0,0.0,0.598819,0.579282,0.0209,0.136983,True,True,False,True,True,False
coord_002_pdb_2LZM_A_t4_lysozyme,2LZM:A,8c7ea8b4111155a7,bb4f213b233c6432,0.814339,0.184036,1.0,0.0,0.598819,0.515902,0.011018,0.2107,True,True,False,True,True,False
coord_002_pdb_2LZM_A_t4_lysozyme,2LZM:A,c24499acaca341cc,0d53d92849e459be,0.76295,0.271802,0.86,0.0,0.577919,0.588369,0.124716,0.075988,True,True,True,True,True,False
coord_002_pdb_2LZM_A_t4_lysozyme,2LZM:A,39222feaf6397186,f9445aac61a400eb,0.64874,0.323145,0.623333,0.0,0.58905,0.577919,0.074852,0.061336,True,True,False,True,True,False
coord_002_pdb_2LZM_A_t4_lysozyme,2LZM:A,72bb7e747600df3a,0dcf98f589d75d3a,0.756047,0.246481,0.9,0.0,0.547251,0.598819,0.063835,0.146979,True,True,False,True,True,False
coord_002_pdb_2LZM_A_t4_lysozyme,2LZM:A,cf5fb3dc1a5a8431,8850c006a65638b4,0.762751,0.453443,1.0,0.306667,0.476147,0.588369,0.103135,0.094048,True,True,True,True,True,False
coord_002_pdb_2LZM_A_t4_lysozyme,2LZM:A,5b483755891c303b,9b407360a1954553,0.621312,0.304648,0.573333,0.0,0.568151,0.529078,0.156406,0.123467,True,True,True,True,True,False
coord_002_pdb_2LZM_A_t4_lysozyme,2LZM:A,9c6f07fada1a1b04,48fac64a1f513a4d,0.73981,0.306396,0.92,0.0,0.465697,0.598819,0.124035,0.031917,True,True,False,True,True,False
coord_002_pdb_2LZM_A_t4_lysozyme,2LZM:A,367dc47d54d24866,eea9e5ab6554300b,0.499358,0.263521,0.306667,0.0,0.598819,0.512608,0.051454,0.127556,True,True,False,True,True,False
coord_002_pdb_2LZM_A_t4_lysozyme,2LZM:A,9a8e65b1490efbab,6b3499bd9fc18239,0.61667,0.300472,0.573333,0.0,0.58905,0.58905,0.011018,0.022035,True,True,False,True,True,False
coord_002_pdb_2LZM_A_t4_lysozyme,2LZM:A,3fbabbd86adca2af,e03762ea541bbb88,0.649641,0.305763,0.623333,0.0,0.598819,0.58905,0.074852,0.073716,True,True,False,True,True,False
coord_002_pdb_2LZM_A_t4_lysozyme,2LZM:A,860f69c38d9731d9,192f7c59a8756f79,0.569093,0.235237,0.573333,0.0,0.579282,0.598819,0.040436,0.106202,True,True,True,True,True,False
coord_002_pdb_2LZM_A_t4_lysozyme,2LZM:A,87680c762a0d4827,48fac64a1f513a4d,0.620372,0.306396,0.613333,0.0,0.598819,0.598819,0.082235,0.031917,True,True,False,True,True,False
coord_002_pdb_2LZM_A_t4_lysozyme,2LZM:A,9b51494800719ad5,e03762ea541bbb88,0.620294,0.305763,0.613333,0.0,0.528396,0.58905,0.050772,0.073716,True,True,False,True,True,False
coord_002_pdb_2LZM_A_t4_lysozyme,2LZM:A,770ddefa04d29c02,18cbe2c94ce73845,0.644222,0.29724,0.573333,0.0,0.58905,0.538846,0.011018,0.127215,True,True,False,True,True,False
coord_002_pdb_2LZM_A_t4_lysozyme,2LZM:A,591a9c694b529781,18cbe2c94ce73845,0.491296,0.29724,0.286667,0.0,0.598819,0.538846,0.107678,0.127215,True,True,False,True,True,False
coord_002_pdb_2LZM_A_t4_lysozyme,2LZM:A,99c909026d53159f,0d53d92849e459be,0.612895,0.271802,0.573333,0.0,0.598819,0.588369,0.011018,0.075988,True,True,True,True,True,False
coord_002_pdb_2LZM_A_t4_lysozyme,2LZM:A,1e228e2b6297a3b0,03e3c8168ea80e71,0.431804,0.265204,0.316667,0.0,0.50284,0.517946,0.131304,0.071104,True,True,False,True,True,False
coord_002_pdb_2LZM_A_t4_lysozyme,2LZM:A,649cb45bff9d38b8,192f7c59a8756f79,0.554165,0.235237,0.573333,0.0,0.537483,0.598819,0.092685,0.106202,True,True,True,True,True,False
coord_002_pdb_2LZM_A_t4_lysozyme,2LZM:A,cdc3438c99ffa8e5,5457ce901cc4f3db,0.366948,0.238639,0.306667,0.0,0.526352,0.568832,0.189232,0.128237,True,True,False,True,True,False
coord_002_pdb_2LZM_A_t4_lysozyme,2LZM:A,dac40850b9753895,d1869fc224f7641b,0.290362,0.293499,0.0,0.0,0.512608,0.526352,0.074625,0.072808,False,False,False,True,True,False
coord_002_pdb_2LZM_A_t4_lysozyme,2LZM:A,9232943097d8f42c,d1869fc224f7641b,0.27122,0.293499,0.0,0.0,0.466379,0.526352,0.082576,0.072808,False,False,False,True,True,False
coord_002_pdb_2LZM_A_t4_lysozyme,2LZM:A,154100dd2cbbfebb,db2b45973e460c50,0.255081,0.256141,0.0,0.0,0.512608,0.538846,0.064857,0.093139,False,False,False,True,True,False
coord_002_pdb_2LZM_A_t4_lysozyme,2LZM:A,7450e6879f892852,12747f7ac7387d53,0.409158,0.264819,0.286667,0.0,0.461381,0.569514,0.076897,0.064857,True,True,False,True,True,False
coord_003_pdb_1TEN_A_tenascin_fn3,1TEN:A,d094ab28bc2e7323,8beb3596e6fe4366,0.912379,0.350041,1.0,0.0,0.719202,0.760789,0.0,0.0,True,True,False,True,True,False
coord_003_pdb_1TEN_A_tenascin_fn3,1TEN:A,de7a4160201080a9,c55f208dfa67a889,0.956202,0.227507,1.0,0.0,0.760789,0.657662,0.021746,0.173972,True,True,False,True,True,False
coord_003_pdb_1TEN_A_tenascin_fn3,1TEN:A,aac68c4e3c6dc022,e68c7f0f37ddcc7d,0.870493,0.315481,1.0,0.0,0.760789,0.657325,0.03262,0.063334,True,True,False,True,True,False
coord_003_pdb_1TEN_A_tenascin_fn3,1TEN:A,819f28bce14e526a,8d8ed99a7755983e,0.9506,0.310939,1.0,0.0,0.719202,0.627396,0.0,0.169712,True,True,False,True,True,False
coord_003_pdb_1TEN_A_tenascin_fn3,1TEN:A,be2ed4bb6f5f8034,f85ad4eeb953edd9,0.903957,0.30902,1.0,0.0,0.760789,0.614729,0.043493,0.073534,True,True,False,True,True,False
coord_003_pdb_1TEN_A_tenascin_fn3,1TEN:A,3ce22d91f9381db0,02febda2f6b8a948,0.905503,0.319639,1.0,0.0,0.760789,0.647349,0.0,0.043493,True,True,False,True,True,False
coord_003_pdb_1TEN_A_tenascin_fn3,1TEN:A,094fae3d50cdd03a,8beb3596e6fe4366,0.866229,0.350041,1.0,0.0,0.75014,0.760789,0.043493,0.0,True,True,False,True,True,False
coord_003_pdb_1TEN_A_tenascin_fn3,1TEN:A,3a3658d95b1bdf94,8beb3596e6fe4366,0.889999,0.350041,1.0,0.0,0.760789,0.760789,0.0,0.0,True,True,False,True,True,False
coord_003_pdb_1TEN_A_tenascin_fn3,1TEN:A,4bf92e4d17d38123,84b651dfc4ed2ae5,0.838584,0.403445,0.86,0.0,0.677951,0.760789,0.0,0.03262,True,True,False,True,True,False
coord_003_pdb_1TEN_A_tenascin_fn3,1TEN:A,92cf25354d5e6b0d,3bfea9daeb3d3b09,0.930455,0.355465,1.0,0.0,0.760789,0.731869,0.0,0.043493,True,True,False,True,True,False
coord_003_pdb_1TEN_A_tenascin_fn3,1TEN:A,b0e09fd9b7794c8d,8beb3596e6fe4366,0.857684,0.350041,1.0,0.0,0.688264,0.760789,0.030938,0.0,True,True,False,True,True,False
coord_003_pdb_1TEN_A_tenascin_fn3,1TEN:A,ad668508510968b8,8beb3596e6fe4366,0.805829,0.350041,1.0,0.0,0.657662,0.760789,0.14662,0.0,True,True,False,True,True,False
coord_003_pdb_1TEN_A_tenascin_fn3,1TEN:A,71e023bdde738cbb,8beb3596e6fe4366,0.87642,0.350041,1.0,0.0,0.688264,0.760789,0.083623,0.0,True,True,False,True,True,False
coord_003_pdb_1TEN_A_tenascin_fn3,1TEN:A,c528015c2f3d1cab,d05da4520e1ff009,0.873494,0.360665,1.0,0.0,0.760789,0.760789,0.03262,0.0,True,True,False,True,True,False
coord_003_pdb_1TEN_A_tenascin_fn3,1TEN:A,47fa9600d04e7391,6be42e789ac9f80f,0.871679,0.357879,1.0,0.0,0.760789,0.731869,0.097859,0.0,True,True,False,True,True,False
coord_003_pdb_1TEN_A_tenascin_fn3,1TEN:A,d786363c83a07254,d9ad08f099d94bb2,0.910313,0.302601,1.0,0.0,0.760789,0.656317,0.03262,0.169712,True,True,False,True,True,False
coord_003_pdb_1TEN_A_tenascin_fn3,1TEN:A,11ae0f33ac2f81f2,dbfba236daeedd5a,0.811917,0.421845,0.86,0.0,0.646676,0.760789,0.119605,0.021746,True,True,False,True,True,False
coord_003_pdb_1TEN_A_tenascin_fn3,1TEN:A,8437b2335800d30b,8beb3596e6fe4366,0.836886,0.350041,1.0,0.0,0.677951,0.760789,0.072189,0.0,True,True,False,True,True,False
coord_003_pdb_1TEN_A_tenascin_fn3,1TEN:A,fc75e2bf0fdc92bf,e68c7f0f37ddcc7d,0.866845,0.315481,1.0,0.0,0.760789,0.657325,0.03262,0.063334,True,True,False,True,True,False
coord_003_pdb_1TEN_A_tenascin_fn3,1TEN:A,4b2a53f3290547aa,0717b13662b7f6b1,0.796535,0.237711,1.0,0.0,0.657662,0.628741,0.103127,0.132048,True,True,True,True,True,False
coord_003_pdb_1TEN_A_tenascin_fn3,1TEN:A,8b657e60697eb98e,a2918ccca7d211e3,0.687916,0.35805,0.593333,0.0,0.760789,0.750476,0.0,0.043493,True,True,False,True,True,False
coord_003_pdb_1TEN_A_tenascin_fn3,1TEN:A,623a7de2836589e4,a051bf58f82ebeda,0.423327,0.273768,0.0,0.0,0.616074,0.656317,0.0,0.173972,True,False,True,True,True,False
coord_003_pdb_1TEN_A_tenascin_fn3,1TEN:A,0b4fbf4fb144193d,84b651dfc4ed2ae5,0.436895,0.403445,0.0,0.0,0.699249,0.760789,0.0,0.03262,True,False,False,True,True,False
coord_003_pdb_1TEN_A_tenascin_fn3,1TEN:A,2f0be9c16baa064d,a2918ccca7d211e3,0.586634,0.35805,0.306667,0.0,0.719202,0.750476,0.0,0.043493,True,True,False,True,True,False
coord_003_pdb_1TEN_A_tenascin_fn3,1TEN:A,39a9181967c0c6ef,a8f6c5a6401b225d,0.473989,0.354912,0.316667,0.0,0.614729,0.646676,0.08508,0.054366,True,True,False,True,True,False
coord_003_pdb_1TEN_A_tenascin_fn3,1TEN:A,44c23a669ac7a729,027c180332a5094e,0.438553,0.383952,0.306667,0.306667,0.760789,0.719202,0.173972,0.215559,True,True,True,True,True,False
coord_003_pdb_1TEN_A_tenascin_fn3,1TEN:A,81e00f5c6839b44d,84b651dfc4ed2ae5,0.388821,0.403445,0.0,0.0,0.656317,0.760789,0.043493,0.03262,False,True,False,True,True,False
coord_003_pdb_1TEN_A_tenascin_fn3,1TEN:A,98f3373f38126e82,84b651dfc4ed2ae5,0.400698,0.403445,0.0,0.0,0.657662,0.760789,0.03262,0.03262,False,False,False,True,True,False
coord_003_pdb_1TEN_A_tenascin_fn3,1TEN:A,23ced1b26fca3663,bd80baf3b810bec8,0.360259,0.262787,0.0,0.0,0.628741,0.511938,0.0,0.169712,True,False,False,True,True,False
coord_003_pdb_1TEN_A_tenascin_fn3,1TEN:A,2ac694fa54e72bfa,8442f9b84adc7ffa,0.316574,0.27169,0.0,0.0,0.636364,0.656317,0.082838,0.169712,True,False,False,True,True,False
coord_003_pdb_1TEN_A_tenascin_fn3,1TEN:A,1616affc1f0a3968,8accace941f54361,0.37339,0.373594,0.0,0.0,0.680641,0.760789,0.0,0.043493,False,False,False,True,True,False
coord_003_pdb_1TEN_A_tenascin_fn3,1TEN:A,4849b6f5e4a615c5,a8f6c5a6401b225d,0.351313,0.354912,0.0,0.0,0.542204,0.646676,0.032395,0.054366,False,False,False,True,True,False
coord_003_pdb_1TEN_A_tenascin_fn3,1TEN:A,2f45872fd8e403f0,8454147373ff806e,0.469844,0.252113,0.306667,0.0,0.760789,0.553189,0.097859,0.169712,True,True,False,True,True,False
coord_003_pdb_1TEN_A_tenascin_fn3,1TEN:A,0a9dc7755e0e261c,8442f9b84adc7ffa,0.339191,0.27169,0.0,0.0,0.731869,0.656317,0.0,0.169712,True,False,False,True,True,False
coord_003_pdb_1TEN_A_tenascin_fn3,1TEN:A,4d4282c656404169,84b651dfc4ed2ae5,0.368038,0.403445,0.0,0.0,0.760789,0.760789,0.043493,0.03262,False,True,False,True,True,False
coord_003_pdb_1TEN_A_tenascin_fn3,1TEN:A,0958bef812584c53,752cfecd932ad9c7,0.458432,0.34465,0.0,0.0,0.760789,0.760789,0.0,0.141352,True,True,True,True,True,False
coord_003_pdb_1TEN_A_tenascin_fn3,1TEN:A,4e3f9cd1600c67a8,bd80baf3b810bec8,0.357642,0.262787,0.0,0.0,0.677951,0.511938,0.0,0.169712,True,True,False,True,True,False
coord_003_pdb_1TEN_A_tenascin_fn3,1TEN:A,81ab5f118eda4653,e439c83de8b8d3c9,0.32055,0.288715,0.0,0.0,0.760789,0.677951,0.0,0.0,True,False,False,True,True,False
coord_003_pdb_1TEN_A_tenascin_fn3,1TEN:A,b1db27ad9be402bf,f21b9bb8648e2948,0.493023,0.333547,0.316667,0.0,0.657662,0.75014,0.097859,0.108508,True,True,False,True,True,False
coord_003_pdb_1TEN_A_tenascin_fn3,1TEN:A,b4736ca59fe42146,5909b4902621b85e,0.396981,0.351945,0.0,0.0,0.760789,0.731869,0.03262,0.03262,True,False,False,True,True,False
coord_004_pdb_1CSP_A_cold_shock_protein,1CSP:A,748b6064c0ec92dd,c15d5e407f3f8b4b,1.01481,0.241403,1.0,0.0,0.85881,0.679492,0.0,0.161063,True,True,False,True,True,False
coord_004_pdb_1CSP_A_cold_shock_protein,1CSP:A,de192c08614a40dc,c15d5e407f3f8b4b,0.94702,0.241403,1.0,0.0,0.826228,0.679492,0.0,0.161063,True,True,False,True,True,False
coord_004_pdb_1CSP_A_cold_shock_protein,1CSP:A,2e90d95dfdfaff3f,cfb844d56016c964,0.889673,0.312751,1.0,0.0,0.809128,0.753899,0.070248,0.129174,True,True,False,True,True,False
coord_004_pdb_1CSP_A_cold_shock_protein,1CSP:A,a5afbc73e22ebd4a,fecce4020808f561,0.888054,0.265637,1.0,0.0,0.837551,0.796418,0.052455,0.139804,True,True,False,True,True,False
coord_004_pdb_1CSP_A_cold_shock_protein,1CSP:A,a1e5e7e6332ba378,cfb844d56016c964,0.931637,0.312751,1.0,0.0,0.795032,0.753899,0.009936,0.129174,True,True,False,True,True,False
coord_004_pdb_1CSP_A_cold_shock_protein,1CSP:A,377f665ef0befe71,33f5dc4c0aca6ad9,0.833739,0.354241,1.0,0.0,0.783709,0.807741,0.085038,0.039746,True,True,False,True,True,False
coord_004_pdb_1CSP_A_cold_shock_protein,1CSP:A,aa89ce1be5403824,440a7fd3097fab38,0.838395,0.266945,1.0,0.0,0.868746,0.659272,0.099365,0.115887,True,True,False,True,True,False
coord_004_pdb_1CSP_A_cold_shock_protein,1CSP:A,0845d8b10d68ad83,4ddac57caf08bf62,0.845526,0.308487,1.0,0.0,0.838937,0.837551,0.040439,0.109301,True,True,False,True,True,False
coord_004_pdb_1CSP_A_cold_shock_protein,1CSP:A,02883323b47d2e47,c15d5e407f3f8b4b,0.902999,0.241403,1.0,0.0,0.868746,0.679492,0.099365,0.161063,True,True,False,True,True,False
coord_004_pdb_1CSP_A_cold_shock_protein,1CSP:A,568ecad6d32d1cbe,c15d5e407f3f8b4b,0.829909,0.241403,0.86,0.0,0.783709,0.679492,0.021259,0.161063,True,True,False,True,True,False
coord_004_pdb_1CSP_A_cold_shock_protein,1CSP:A,f5c2081f9b2dfd72,440a7fd3097fab38,0.856111,0.266945,1.0,0.0,0.838937,0.659272,0.029809,0.115887,True,True,False,True,True,False
coord_004_pdb_1CSP_A_cold_shock_protein,1CSP:A,1ec2ce8e4fa77872,37210d840f745780,0.850165,0.367589,1.0,0.0,0.817678,0.837551,0.082958,0.052455,True,True,False,True,True,False
coord_004_pdb_1CSP_A_cold_shock_protein,1CSP:A,22eab71d360cbfb4,68310f20810012b2,0.858978,0.253174,1.0,0.0,0.826228,0.711381,0.063778,0.146736,True,True,False,True,True,False
coord_004_pdb_1CSP_A_cold_shock_protein,1CSP:A,c0de5af478fb902f,440a7fd3097fab38,0.814952,0.266945,1.0,0.0,0.826228,0.659272,0.141883,0.115887,True,True,False,True,True,False
coord_004_pdb_1CSP_A_cold_shock_protein,1CSP:A,45ecfcf21dfdf878,3b2881f9be3a3892,0.703182,0.350872,0.613333,0.0,0.868746,0.809128,0.021259,0.061698,True,True,False,True,True,False
coord_004_pdb_1CSP_A_cold_shock_protein,1CSP:A,10132db011f77e1f,ce2dc606a32b0238,0.698193,0.332532,0.573333,0.0,0.816291,0.795032,0.009936,0.109301,True,True,False,True,True,False
coord_004_pdb_1CSP_A_cold_shock_protein,1CSP:A,eeba6189ef761da7,68310f20810012b2,0.891642,0.253174,1.0,0.0,0.85881,0.711381,0.009936,0.146736,True,True,False,True,True,False
coord_004_pdb_1CSP_A_cold_shock_protein,1CSP:A,18b2a143870f451f,ce2dc606a32b0238,0.584362,0.332532,0.286667,0.0,0.826228,0.795032,0.0,0.109301,True,True,False,True,True,False
coord_004_pdb_1CSP_A_cold_shock_protein,1CSP:A,c250de40ae3a4d50,440a7fd3097fab38,0.697023,0.266945,1.0,0.0,0.594454,0.659272,0.365107,0.115887,True,True,False,True,True,False
coord_004_pdb_1CSP_A_cold_shock_protein,1CSP:A,c701a220e91be65d,ce2dc606a32b0238,0.600898,0.332532,0.286667,0.0,0.838937,0.795032,0.021259,0.109301,True,True,False,True,True,False
coord_004_pdb_1CSP_A_cold_shock_protein,1CSP:A,11e1a47e6b9d663d,68310f20810012b2,0.833158,0.253174,1.0,0.0,0.838937,0.711381,0.120624,0.146736,True,True,False,True,True,False
coord_004_pdb_1CSP_A_cold_shock_protein,1CSP:A,c1944e79d9b17464,c1ffd21b93a8bd15,0.626056,0.321034,0.613333,0.0,0.753899,0.809128,0.146736,0.070248,True,True,False,True,True,False
coord_004_pdb_1CSP_A_cold_shock_protein,1CSP:A,b6dba7729357f0b5,ce2dc606a32b0238,0.530133,0.332532,0.306667,0.0,0.74119,0.795032,0.099365,0.109301,True,True,False,True,True,False
coord_004_pdb_1CSP_A_cold_shock_protein,1CSP:A,9ee2aed28198ebde,c15d5e407f3f8b4b,0.690044,0.241403,0.573333,0.0,0.748122,0.679492,0.051069,0.161063,True,True,False,True,True,False
coord_004_pdb_1CSP_A_cold_shock_protein,1CSP:A,2b3e66753b50f2b8,f7c2dd60b662beba,0.670902,0.287009,0.573333,0.0,0.787175,0.637666,0.052455,0.093588,True,True,False,True,True,False
coord_004_pdb_1CSP_A_cold_shock_protein,1CSP:A,6e0ebb34456e2578,ce2dc606a32b0238,0.523811,0.332532,0.306667,0.0,0.753899,0.795032,0.029809,0.109301,True,True,False,True,True,False
coord_004_pdb_1CSP_A_cold_shock_protein,1CSP:A,7a6e4e6dd0692ebb,ce2dc606a32b0238,0.562877,0.332532,0.306667,0.0,0.829001,0.795032,0.039746,0.109301,True,True,False,True,True,False
coord_004_pdb_1CSP_A_cold_shock_protein,1CSP:A,ce8a09649713c3f2,440a7fd3097fab38,0.494052,0.266945,0.306667,0.0,0.868746,0.659272,0.0,0.115887,True,True,False,True,True,False
coord_004_pdb_1CSP_A_cold_shock_protein,1CSP:A,d451b2134ff44d71,ce2dc606a32b0238,0.55586,0.332532,0.306667,0.0,0.816291,0.795032,0.109301,0.109301,True,True,False,True,True,False
coord_004_pdb_1CSP_A_cold_shock_protein,1CSP:A,54b05907d40617c4,33f5dc4c0aca6ad9,0.376134,0.354241,0.0,0.0,0.826228,0.807741,0.099365,0.039746,True,False,False,True,True,False
coord_004_pdb_1CSP_A_cold_shock_protein,1CSP:A,fd4425dc8c386b28,cfb844d56016c964,0.548744,0.312751,0.286667,0.0,0.789255,0.753899,0.080878,0.129174,True,True,False,True,True,False
coord_004_pdb_1CSP_A_cold_shock_protein,1CSP:A,e039cd421d3c52ab,33f5dc4c0aca6ad9,0.385953,0.354241,0.0,0.0,0.838937,0.807741,0.029809,0.039746,True,False,False,True,True,False
coord_004_pdb_1CSP_A_cold_shock_protein,1CSP:A,dd090083a0df92e6,ce2dc606a32b0238,0.342881,0.332532,0.0,0.0,0.796418,0.795032,0.040439,0.109301,True,False,False,True,True,False
coord_004_pdb_1CSP_A_cold_shock_protein,1CSP:A,96a34a1ee44253d3,2e1fa4d2ecc39f1d,0.408859,0.304711,0.0,0.0,0.829001,0.743963,0.061005,0.156672,True,False,False,True,True,False
coord_004_pdb_1CSP_A_cold_shock_protein,1CSP:A,bd8f0a6be3528994,8dfc8dc48f3db4e3,0.368682,0.299218,0.0,0.0,0.692894,0.630503,0.050376,0.156672,True,False,False,True,True,False
coord_004_pdb_1CSP_A_cold_shock_protein,1CSP:A,88e9ee7476f19b7a,fecce4020808f561,0.438746,0.265637,0.286667,0.0,0.838937,0.796418,0.129174,0.139804,True,True,False,True,True,False
coord_004_pdb_1CSP_A_cold_shock_protein,1CSP:A,139ccbc494e28e1c,33f5dc4c0aca6ad9,0.312123,0.354241,0.0,0.0,0.826228,0.807741,0.163143,0.039746,False,False,False,True,True,False
coord_004_pdb_1CSP_A_cold_shock_protein,1CSP:A,e3232deaff95d440,4ddac57caf08bf62,0.321911,0.308487,0.0,0.0,0.868746,0.837551,0.099365,0.109301,True,False,False,True,True,False
coord_004_pdb_1CSP_A_cold_shock_protein,1CSP:A,1b6d1d4009532632,440a7fd3097fab38,0.481419,0.266945,0.306667,0.0,0.837551,0.659272,0.009936,0.115887,True,True,False,True,True,False
coord_004_pdb_1CSP_A_cold_shock_protein,1CSP:A,52aa6661d623e5e5,37210d840f745780,0.381944,0.367589,0.0,0.0,0.85881,0.837551,0.109301,0.052455,True,False,False,True,True,False
coord_005_pdb_1TIM_A_triosephosphate_isomerase,1TIM:A,c7a3f6448732db15,0ee1e3d0b27f0079,0.750293,0.284597,1.0,0.0,0.183864,0.244457,0.177168,0.0,True,True,True,True,True,False
coord_005_pdb_1TIM_A_triosephosphate_isomerase,1TIM:A,7d1f8fc48e06b6d7,62c15223b20e19ba,0.741419,0.224752,1.0,0.0,0.193963,0.234029,0.082437,0.010428,True,True,False,True,True,False
coord_005_pdb_1TIM_A_triosephosphate_isomerase,1TIM:A,6effbc3fed57e50f,bd2fe77421f71f4e,0.768033,0.215444,1.0,0.0,0.173765,0.163337,0.052141,0.031723,True,True,True,True,True,False
coord_005_pdb_1TIM_A_triosephosphate_isomerase,1TIM:A,165e1a429f6c1dbe,0ee1e3d0b27f0079,0.755815,0.284597,1.0,0.0,0.224259,0.244457,0.126674,0.0,True,True,True,True,True,False
coord_005_pdb_1TIM_A_triosephosphate_isomerase,1TIM:A,2ee733fa1fb77324,0840e117d4b4e1f8,0.578777,0.221843,0.646667,0.0,0.173765,0.223161,0.021295,0.031943,True,True,False,True,True,False
coord_005_pdb_1TIM_A_triosephosphate_isomerase,1TIM:A,acf5ec9f8333f3df,0ee1e3d0b27f0079,0.620572,0.284597,0.633333,0.0,0.244457,0.244457,0.010648,0.0,True,True,True,True,True,False
coord_005_pdb_1TIM_A_triosephosphate_isomerase,1TIM:A,1972cd4ba63e2ecc,45ebb112fa5f4a90,0.585645,0.250351,0.633333,0.0,0.244457,0.244457,0.010648,0.050494,True,True,False,True,True,False
coord_005_pdb_1TIM_A_triosephosphate_isomerase,1TIM:A,5ebc62eb49abd113,5404402b5eb4f384,0.577182,0.155734,0.613333,0.0,0.193963,0.244457,0.010648,0.244896,True,True,True,True,True,False
coord_005_pdb_1TIM_A_triosephosphate_isomerase,1TIM:A,e2b0bab80264bcb1,8793c01b35ba3c20,0.429861,0.171726,0.323333,0.0,0.244457,0.244457,0.0,0.287267,True,True,False,True,True,False
coord_005_pdb_1TIM_A_triosephosphate_isomerase,1TIM:A,ac38bcd5c26bdede,c914296037ebb0cd,0.400367,0.238338,0.316667,0.0,0.244457,0.244457,0.091877,0.061142,True,True,False,True,True,False
coord_005_pdb_1TIM_A_triosephosphate_isomerase,1TIM:A,7b1c578d33205802,bd2fe77421f71f4e,0.417001,0.215444,0.316667,0.0,0.244457,0.163337,0.0,0.031723,True,True,True,True,True,False
coord_005_pdb_1TIM_A_triosephosphate_isomerase,1TIM:A,21e57127a20bc2bf,45ebb112fa5f4a90,0.443184,0.250351,0.316667,0.0,0.244457,0.244457,0.031943,0.050494,True,True,False,True,True,False
coord_005_pdb_1TIM_A_triosephosphate_isomerase,1TIM:A,1835665444086ee7,0840e117d4b4e1f8,0.391391,0.221843,0.323333,0.0,0.244457,0.223161,0.021295,0.031943,True,True,False,True,True,False
coord_005_pdb_1TIM_A_triosephosphate_isomerase,1TIM:A,a3230c6fe4f6d725,62c15223b20e19ba,0.399613,0.224752,0.316667,0.0,0.244457,0.234029,0.0,0.010428,True,True,False,True,True,False
coord_005_pdb_1TIM_A_triosephosphate_isomerase,1TIM:A,3a92659c3398f7e1,0ee1e3d0b27f0079,0.302529,0.284597,0.0,0.0,0.223161,0.244457,0.0,0.0,True,True,True,True,True,False
coord_005_pdb_1TIM_A_triosephosphate_isomerase,1TIM:A,5c4251d4a0d1c221,149066282efcab59,0.292215,0.228633,0.0,0.0,0.244457,0.234029,0.0,0.113392,True,True,False,True,True,False
coord_005_pdb_1TIM_A_triosephosphate_isomerase,1TIM:A,115c91bd28e53f64,34505d7d8e8ceff9,0.238551,0.189527,0.0,0.0,0.163117,0.173765,0.031943,0.159715,True,False,False,True,True,False
coord_005_pdb_1TIM_A_triosephosphate_isomerase,1TIM:A,ce45179961e49761,1bec9eb09d69eea8,0.258863,0.223915,0.0,0.0,0.223161,0.224259,0.050494,0.145774,True,False,False,True,True,False
coord_005_pdb_1TIM_A_triosephosphate_isomerase,1TIM:A,f2dcc1d009c2c2bf,45ebb112fa5f4a90,0.266439,0.250351,0.0,0.0,0.223161,0.244457,0.030296,0.050494,True,False,False,True,True,False
coord_005_pdb_1TIM_A_triosephosphate_isomerase,1TIM:A,4b80615f45b5b0b8,149066282efcab59,0.267765,0.228633,0.0,0.0,0.223161,0.234029,0.0,0.113392,True,True,False,True,True,False
coord_005_pdb_1TIM_A_triosephosphate_isomerase,1TIM:A,c8dcea1422f60869,0ee1e3d0b27f0079,0.275167,0.284597,0.0,0.0,0.173765,0.244457,0.021295,0.0,False,True,True,True,True,False
coord_005_pdb_1TIM_A_triosephosphate_isomerase,1TIM:A,e7f9eb955d91744b,8793c01b35ba3c20,0.256199,0.171726,0.0,0.0,0.244457,0.244457,0.0,0.287267,True,False,False,True,True,False
coord_005_pdb_1TIM_A_triosephosphate_isomerase,1TIM:A,df63842c9cae3906,727e1742d38bf3ee,0.283999,0.23477,0.0,0.0,0.244457,0.244457,0.050494,0.081449,True,True,True,True,True,False
coord_005_pdb_1TIM_A_triosephosphate_isomerase,1TIM:A,d7579d7232e8d440,0e334c3d2bac5020,0.258556,0.231773,0.0,0.0,0.173765,0.244457,0.051592,0.091877,True,False,True,True,True,False
coord_005_pdb_1TIM_A_triosephosphate_isomerase,1TIM:A,af0df381cd4efa7a,32bdf095fbb928ca,0.269149,0.236634,0.0,0.0,0.244457,0.234029,0.030296,0.092097,True,False,False,True,True,False
coord_005_pdb_1TIM_A_triosephosphate_isomerase,1TIM:A,60eb6c34ae82e564,0ee1e3d0b27f0079,0.421898,0.284597,0.306667,0.0,0.244457,0.244457,0.09528,0.0,True,True,True,True,True,False
coord_005_pdb_1TIM_A_triosephosphate_isomerase,1TIM:A,c01604513745908b,ce32cefe6c022f60,0.252942,0.241997,0.0,0.0,0.173765,0.244457,0.071789,0.071789,True,False,False,True,True,False
coord_005_pdb_1TIM_A_triosephosphate_isomerase,1TIM:A,4ad66fa1adcd0c25,ce32cefe6c022f60,0.273924,0.241997,0.0,0.0,0.244457,0.244457,0.030296,0.071789,True,True,False,True,True,False
coord_005_pdb_1TIM_A_triosephosphate_isomerase,1TIM:A,687f5226dff29418,b3d516a47410c762,0.245036,0.167929,0.0,0.0,0.244457,0.224259,0.021295,0.233699,True,True,False,True,True,False
coord_005_pdb_1TIM_A_triosephosphate_isomerase,1TIM:A,c857e49c082b5249,08f4e7baa2c9dc44,0.408131,0.145084,0.316667,0.0,0.244457,0.193963,0.031943,0.195719,True,True,False,True,True,False
coord_005_pdb_1TIM_A_triosephosphate_isomerase,1TIM:A,b65e8310d25fe854,0e334c3d2bac5020,0.264024,0.231773,0.0,0.0,0.244457,0.244457,0.050494,0.091877,True,False,True,True,True,False
coord_005_pdb_1TIM_A_triosephosphate_isomerase,1TIM:A,e28745fbe9944ed9,2e279b9b419e23cb,0.267066,0.23569,0.0,0.0,0.244457,0.224259,0.010648,0.09528,True,False,False,True,True,False
coord_005_pdb_1TIM_A_triosephosphate_isomerase,1TIM:A,698f258019171678,34505d7d8e8ceff9,0.24536,0.189527,0.0,0.0,0.224259,0.173765,0.09528,0.159715,True,False,False,True,True,False
coord_005_pdb_1TIM_A_triosephosphate_isomerase,1TIM:A,b80ddeb604d1f04d,7bba8ca126a6a442,0.259245,0.229167,0.0,0.0,0.244457,0.224259,0.040944,0.125576,True,False,False,True,True,False
coord_005_pdb_1TIM_A_triosephosphate_isomerase,1TIM:A,9b56f1f64d56c50b,a568a420304ea86e,0.216774,0.203917,0.0,0.0,0.244457,0.234029,0.0,0.031723,True,True,True,True,True,False
coord_005_pdb_1TIM_A_triosephosphate_isomerase,1TIM:A,30a67bb705ddf1fb,214b84fa03118c0e,0.27673,0.270277,0.0,0.0,0.244457,0.244457,0.010648,0.031943,True,False,False,True,True,False
coord_005_pdb_1TIM_A_triosephosphate_isomerase,1TIM:A,832c4822e6ae5981,a8915bc1759ecf80,0.24312,0.213877,0.0,0.0,0.244457,0.244457,0.0,0.091877,True,True,True,True,True,False
coord_005_pdb_1TIM_A_triosephosphate_isomerase,1TIM:A,9c4a818b96d9a6f8,0e334c3d2bac5020,0.252328,0.231773,0.0,0.0,0.244457,0.244457,0.081449,0.091877,True,True,True,True,True,False
coord_005_pdb_1TIM_A_triosephosphate_isomerase,1TIM:A,a8089966d6a43f69,45ebb112fa5f4a90,0.257598,0.250351,0.0,0.0,0.244457,0.244457,0.030296,0.050494,True,False,False,True,True,False
coord_005_pdb_1TIM_A_triosephosphate_isomerase,1TIM:A,3586022314214ca6,ce32cefe6c022f60,0.247682,0.241997,0.0,0.0,0.244457,0.244457,0.051592,0.071789,True,False,False,True,True,False
coord_006_pdb_1PGA_A_protein_g_b1,1PGA:A,b40de1174285e775,f9c4a165cba72b36,0.887739,0.288183,1.0,0.0,0.857651,0.804128,0.012242,0.195872,True,True,False,True,True,False
coord_006_pdb_1PGA_A_protein_g_b1,1PGA:A,8ead76856d54eadd,4cd7b3c1ee8dbc5f,0.950681,0.36869,1.0,0.0,0.869893,0.923132,0.0,0.064626,True,True,False,True,True,False
coord_006_pdb_1PGA_A_protein_g_b1,1PGA:A,52d535e82f09cb8d,4cd7b3c1ee8dbc5f,0.824314,0.36869,1.0,0.0,0.759715,0.923132,0.110178,0.064626,True,True,False,True,True,False
coord_006_pdb_1PGA_A_protein_g_b1,1PGA:A,a4ba2f14f847bef9,4cd7b3c1ee8dbc5f,1.013295,0.36869,1.0,0.0,0.974662,0.923132,0.025338,0.064626,True,True,False,True,True,False
coord_006_pdb_1PGA_A_protein_g_b1,1PGA:A,d7f0ec7a73530fad,4cd7b3c1ee8dbc5f,0.89223,0.36869,1.0,0.0,0.81637,0.923132,0.18363,0.064626,True,True,False,True,True,False
coord_006_pdb_1PGA_A_protein_g_b1,1PGA:A,716dac20bd4eedb3,e0f1040707e2eb88,0.810327,0.386516,0.613333,0.0,0.975516,0.754306,0.024484,0.036726,True,True,False,True,True,False
coord_006_pdb_1PGA_A_protein_g_b1,1PGA:A,7c389e7788d0b867,f9c4a165cba72b36,0.771613,0.288183,1.0,0.0,0.69395,0.804128,0.073452,0.195872,True,True,False,True,True,False
coord_006_pdb_1PGA_A_protein_g_b1,1PGA:A,3919c4e3c7c3f546,f9c4a165cba72b36,0.884723,0.288183,1.0,0.0,0.935374,0.804128,0.064626,0.195872,True,True,False,True,True,False
coord_006_pdb_1PGA_A_protein_g_b1,1PGA:A,962f90f0165b19fa,f9c4a165cba72b36,0.670755,0.288183,0.593333,0.0,0.869893,0.804128,0.0,0.195872,True,True,False,True,True,False
coord_006_pdb_1PGA_A_protein_g_b1,1PGA:A,455316fadbc0f299,f9c4a165cba72b36,0.753199,0.288183,1.0,0.0,0.568826,0.804128,0.182918,0.195872,True,True,False,True,True,False
coord_006_pdb_1PGA_A_protein_g_b1,1PGA:A,cf9d1baf7f2d6848,f9c4a165cba72b36,0.674394,0.288183,0.613333,0.0,0.742064,0.804128,0.048968,0.195872,True,True,False,True,True,False
coord_006_pdb_1PGA_A_protein_g_b1,1PGA:A,66372d5c97e3dfb2,e0f1040707e2eb88,0.791455,0.386516,1.0,0.0,0.600569,0.754306,0.179075,0.036726,True,True,False,True,True,False
coord_006_pdb_1PGA_A_protein_g_b1,1PGA:A,828302503f5a1809,f9c4a165cba72b36,0.686929,0.288183,1.0,0.0,0.408114,0.804128,0.175658,0.195872,True,True,False,True,True,False
coord_006_pdb_1PGA_A_protein_g_b1,1PGA:A,20bd39974dd18d36,f9c4a165cba72b36,0.661238,0.288183,0.306667,0.0,0.987758,0.804128,0.012242,0.195872,True,True,False,True,True,False
coord_006_pdb_1PGA_A_protein_g_b1,1PGA:A,b784be68c634d390,4cd7b3c1ee8dbc5f,0.545346,0.36869,0.306667,0.0,0.754306,0.923132,0.036726,0.064626,True,True,False,True,True,False
coord_006_pdb_1PGA_A_protein_g_b1,1PGA:A,54bbf7430c23478f,f9c4a165cba72b36,0.609668,0.288183,0.306667,0.0,0.975516,0.804128,0.024484,0.195872,True,True,False,True,True,False
coord_006_pdb_1PGA_A_protein_g_b1,1PGA:A,8a7fdd8ffebe4e45,f9c4a165cba72b36,0.512379,0.288183,0.306667,0.0,0.869893,0.804128,0.0,0.195872,True,True,False,True,True,False
coord_006_pdb_1PGA_A_protein_g_b1,1PGA:A,f9d7761eae04c6a8,4cd7b3c1ee8dbc5f,0.631258,0.36869,0.286667,0.0,0.937936,0.923132,0.0,0.064626,True,True,False,True,True,False
coord_006_pdb_1PGA_A_protein_g_b1,1PGA:A,edb2e3f9d6c2c81e,f9c4a165cba72b36,0.451193,0.288183,0.0,0.0,0.935374,0.804128,0.012242,0.195872,True,False,False,True,True,False
coord_006_pdb_1PGA_A_protein_g_b1,1PGA:A,60db7df8af64dae1,4cd7b3c1ee8dbc5f,0.397963,0.36869,0.0,0.0,0.950178,0.923132,0.012242,0.064626,True,False,False,True,True,False
coord_006_pdb_1PGA_A_protein_g_b1,1PGA:A,2d2cb4074f27b92b,f9c4a165cba72b36,0.508366,0.288183,0.306667,0.0,0.742064,0.804128,0.048968,0.195872,True,True,False,True,True,False
coord_006_pdb_1PGA_A_protein_g_b1,1PGA:A,377fa584297b72f8,4cd7b3c1ee8dbc5f,0.334651,0.36869,0.0,0.0,0.701922,0.923132,0.036726,0.064626,False,False,False,True,True,False
coord_006_pdb_1PGA_A_protein_g_b1,1PGA:A,6dad1517c73bf92d,4cd7b3c1ee8dbc5f,0.376762,0.36869,0.286667,0.0,0.730676,0.923132,0.232598,0.064626,True,True,False,True,True,False
coord_006_pdb_1PGA_A_protein_g_b1,1PGA:A,bd9824738068bd4b,e0f1040707e2eb88,0.427967,0.386516,0.0,0.0,0.922278,0.754306,0.013096,0.036726,True,False,False,True,True,False
coord_006_pdb_1PGA_A_protein_g_b1,1PGA:A,2237295a0bc08991,f9c4a165cba72b36,0.384346,0.288183,0.306667,0.0,0.641566,0.804128,0.125836,0.195872,True,True,False,True,True,False
coord_006_pdb_1PGA_A_protein_g_b1,1PGA:A,ac0f2c170995dbfc,4cd7b3c1ee8dbc5f,0.370772,0.36869,0.0,0.0,0.96242,0.923132,0.012242,0.064626,True,False,False,True,True,False
coord_006_pdb_1PGA_A_protein_g_b1,1PGA:A,8c53818185f5a6cc,e0f1040707e2eb88,0.504986,0.386516,0.0,0.0,0.987758,0.754306,0.012242,0.036726,True,False,False,True,True,False
coord_006_pdb_1PGA_A_protein_g_b1,1PGA:A,8d7511507c1c39be,4cd7b3c1ee8dbc5f,0.467388,0.36869,0.0,0.0,0.975516,0.923132,0.012242,0.064626,True,False,False,True,True,False
coord_006_pdb_1PGA_A_protein_g_b1,1PGA:A,eacd85570a92b8de,4cd7b3c1ee8dbc5f,0.368051,0.36869,0.0,0.0,0.975516,0.923132,0.012242,0.064626,False,False,False,True,True,False
coord_006_pdb_1PGA_A_protein_g_b1,1PGA:A,e1c1890e625a6ff9,4cd7b3c1ee8dbc5f,0.437042,0.36869,0.0,0.0,0.935374,0.923132,0.052384,0.064626,True,False,False,True,True,False
coord_006_pdb_1PGA_A_protein_g_b1,1PGA:A,dd2f6ea12137dfde,f9c4a165cba72b36,0.416872,0.288183,0.306667,0.0,0.69395,0.804128,0.085694,0.195872,True,True,False,True,True,False
coord_006_pdb_1PGA_A_protein_g_b1,1PGA:A,e10ab0e3b8815e64,4cd7b3c1ee8dbc5f,0.328022,0.36869,0.0,0.0,0.81637,0.923132,0.18363,0.064626,False,False,False,True,True,False
coord_006_pdb_1PGA_A_protein_g_b1,1PGA:A,84e26c4db1c3a597,4cd7b3c1ee8dbc5f,0.235822,0.36869,0.0,0.0,0.681708,0.923132,0.134662,0.064626,False,False,False,True,True,False
coord_006_pdb_1PGA_A_protein_g_b1,1PGA:A,bc3128744860478f,e0f1040707e2eb88,0.330259,0.386516,0.0,0.0,0.75089,0.754306,0.196726,0.036726,False,False,False,True,True,False
coord_006_pdb_1PGA_A_protein_g_b1,1PGA:A,0b839e3bbab7942b,f9c4a165cba72b36,0.292694,0.288183,0.0,0.0,0.804128,0.804128,0.195872,0.195872,True,False,False,True,True,False
coord_006_pdb_1PGA_A_protein_g_b1,1PGA:A,7dae18d892b822e4,4cd7b3c1ee8dbc5f,0.314771,0.36869,0.0,0.0,0.754306,0.923132,0.085694,0.064626,False,False,False,True,True,False
coord_006_pdb_1PGA_A_protein_g_b1,1PGA:A,f69344f9452f3703,4cd7b3c1ee8dbc5f,0.395753,0.36869,0.0,0.0,0.923132,0.923132,0.064626,0.064626,True,False,False,True,True,False
coord_006_pdb_1PGA_A_protein_g_b1,1PGA:A,c9dd101cd0042642,4cd7b3c1ee8dbc5f,0.280937,0.36869,0.0,0.0,0.715018,0.923132,0.18363,0.064626,False,False,False,True,True,False
coord_006_pdb_1PGA_A_protein_g_b1,1PGA:A,1b8ffb620e9036b2,f9c4a165cba72b36,0.301487,0.288183,0.306667,0.0,0.522562,0.804128,0.257082,0.195872,True,True,False,True,True,False
coord_006_pdb_1PGA_A_protein_g_b1,1PGA:A,80835723d2e722b7,f9c4a165cba72b36,0.299525,0.288183,0.0,0.0,0.869893,0.804128,0.052384,0.195872,True,False,False,True,True,False
coord_007_pdb_4AKE_A_adenylate_kinase,4AKE:A,1566fc1d4fcef971,1588c19455f42d65,0.706384,0.223195,1.0,0.0,0.22005,0.282921,0.178135,0.051745,True,True,False,True,True,False
coord_007_pdb_4AKE_A_adenylate_kinase,4AKE:A,30552d36333e597e,4f259bc5f5053956,0.684766,0.188527,1.0,0.0,0.22005,0.282921,0.199093,0.146484,True,True,False,True,True,False
coord_007_pdb_4AKE_A_adenylate_kinase,4AKE:A,c206363ae742f08b,2c8bb6131cbe9575,0.298289,0.218242,0.0,0.0,0.2934,0.2934,0.07335,0.08318,True,False,False,True,True,False
coord_007_pdb_4AKE_A_adenylate_kinase,4AKE:A,740d5b5b7db76d6b,2c8bb6131cbe9575,0.274437,0.218242,0.0,0.0,0.22005,0.2934,0.062871,0.08318,True,False,False,True,True,False
coord_007_pdb_4AKE_A_adenylate_kinase,4AKE:A,0ac459b51d3d8932,a65890c2f356ed83,0.262094,0.23725,0.0,0.0,0.2934,0.2934,0.0,0.0,True,False,False,True,True,False
coord_007_pdb_4AKE_A_adenylate_kinase,4AKE:A,4467c3a34586e347,6f6ef95f814c49db,0.263344,0.177847,0.0,0.0,0.2934,0.22005,0.0,0.125743,True,False,False,True,True,False
coord_007_pdb_4AKE_A_adenylate_kinase,4AKE:A,92c1ebb8df3a19bb,2c8bb6131cbe9575,0.281737,0.218242,0.0,0.0,0.2934,0.2934,0.07335,0.08318,True,False,False,True,True,False
coord_007_pdb_4AKE_A_adenylate_kinase,4AKE:A,df2de62d1ab57929,4f259bc5f5053956,0.308306,0.188527,0.323333,0.0,0.22005,0.282921,0.146484,0.146484,True,True,False,True,True,False
coord_007_pdb_4AKE_A_adenylate_kinase,4AKE:A,ba2b8a116a713e25,daa5ca9f8cde82eb,0.269592,0.252091,0.0,0.0,0.2934,0.2934,0.093875,0.041158,True,False,True,True,True,False
coord_007_pdb_4AKE_A_adenylate_kinase,4AKE:A,e491f16bbcc15e9b,daa5ca9f8cde82eb,0.27044,0.252091,0.0,0.0,0.2934,0.2934,0.093875,0.041158,True,False,True,True,True,False
coord_007_pdb_4AKE_A_adenylate_kinase,4AKE:A,336759ab9ec2834f,2c8bb6131cbe9575,0.258406,0.218242,0.0,0.0,0.22005,0.2934,0.062871,0.08318,True,False,False,True,True,False
coord_007_pdb_4AKE_A_adenylate_kinase,4AKE:A,86ad9aff672cef1d,fd75ba26ec54d37e,0.225767,0.218989,0.0,0.0,0.2934,0.2934,0.062871,0.08318,True,True,False,True,True,False
coord_007_pdb_4AKE_A_adenylate_kinase,4AKE:A,c06efc5711e49626,b4c113751df642b4,0.257728,0.211593,0.0,0.0,0.2934,0.2934,0.062871,0.07335,True,False,False,True,True,False
coord_007_pdb_4AKE_A_adenylate_kinase,4AKE:A,d6196abc7cda5cb7,b4c113751df642b4,0.197685,0.211593,0.0,0.0,0.22005,0.2934,0.07335,0.07335,False,False,False,True,True,False
coord_007_pdb_4AKE_A_adenylate_kinase,4AKE:A,1d3de8ad72425637,b4c113751df642b4,0.229645,0.211593,0.0,0.0,0.22005,0.2934,0.07335,0.07335,True,False,False,True,True,False
coord_007_pdb_4AKE_A_adenylate_kinase,4AKE:A,cea8679bef8542b8,6f6ef95f814c49db,0.196325,0.177847,0.0,0.0,0.2934,0.22005,0.1467,0.125743,True,True,False,True,True,False
coord_007_pdb_4AKE_A_adenylate_kinase,4AKE:A,86e96b9f63f32101,4f259bc5f5053956,0.220296,0.188527,0.0,0.0,0.2934,0.282921,0.114616,0.146484,True,False,False,True,True,False
coord_007_pdb_4AKE_A_adenylate_kinase,4AKE:A,0d3d5d106bf28a92,d608c937e4892fcc,0.210632,0.203673,0.0,0.0,0.22005,0.22005,0.104029,0.145512,True,False,False,True,True,False
coord_007_pdb_4AKE_A_adenylate_kinase,4AKE:A,4b909d2f82eb53e7,11528d5c79c7cdc0,0.200124,0.185499,0.0,0.0,0.2934,0.2934,0.114508,0.07335,True,False,False,True,True,False
coord_007_pdb_4AKE_A_adenylate_kinase,4AKE:A,514f13dbe511303b,daa5ca9f8cde82eb,0.241117,0.252091,0.0,0.0,0.2934,0.2934,0.08264,0.041158,False,True,True,True,True,False
coord_007_pdb_4AKE_A_adenylate_kinase,4AKE:A,7e853aae0bdc4d1c,091ab8fe3ca0cb82,0.238645,0.200005,0.0,0.0,0.282921,0.2934,0.051745,0.073134,True,False,False,True,True,False
coord_007_pdb_4AKE_A_adenylate_kinase,4AKE:A,d7cc730bb0f813c9,38497d460f2b1917,0.18335,0.160378,0.0,0.0,0.2934,0.2934,0.051745,0.073134,True,False,False,True,True,False
coord_007_pdb_4AKE_A_adenylate_kinase,4AKE:A,6bc3a10c447d8d84,25bc0543aae4e119,0.184161,0.148736,0.0,0.0,0.2934,0.2934,0.051745,0.143675,True,False,False,True,True,False
coord_007_pdb_4AKE_A_adenylate_kinase,4AKE:A,b1d23567c80dfef3,daa5ca9f8cde82eb,0.258401,0.252091,0.0,0.0,0.2934,0.2934,0.08264,0.041158,True,True,True,True,True,False
coord_007_pdb_4AKE_A_adenylate_kinase,4AKE:A,28e4495ba90f0665,a65890c2f356ed83,0.236003,0.23725,0.0,0.0,0.2934,0.2934,0.0,0.0,False,False,False,True,True,False
coord_007_pdb_4AKE_A_adenylate_kinase,4AKE:A,a8ae12aac345b7cd,6f6ef95f814c49db,0.174604,0.177847,0.0,0.0,0.22005,0.22005,0.136221,0.125743,False,True,False,True,True,False
coord_007_pdb_4AKE_A_adenylate_kinase,4AKE:A,bbae382a76669b06,20eaf8e279551233,0.177543,0.175532,0.0,0.0,0.2934,0.2934,0.0,0.0,True,True,True,True,True,False
coord_007_pdb_4AKE_A_adenylate_kinase,4AKE:A,5b557a4ffbb0964b,53fb4fd3a06a94d2,0.188449,0.139817,0.0,0.0,0.2934,0.2934,0.0,0.136221,True,False,True,True,True,False
coord_007_pdb_4AKE_A_adenylate_kinase,4AKE:A,9edf49abb2ad3d8e,4f259bc5f5053956,0.168985,0.188527,0.0,0.0,0.209571,0.282921,0.135573,0.146484,False,False,False,True,True,False
coord_007_pdb_4AKE_A_adenylate_kinase,4AKE:A,a3c01f200aafd03e,58dc5605d8f5d129,0.247216,0.176691,0.0,0.0,0.2934,0.22005,0.0,0.146052,True,False,False,True,True,False
coord_007_pdb_4AKE_A_adenylate_kinase,4AKE:A,d9b107178ba8e66e,bdaad921b6f93d46,0.170109,0.188971,0.0,0.0,0.2934,0.2934,0.07335,0.010479,False,False,False,True,True,False
coord_007_pdb_4AKE_A_adenylate_kinase,4AKE:A,1670d58aa9d7c773,6f6ef95f814c49db,0.229755,0.177847,0.0,0.0,0.2934,0.22005,0.0,0.125743,True,False,False,True,True,False
coord_007_pdb_4AKE_A_adenylate_kinase,4AKE:A,97354798a44559e7,dcc1ac7f2931c3cd,0.176993,0.183305,0.0,0.0,0.2934,0.2934,0.07335,0.093659,False,False,False,True,True,False
coord_007_pdb_4AKE_A_adenylate_kinase,4AKE:A,cafe7dcfa3866340,01a370c207d607c5,0.237809,0.196626,0.0,0.0,0.2934,0.22005,0.041914,0.115264,True,False,False,True,True,False
coord_007_pdb_4AKE_A_adenylate_kinase,4AKE:A,5ef4f6c4920182ca,8ea48af524c426a2,0.201735,0.174195,0.0,0.0,0.2934,0.2934,0.010479,0.062871,True,False,False,True,True,False
coord_007_pdb_4AKE_A_adenylate_kinase,4AKE:A,c2b47ecbc7af97b9,01a370c207d607c5,0.205774,0.196626,0.0,0.0,0.2934,0.22005,0.041914,0.115264,True,True,False,True,True,False
coord_007_pdb_4AKE_A_adenylate_kinase,4AKE:A,5fe49c68cc1c44ac,fd75ba26ec54d37e,0.222033,0.218989,0.0,0.0,0.2934,0.2934,0.062871,0.08318,True,False,False,True,True,False
coord_007_pdb_4AKE_A_adenylate_kinase,4AKE:A,03bdae9008b01448,01a370c207d607c5,0.212532,0.196626,0.0,0.0,0.22005,0.22005,0.115264,0.115264,True,False,False,True,True,False
coord_007_pdb_4AKE_A_adenylate_kinase,4AKE:A,ea64dd8fac00e531,e64d15313c2c7127,0.183563,0.15879,0.0,0.0,0.2934,0.22005,0.083828,0.07335,True,True,True,True,True,False
coord_007_pdb_4AKE_A_adenylate_kinase,4AKE:A,f085773cf73b578c,8c68d84e835f7ff8,0.21796,0.218917,0.0,0.0,0.2934,0.2934,0.052393,0.052393,False,False,False,True,True,False
coord_008_pdb_1CLL_A_calmodulin,1CLL:A,dbb972f886764908,ef2846c7ade8f756,0.822281,0.278045,1.0,0.0,0.459602,0.458474,0.054992,0.056119,True,True,False,True,True,False
coord_008_pdb_1CLL_A_calmodulin,1CLL:A,99ebf4b819b78302,55bc46ffe30fba31,0.766397,0.258333,1.0,0.0,0.527997,0.527997,0.135663,0.0119,True,True,False,True,True,False
coord_008_pdb_1CLL_A_calmodulin,1CLL:A,fd69da7f4869ddab,2543a3d10364583e,0.768336,0.229755,1.0,0.0,0.427283,0.506451,0.099211,0.090693,True,True,False,True,True,False
coord_008_pdb_1CLL_A_calmodulin,1CLL:A,a12bac65e3dd9930,ef2cb825554c4a75,0.768933,0.240423,1.0,0.0,0.527997,0.527997,0.077665,0.047601,True,True,False,True,True,False
coord_008_pdb_1CLL_A_calmodulin,1CLL:A,2a6d224dccc12970,6e76b262d82625c1,0.737659,0.227404,1.0,0.0,0.517224,0.527997,0.123763,0.053864,True,True,False,True,True,False
coord_008_pdb_1CLL_A_calmodulin,1CLL:A,64bce363dacb506d,f5ffc5a230bb315c,0.793254,0.194805,1.0,0.0,0.527997,0.451459,0.086183,0.124139,True,True,False,True,True,False
coord_008_pdb_1CLL_A_calmodulin,1CLL:A,c609d4e5b55f953c,55bc46ffe30fba31,0.719611,0.258333,1.0,0.0,0.441814,0.527997,0.15533,0.0119,True,True,False,True,True,False
coord_008_pdb_1CLL_A_calmodulin,1CLL:A,6faf4f13f44b254c,ef2cb825554c4a75,0.739272,0.240423,1.0,0.0,0.441814,0.527997,0.098083,0.047601,True,True,False,True,True,False
coord_008_pdb_1CLL_A_calmodulin,1CLL:A,90d52e710d4db2a8,ee427928bb386511,0.853008,0.274684,1.0,0.0,0.495678,0.438056,0.134536,0.146812,True,True,False,True,True,False
coord_008_pdb_1CLL_A_calmodulin,1CLL:A,fd445f76172e6eff,55bc46ffe30fba31,0.751842,0.258333,1.0,0.0,0.527997,0.527997,0.124515,0.0119,True,True,False,True,True,False
coord_008_pdb_1CLL_A_calmodulin,1CLL:A,fed7290dc939ad69,dcf21801b3a74be6,0.669757,0.21736,0.86,0.0,0.460353,0.517224,0.045346,0.044219,True,True,False,True,True,False
coord_008_pdb_1CLL_A_calmodulin,1CLL:A,569c0a3e01ca718b,7eda3b273d61edf7,0.82611,0.193924,1.0,0.0,0.517224,0.426156,0.1884,0.304397,True,True,False,True,True,False
coord_008_pdb_1CLL_A_calmodulin,1CLL:A,17b7dc5b4686375c,f230308d6c0ec42c,0.565591,0.209409,0.633333,0.0,0.527997,0.493424,0.023801,0.034573,True,True,False,True,True,False
coord_008_pdb_1CLL_A_calmodulin,1CLL:A,26e0df2c0c226e82,ef2cb825554c4a75,0.632906,0.240423,0.86,0.0,0.406489,0.527997,0.087311,0.047601,True,True,False,True,True,False
coord_008_pdb_1CLL_A_calmodulin,1CLL:A,c90d8b5a9ec73ab0,dc99cb17d6fd86e0,0.651778,0.213463,0.86,0.0,0.481899,0.474133,0.099211,0.064637,True,True,False,True,True,False
coord_008_pdb_1CLL_A_calmodulin,1CLL:A,c49e2596adccc825,ef2846c7ade8f756,0.615866,0.278045,0.573333,0.0,0.495678,0.458474,0.11299,0.056119,True,True,False,True,True,False
coord_008_pdb_1CLL_A_calmodulin,1CLL:A,b1b2bd3ab91ef31a,5198cd5dfd282f8b,0.421803,0.208471,0.316667,0.0,0.527997,0.494551,0.035701,0.126394,True,True,False,True,True,False
coord_008_pdb_1CLL_A_calmodulin,1CLL:A,33f7f034b85ee9e7,c818050eef53c521,0.587877,0.201463,0.593333,0.0,0.495678,0.44958,0.140048,0.223725,True,True,False,True,True,False
coord_008_pdb_1CLL_A_calmodulin,1CLL:A,ea7800c90271ecad,b703f09fd56af1e0,0.511605,0.163187,0.573333,0.0,0.506451,0.458098,0.096956,0.167606,True,True,False,True,True,False
coord_008_pdb_1CLL_A_calmodulin,1CLL:A,d8a8a77dae6107eb,cdc48429a7960f11,0.280424,0.235151,0.0,0.0,0.527997,0.494551,0.0119,0.090693,True,False,False,True,True,False
coord_008_pdb_1CLL_A_calmodulin,1CLL:A,8562c0c2f8891e98,dcf21801b3a74be6,0.510014,0.21736,0.573333,0.0,0.459602,0.517224,0.064637,0.044219,True,True,False,True,True,False
coord_008_pdb_1CLL_A_calmodulin,1CLL:A,80c130bc215b6da4,3387a7d126d81e04,0.378875,0.202706,0.316667,0.0,0.505324,0.494551,0.034573,0.102593,True,True,False,True,True,False
coord_008_pdb_1CLL_A_calmodulin,1CLL:A,9b9ef9b045fae8a5,cdc48429a7960f11,0.396041,0.235151,0.286667,0.0,0.474133,0.494551,0.022673,0.090693,True,True,False,True,True,False
coord_008_pdb_1CLL_A_calmodulin,1CLL:A,cc6f8393a962b478,dc99cb17d6fd86e0,0.493802,0.213463,0.573333,0.0,0.459602,0.474133,0.086183,0.064637,True,True,False,True,True,False
coord_008_pdb_1CLL_A_calmodulin,1CLL:A,61c3234ac2a9f58c,dcf21801b3a74be6,0.384521,0.21736,0.286667,0.0,0.516097,0.517224,0.065765,0.044219,True,True,False,True,True,False
coord_008_pdb_1CLL_A_calmodulin,1CLL:A,c912a10bcc8b8daf,cdc48429a7960f11,0.25771,0.235151,0.0,0.0,0.504196,0.494551,0.081047,0.090693,True,False,False,True,True,False
coord_008_pdb_1CLL_A_calmodulin,1CLL:A,95b3e05400a5bcfa,cdc48429a7960f11,0.244176,0.235151,0.0,0.0,0.494551,0.494551,0.090693,0.090693,True,False,False,True,True,False
coord_008_pdb_1CLL_A_calmodulin,1CLL:A,516671293f633a7e,cdc48429a7960f11,0.27016,0.235151,0.0,0.0,0.527997,0.494551,0.0119,0.090693,True,False,False,True,True,False
coord_008_pdb_1CLL_A_calmodulin,1CLL:A,ff003ad86b9dc0b3,f944d3561ed695a0,0.226603,0.198303,0.0,0.0,0.527997,0.427283,0.045346,0.053864,True,False,False,True,True,False
coord_008_pdb_1CLL_A_calmodulin,1CLL:A,8151297aed21fffb,ef2cb825554c4a75,0.333563,0.240423,0.286667,0.0,0.409495,0.527997,0.144557,0.047601,True,True,False,True,True,False
coord_008_pdb_1CLL_A_calmodulin,1CLL:A,eb1ea9e8fefe4dc1,dc29fba9f491f19c,0.332025,0.204345,0.286667,0.0,0.527997,0.505324,0.177627,0.108856,True,True,False,True,True,False
coord_008_pdb_1CLL_A_calmodulin,1CLL:A,7235e4062fbe8d73,6ed059b781442cde,0.572029,0.297732,0.593333,0.0,0.438807,0.462232,0.221471,0.134536,True,True,False,True,True,False
coord_008_pdb_1CLL_A_calmodulin,1CLL:A,8ca43449faf566f9,2620a3d809b8bdd2,0.23254,0.200039,0.0,0.0,0.516097,0.460353,0.035701,0.033446,True,False,False,True,True,False
coord_008_pdb_1CLL_A_calmodulin,1CLL:A,4ef11d30ff5a1c4b,f944d3561ed695a0,0.250576,0.198303,0.0,0.0,0.527997,0.427283,0.0119,0.053864,True,False,False,True,True,False
coord_008_pdb_1CLL_A_calmodulin,1CLL:A,5f614882d891d0ee,ef2cb825554c4a75,0.335399,0.240423,0.286667,0.0,0.462232,0.527997,0.166479,0.047601,True,True,False,True,True,False
coord_008_pdb_1CLL_A_calmodulin,1CLL:A,6a71150d4c6c21b8,42505f00750b9713,0.247118,0.197765,0.0,0.0,0.470375,0.527997,0.032319,0.112614,True,False,False,True,True,False
coord_008_pdb_1CLL_A_calmodulin,1CLL:A,b55da45ffd7bbbe8,ee427928bb386511,0.297758,0.274684,0.0,0.0,0.495678,0.438056,0.10109,0.146812,True,False,False,True,True,False
coord_008_pdb_1CLL_A_calmodulin,1CLL:A,4881e3bfe0efae58,bf07b2db18e74f56,0.18874,0.190146,0.0,0.0,0.46336,0.46336,0.064637,0.088438,False,False,False,True,True,False
coord_008_pdb_1CLL_A_calmodulin,1CLL:A,32c1e912089c7366,dc29fba9f491f19c,0.22688,0.204345,0.0,0.0,0.504196,0.505324,0.053864,0.108856,True,False,False,True,True,False
coord_008_pdb_1CLL_A_calmodulin,1CLL:A,cf9ff54dc16cee40,bf07b2db18e74f56,0.219265,0.190146,0.0,0.0,0.527997,0.46336,0.065765,0.088438,True,False,False,True,True,False
