frontier_kind,source_selector,target_selector,row_id,source_accession,event_id,segment_a_start,segment_a_end,segment_b_start,segment_b_end,native_contact_count_after_scoring,native_long_range_contact_count_after_scoring,contact_cluster_gain,coupling_selectivity_score,direct_support_score,future_preservation_score,blocked_future_pressure,coupling_decoy_margin,coupling_nucleus_score,selector_score_decoy_margin,exclusion_reasons,matched_decoy_event_id,matched_decoy_native_positive_after_scoring,matched_decoy_contact_cluster_gain,matched_decoy_coupling_selectivity_score,matched_decoy_direct_support_score,matched_decoy_future_preservation_score,matched_decoy_blocked_future_pressure,matched_decoy_coupling_nucleus_score,real_beats_decoy_by_coupling_score,real_beats_decoy_by_coupling_nucleus_score,score_margin_expansion_gate_passed,recall_frontier_rank,native_truth_used_before_selection,native_label_attached_after_event_generation,diagnostic_claim_allowed,blocking_event_ids,blocking_event_count,blocking_native_contact_count_after_scoring,blocking_native_long_range_contact_count_after_scoring,blocking_mean_coupling_nucleus_score,blocking_mean_direct_support_score,blocking_mean_future_preservation_score,blocking_mean_contact_cluster_gain,replacement_native_long_range_delta_after_scoring,replacement_probe_selected,direct_constraint_count,direct_constraint_confidence_sum,direct_top_10pct_rank_count,direct_max_confidence,direct_mean_rank_fraction
terminal_bridge_replacement_frontier_v0,external_terminal_bridge_expanded,external_boundary_field_replacement_probe,coord_003_pdb_1TEN_A_tenascin_fn3,1TEN:A,819f28bce14e526a,17,24,49,56,12,12,0.3548,0.72844,0.675031,0.694952,0.128106,-0.031404,0.517821,-0.075967,requires_replacement;boundary_field_dense_continuity_probe_not_selected,b4736ca59fe42146,False,0.3463,0.759844,0.644505,0.815805,0.045537,0.593788,False,False,False,,False,True,False,2f0be9c16baa064d,1,1,1,0.687484,0.68501,0.763525,0.4044,11,False,6,2.025092,0,0.450666,0.362963
terminal_bridge_replacement_frontier_v0,external_terminal_bridge_expanded,external_boundary_field_replacement_probe,coord_002_pdb_2LZM_A_t4_lysozyme,2LZM:A,8d5543b1766585fe,93,100,149,156,9,9,0.4513,0.242038,0.0,0.299507,0.065012,0.003821,0.31977,-0.086132,requires_replacement;boundary_field_dense_continuity_probe_not_selected,1e228e2b6297a3b0,True,0.4406,0.238217,0.0,0.337358,0.01905,0.405902,True,False,False,,False,True,False,b70eafadc309d39a,1,1,0,0.64694,0.912228,0.311217,0.4072,9,False,0,0.0,0,0.0,0.0
terminal_bridge_replacement_frontier_v0,external_terminal_bridge_expanded,external_boundary_field_replacement_probe,coord_005_pdb_1TIM_A_triosephosphate_isomerase,1TIM:A,6dc052d830b6d8f3,5,12,37,44,25,25,0.4694,0.299896,0.23178,0.19389,0.102691,-0.008302,0.419857,0.00379,requires_replacement;boundary_field_dense_continuity_probe_not_selected,c75f7ab8941abb78,True,0.457967,0.308198,0.23178,0.19103,0.06346,0.416067,False,True,False,,False,True,False,c75f7ab8941abb78,1,17,17,0.416067,0.23178,0.19103,0.457967,8,False,2,0.695341,0,0.394109,0.216599
terminal_bridge_replacement_frontier_v0,external_terminal_bridge_expanded,external_boundary_field_replacement_probe,coord_005_pdb_1TIM_A_triosephosphate_isomerase,1TIM:A,5c4251d4a0d1c221,89,96,121,128,24,24,0.5112,0.296,0.083222,0.173152,0.056371,-0.21012,0.434201,-0.17078,requires_replacement;boundary_field_dense_continuity_probe_not_selected,4b80615f45b5b0b8,True,0.4984,0.50612,0.504191,0.191043,0.076628,0.604981,False,False,False,,False,True,False,4b80615f45b5b0b8,1,16,16,0.604981,0.504191,0.191043,0.4984,8,False,1,0.249665,0,0.249665,0.392713
terminal_bridge_replacement_frontier_v0,external_terminal_bridge_expanded,external_boundary_field_replacement_probe,coord_003_pdb_1TEN_A_tenascin_fn3,1TEN:A,094fae3d50cdd03a,29,36,69,76,25,25,0.354,0.573061,0.420162,0.836941,0.075386,-0.002551,0.502148,0.01585,requires_replacement;boundary_field_dense_continuity_probe_not_selected,b0e09fd9b7794c8d,True,0.3862,0.575612,0.472809,0.749572,0.091718,0.486298,False,True,False,,False,True,False,71e023bdde738cbb,1,18,18,0.712811,1.0,0.785774,0.4049,7,False,5,1.260486,0,0.34791,0.577778
terminal_bridge_replacement_frontier_v0,external_terminal_bridge_expanded,external_boundary_field_replacement_probe,coord_002_pdb_2LZM_A_t4_lysozyme,2LZM:A,e2f972c45de1fc16,25,32,65,72,8,8,0.398,0.166917,0.034248,0.310615,0.286268,-0.080708,0.266427,-0.00466,requires_replacement;boundary_field_dense_continuity_probe_not_selected,c1e2313c7fcc9ea4,False,0.3858,0.247625,0.0,0.337358,0.0,0.271087,False,False,False,,False,True,False,367dc47d54d24866,1,1,1,0.363207,0.171349,0.326921,0.4163,7,False,1,0.102743,0,0.102743,0.817073
terminal_bridge_replacement_frontier_v0,external_terminal_bridge_expanded,external_boundary_field_replacement_probe,coord_002_pdb_2LZM_A_t4_lysozyme,2LZM:A,85b9dfed915dd119,69,76,97,104,7,7,0.4057,0.196616,0.16295,0.304319,0.184337,0.002588,0.306132,0.037014,requires_replacement;boundary_field_dense_continuity_probe_not_selected,46e2acebfbc6e152,True,0.4095,0.194028,0.172021,0.287442,0.201555,0.269118,True,True,False,,False,True,False,cdc3438c99ffa8e5,1,1,1,0.432609,0.451642,0.318633,0.3893,6,False,2,0.48885,0,0.381145,0.442074
terminal_bridge_replacement_frontier_v0,external_terminal_bridge_expanded,external_boundary_field_replacement_probe,coord_002_pdb_2LZM_A_t4_lysozyme,2LZM:A,863a04e82f80c520,93,100,153,160,6,6,0.4195,0.171233,0.0,0.299507,0.065012,-0.066984,0.270916,-0.134986,requires_replacement;boundary_field_dense_continuity_probe_not_selected,1e228e2b6297a3b0,True,0.4406,0.238217,0.0,0.337358,0.01905,0.405902,False,False,False,,False,True,False,b70eafadc309d39a,1,1,0,0.64694,0.912228,0.311217,0.4072,6,False,0,0.0,0,0.0,0.0
terminal_bridge_replacement_frontier_v0,external_terminal_bridge_expanded,external_boundary_field_replacement_probe,coord_004_pdb_1CSP_A_cold_shock_protein,1CSP:A,f5c2081f9b2dfd72,1,8,49,56,6,6,0.3948,0.222956,0.0,0.725061,0.211264,-0.109712,0.216907,-0.154019,requires_replacement;boundary_field_dense_continuity_probe_not_selected,ce8a09649713c3f2,True,0.3639,0.332668,0.0,0.919536,0.043506,0.370926,False,False,False,,False,True,False,02883323b47d2e47,1,22,0,0.726263,1.0,0.87252,0.3606,6,False,0,0.0,0,0.0,0.0
terminal_bridge_replacement_frontier_v0,external_terminal_bridge_expanded,external_boundary_field_replacement_probe,coord_002_pdb_2LZM_A_t4_lysozyme,2LZM:A,47a35f21554baab7,97,104,149,156,6,6,0.4778,0.309123,0.0,0.337358,0.01905,0.067085,0.425685,0.105915,requires_replacement;boundary_field_dense_continuity_probe_not_selected,8d5543b1766585fe,True,0.4513,0.242038,0.0,0.299507,0.065012,0.31977,True,True,False,,False,True,False,cdc3438c99ffa8e5,1,1,1,0.432609,0.451642,0.318633,0.3893,5,False,0,0.0,0,0.0,0.0
terminal_bridge_replacement_frontier_v0,external_terminal_bridge_expanded,external_boundary_field_replacement_probe,coord_002_pdb_2LZM_A_t4_lysozyme,2LZM:A,0c6e898780fe2fd1,93,100,145,152,5,5,0.3999,0.188974,0.0,0.299507,0.065012,-0.013297,0.245148,-0.070034,requires_replacement;boundary_field_dense_continuity_probe_not_selected,03e3c8168ea80e71,False,0.4549,0.202271,0.142765,0.288325,0.277623,0.315182,False,False,False,,False,True,False,b70eafadc309d39a,1,1,0,0.64694,0.912228,0.311217,0.4072,5,False,0,0.0,0,0.0,0.0
terminal_bridge_replacement_frontier_v0,external_terminal_bridge_expanded,external_boundary_field_replacement_probe,coord_008_pdb_1CLL_A_calmodulin,1CLL:A,90d52e710d4db2a8,21,28,61,68,5,5,0.2851,0.329637,0.058031,0.493505,0.1811,-0.051987,0.253632,0.009208,requires_replacement;boundary_field_dense_continuity_probe_not_selected,7235e4062fbe8d73,True,0.2695,0.381624,0.163488,0.50408,0.156408,0.244424,False,True,False,,False,True,False,dbb972f886764908;65cda20313311d43,2,8,0,0.521691,0.670508,0.544086,0.32945,5,False,1,0.174094,0,0.174094,0.75
terminal_bridge_replacement_frontier_v0,external_terminal_bridge_expanded,external_boundary_field_replacement_probe,coord_005_pdb_1TIM_A_triosephosphate_isomerase,1TIM:A,687f5226dff29418,121,128,157,164,24,24,0.4718,0.304855,0.159143,0.191646,0.048504,0.103601,0.463823,0.140553,requires_replacement;boundary_field_dense_continuity_probe_not_selected,b3d516a47410c762,False,0.4284,0.201254,0.0,0.184186,0.0772,0.32327,True,True,False,,False,True,False,c8dcea1422f60869,1,20,20,0.57207,0.36172,0.184655,0.5152,4,False,2,0.477428,0,0.246346,0.453441
terminal_bridge_replacement_frontier_v0,external_terminal_bridge_expanded,external_boundary_field_replacement_probe,coord_002_pdb_2LZM_A_t4_lysozyme,2LZM:A,9c6f07fada1a1b04,21,28,57,64,5,5,0.3818,0.164046,0.0,0.292663,0.191143,0.0146,0.202442,-0.034463,requires_replacement;boundary_field_dense_continuity_probe_not_selected,87680c762a0d4827,True,0.3827,0.149446,0.0,0.298765,0.207927,0.236905,True,False,False,,False,True,False,f9e2ee5e2909d8e1;367dc47d54d24866,2,17,1,0.469662,0.480067,0.312843,0.39805,4,False,0,0.0,0,0.0,0.0
terminal_bridge_replacement_frontier_v0,external_terminal_bridge_expanded,external_boundary_field_replacement_probe,coord_002_pdb_2LZM_A_t4_lysozyme,2LZM:A,cf5fb3dc1a5a8431,21,28,61,68,5,5,0.3913,0.135884,0.034248,0.267183,0.217513,-0.034742,0.174725,-0.032122,requires_replacement;boundary_field_dense_continuity_probe_not_selected,8850c006a65638b4,True,0.3989,0.170626,0.0,0.298765,0.156551,0.206847,False,False,False,,False,True,False,f9e2ee5e2909d8e1;367dc47d54d24866,2,17,1,0.469662,0.480067,0.312843,0.39805,4,False,1,0.102743,0,0.102743,0.817073
terminal_bridge_replacement_frontier_v0,external_terminal_bridge_expanded,external_boundary_field_replacement_probe,coord_002_pdb_2LZM_A_t4_lysozyme,2LZM:A,4d3d4f81099ca948,73,80,97,104,6,5,0.4128,0.117594,0.0,0.300152,0.161645,-0.043887,0.244887,0.040287,requires_replacement;boundary_field_dense_continuity_probe_not_selected,7b27face5491f132,False,0.3669,0.161481,0.0,0.299507,0.065012,0.2046,False,True,False,,False,True,False,cdc3438c99ffa8e5,1,1,1,0.432609,0.451642,0.318633,0.3893,4,False,0,0.0,0,0.0,0.0
terminal_bridge_replacement_frontier_v0,external_terminal_bridge_expanded,external_boundary_field_replacement_probe,coord_002_pdb_2LZM_A_t4_lysozyme,2LZM:A,a534a67c1c9c1345,97,104,145,152,5,5,0.4435,0.259015,0.0,0.337358,0.01905,0.038345,0.348111,0.069895,requires_replacement;boundary_field_dense_continuity_probe_not_selected,07053ae4ab679f8f,False,0.4438,0.22067,0.142765,0.282226,0.321967,0.278216,True,True,False,,False,True,False,cdc3438c99ffa8e5,1,1,1,0.432609,0.451642,0.318633,0.3893,4,False,0,0.0,0,0.0,0.0
terminal_bridge_replacement_frontier_v0,external_terminal_bridge_expanded,external_boundary_field_replacement_probe,coord_003_pdb_1TEN_A_tenascin_fn3,1TEN:A,92cf25354d5e6b0d,21,28,49,56,6,5,0.3166,0.418818,0.116065,0.772118,0.127214,0.012912,0.281905,-0.013105,requires_replacement;boundary_field_dense_continuity_probe_not_selected,3bfea9daeb3d3b09,False,0.2808,0.405906,0.075613,0.784648,0.071276,0.29501,True,False,False,,False,True,False,2f0be9c16baa064d,1,1,1,0.687484,0.68501,0.763525,0.4044,4,False,1,0.348196,0,0.348196,0.288889
terminal_bridge_replacement_frontier_v0,external_terminal_bridge_expanded,external_boundary_field_replacement_probe,coord_003_pdb_1TEN_A_tenascin_fn3,1TEN:A,be2ed4bb6f5f8034,21,28,69,76,5,5,0.3918,0.743794,0.683867,0.824153,0.080141,0.367366,0.619504,0.331397,requires_replacement;boundary_field_dense_continuity_probe_not_selected,b1db27ad9be402bf,True,0.3511,0.376428,0.0,0.75124,0.022563,0.288107,True,True,False,,False,True,False,2f0be9c16baa064d,1,1,1,0.687484,0.68501,0.763525,0.4044,4,False,7,2.051602,0,0.367579,0.439682
terminal_bridge_replacement_frontier_v0,external_terminal_bridge_expanded,external_boundary_field_replacement_probe,coord_008_pdb_1CLL_A_calmodulin,1CLL:A,569c0a3e01ca718b,25,32,57,64,4,4,0.2702,0.405064,0.18816,0.538428,0.154606,0.02344,0.302189,0.057765,requires_replacement;boundary_field_dense_continuity_probe_not_selected,7235e4062fbe8d73,True,0.2695,0.381624,0.163488,0.50408,0.156408,0.244424,True,True,False,,False,True,False,65cda20313311d43,1,1,0,0.465365,0.640692,0.53574,0.3232,4,False,3,0.56448,0,0.203985,0.605856
terminal_bridge_replacement_frontier_v0,external_terminal_bridge_expanded,external_boundary_field_replacement_probe,coord_006_pdb_1PGA_A_protein_g_b1,1PGA:A,3919c4e3c7c3f546,1,8,49,56,22,22,0.392267,0.819096,1.0,0.796278,0.125739,0.651972,0.580098,0.382271,requires_replacement;boundary_field_dense_continuity_probe_not_selected,455316fadbc0f299,True,0.425667,0.167124,0.0,0.436738,0.186802,0.197827,True,True,False,,False,True,False,66372d5c97e3dfb2,1,19,19,0.716677,1.0,0.922017,0.38815,3,False,9,3.39882,2,0.578392,0.365079
terminal_bridge_replacement_frontier_v0,external_terminal_bridge_expanded,external_boundary_field_replacement_probe,coord_003_pdb_1TEN_A_tenascin_fn3,1TEN:A,de7a4160201080a9,33,40,65,72,21,21,0.4043,0.733948,0.66255,0.738203,0.129585,-0.064724,0.564891,-0.122593,requires_replacement;boundary_field_dense_continuity_probe_not_selected,2f0be9c16baa064d,True,0.4044,0.798672,0.68501,0.763525,0.024458,0.687484,False,False,False,,False,True,False,71e023bdde738cbb,1,18,18,0.712811,1.0,0.785774,0.4049,3,False,4,1.987651,2,0.630673,0.144445
terminal_bridge_replacement_frontier_v0,external_terminal_bridge_expanded,external_boundary_field_replacement_probe,coord_003_pdb_1TEN_A_tenascin_fn3,1TEN:A,3a3658d95b1bdf94,21,28,53,60,4,4,0.3418,0.370221,0.074411,0.802087,0.11334,-0.507781,0.281405,-0.405611,requires_replacement;boundary_field_dense_continuity_probe_not_selected,8437b2335800d30b,True,0.332,0.878002,1.0,0.820373,0.096546,0.687016,False,False,False,,False,True,False,2f0be9c16baa064d,1,1,1,0.687484,0.68501,0.763525,0.4044,3,False,1,0.223233,0,0.223233,0.677778
terminal_bridge_replacement_frontier_v0,external_terminal_bridge_expanded,external_boundary_field_replacement_probe,coord_006_pdb_1PGA_A_protein_g_b1,1PGA:A,7c389e7788d0b867,5,12,33,40,4,4,0.344,0.514394,0.352619,0.922017,0.024039,0.045285,0.439438,-0.009793,requires_replacement;boundary_field_dense_continuity_probe_not_selected,8a7fdd8ffebe4e45,True,0.4353,0.469109,0.299756,0.773608,0.02267,0.449231,True,False,False,,False,True,False,2237295a0bc08991,1,1,1,0.536957,0.437249,0.922017,0.4114,3,False,4,1.057857,0,0.412479,0.625
terminal_bridge_replacement_frontier_v0,external_terminal_bridge_expanded,external_boundary_field_replacement_probe,coord_005_pdb_1TIM_A_triosephosphate_isomerase,1TIM:A,165e1a429f6c1dbe,157,164,201,208,22,22,0.474,0.224464,0.0,0.196174,0.066013,-0.015262,0.373491,-0.019191,requires_replacement;boundary_field_dense_continuity_probe_not_selected,6effbc3fed57e50f,True,0.4937,0.239726,0.0,0.193515,0.035548,0.392682,False,False,False,,False,True,False,c8dcea1422f60869,1,20,20,0.57207,0.36172,0.184655,0.5152,2,False,0,0.0,0,0.0,0.0
terminal_bridge_replacement_frontier_v0,external_terminal_bridge_expanded,external_boundary_field_replacement_probe,coord_005_pdb_1TIM_A_triosephosphate_isomerase,1TIM:A,0eea95b7113f3c20,5,12,33,40,19,19,0.4699,0.307168,0.23178,0.196174,0.081242,0.125624,0.405453,0.071595,requires_replacement;boundary_field_dense_continuity_probe_not_selected,eee91853519b6538,False,0.4488,0.181544,0.0,0.196174,0.05066,0.333858,True,True,False,,False,True,False,c75f7ab8941abb78,1,17,17,0.416067,0.23178,0.19103,0.457967,2,False,2,0.695341,0,0.394109,0.216599
terminal_bridge_replacement_frontier_v0,external_terminal_bridge_expanded,external_boundary_field_replacement_probe,coord_004_pdb_1CSP_A_cold_shock_protein,1CSP:A,c1944e79d9b17464,13,20,33,40,2,2,0.3624,0.35808,0.068244,0.833813,0.149398,0.106095,0.389934,0.155644,requires_replacement;boundary_field_dense_continuity_probe_not_selected,c1ffd21b93a8bd15,False,0.3568,0.251985,0.040939,0.689517,0.23854,0.23429,True,True,False,,False,True,False,a1e5e7e6332ba378,1,17,0,0.53623,0.334649,0.861983,0.4249,2,False,1,0.204731,0,0.204731,0.373134
terminal_bridge_replacement_frontier_v0,external_terminal_bridge_expanded,external_boundary_field_replacement_probe,coord_004_pdb_1CSP_A_cold_shock_protein,1CSP:A,45ecfcf21dfdf878,13,20,37,44,2,2,0.3661,0.405752,0.06549,0.909943,0.073267,0.058411,0.405837,0.079245,requires_replacement;boundary_field_dense_continuity_probe_not_selected,3b2881f9be3a3892,False,0.3848,0.347341,0.0,0.82064,0.086515,0.326592,True,True,False,,False,True,False,a1e5e7e6332ba378,1,17,0,0.53623,0.334649,0.861983,0.4249,2,False,1,0.19647,0,0.19647,0.432836
terminal_bridge_replacement_frontier_v0,external_terminal_bridge_expanded,external_boundary_field_replacement_probe,coord_002_pdb_2LZM_A_t4_lysozyme,2LZM:A,325860b1ee202782,21,28,53,60,2,2,0.3709,0.167239,0.0,0.292663,0.242518,-0.042271,0.248543,-0.038375,requires_replacement;boundary_field_dense_continuity_probe_not_selected,b26fefa3bd195edf,False,0.3994,0.20951,0.0,0.337358,0.006501,0.286918,False,False,False,,False,True,False,f9e2ee5e2909d8e1;367dc47d54d24866,2,17,1,0.469662,0.480067,0.312843,0.39805,1,False,0,0.0,0,0.0,0.0
terminal_bridge_replacement_frontier_v0,external_terminal_bridge_expanded,external_boundary_field_replacement_probe,coord_002_pdb_2LZM_A_t4_lysozyme,2LZM:A,9b51494800719ad5,21,28,65,72,2,2,0.4047,0.14894,0.034248,0.265921,0.282127,-0.09571,0.19219,-0.117428,requires_replacement;boundary_field_dense_continuity_probe_not_selected,3fbabbd86adca2af,True,0.4084,0.24465,0.0,0.337358,0.006501,0.309618,False,False,False,,False,True,False,f9e2ee5e2909d8e1;367dc47d54d24866,2,17,1,0.469662,0.480067,0.312843,0.39805,1,False,1,0.102743,0,0.102743,0.817073
terminal_bridge_replacement_frontier_v0,external_terminal_bridge_expanded,external_boundary_field_replacement_probe,coord_003_pdb_1TEN_A_tenascin_fn3,1TEN:A,44c23a669ac7a729,1,8,21,28,19,2,0.3726,0.463534,0.254876,0.824153,0.06929,0.173793,0.47532,0.204883,requires_replacement;boundary_field_dense_continuity_probe_not_selected,027c180332a5094e,True,0.2928,0.289741,0.071574,0.750989,0.142454,0.270437,True,True,False,,False,True,False,2f0be9c16baa064d,1,1,1,0.687484,0.68501,0.763525,0.4044,1,False,2,0.764627,0,0.53227,0.344444
terminal_bridge_replacement_frontier_v0,external_terminal_bridge_expanded,external_boundary_field_replacement_probe,coord_006_pdb_1PGA_A_protein_g_b1,1PGA:A,cf9d1baf7f2d6848,21,28,45,52,2,2,0.3929,0.696613,0.566988,0.8573,0.022085,-0.170856,0.541873,-0.097597,requires_replacement;boundary_field_dense_continuity_probe_not_selected,2d2cb4074f27b92b,True,0.3872,0.867469,1.0,0.769209,0.130723,0.63947,False,False,False,,False,True,False,2d2cb4074f27b92b,1,1,1,0.63947,1.0,0.769209,0.3872,1,False,7,1.700963,0,0.336704,0.681122
terminal_bridge_replacement_frontier_v0,external_terminal_bridge_expanded,external_boundary_field_replacement_probe,coord_006_pdb_1PGA_A_protein_g_b1,1PGA:A,716dac20bd4eedb3,21,28,49,56,2,2,0.397533,0.882856,0.883361,0.738365,0.0,0.325915,0.688972,0.281707,requires_replacement;boundary_field_dense_continuity_probe_not_selected,20bd39974dd18d36,True,0.406483,0.556941,0.182719,0.867056,0.0,0.407265,True,True,False,,False,True,False,2d2cb4074f27b92b,1,1,1,0.63947,1.0,0.769209,0.3872,1,False,10,2.650082,0,0.419135,0.646429
terminal_bridge_replacement_frontier_v0,external_terminal_bridge_expanded,external_boundary_field_replacement_probe,coord_004_pdb_1CSP_A_cold_shock_protein,1CSP:A,ce8a09649713c3f2,13,20,57,64,1,1,0.3639,0.332668,0.0,0.919536,0.043506,0.144428,0.370926,0.182165,requires_replacement;boundary_field_dense_continuity_probe_not_selected,440a7fd3097fab38,False,0.4128,0.18824,0.0,0.568269,0.275101,0.188761,True,True,False,,False,True,False,a1e5e7e6332ba378,1,17,0,0.53623,0.334649,0.861983,0.4249,1,False,0,0.0,0,0.0,0.0
terminal_bridge_replacement_frontier_v0,external_terminal_bridge_expanded,external_boundary_field_replacement_probe,coord_004_pdb_1CSP_A_cold_shock_protein,1CSP:A,6e0ebb34456e2578,25,32,49,56,1,1,0.4289,0.313294,0.062786,0.674883,0.202996,-0.141192,0.358752,-0.066851,requires_replacement;boundary_field_dense_continuity_probe_not_selected,d451b2134ff44d71,True,0.4451,0.454486,0.062786,0.845636,0.041486,0.425603,False,False,False,,False,True,False,02883323b47d2e47,1,22,0,0.726263,1.0,0.87252,0.3606,1,False,1,0.188357,0,0.188357,0.492537
rank_consistent_native_after_scoring_frontier_v0,external_cluster_gated_core_expanded,external_rank_consistent_cluster_gated,coord_003_pdb_1TEN_A_tenascin_fn3,1TEN:A,aac68c4e3c6dc022,13,20,57,64,21,21,0.3358,0.697344,0.677062,0.815805,0.090848,-0.020949,0.577211,0.02283,below_hard_cluster_gate;below_recovery_future_or_decoy_margin,e68c7f0f37ddcc7d,False,0.4146,0.718293,0.683867,0.765965,0.074713,0.554381,False,True,False,,False,True,False,,,,,,,,,,,7,2.031187,1,0.588348,0.57619
persistent_score_margin_recall_frontier_v0,coupling_trace_loop,external_persistent_rank_consistent_cluster_gated,coord_007_pdb_4AKE_A_adenylate_kinase,4AKE:A,1566fc1d4fcef971,1,8,101,108,22,22,0.469133,0.294229,0.132907,0.253353,0.028961,0.12679,0.447946,0.214642,,1588c19455f42d65,False,0.4741,0.167439,0.0,0.224011,0.170832,0.233304,True,True,True,1,False,True,False,,,,,,,,,,,2,0.39872,0,0.215859,0.495328
persistent_score_margin_recall_frontier_v0,coupling_trace_loop,external_persistent_rank_consistent_cluster_gated,coord_005_pdb_1TIM_A_triosephosphate_isomerase,1TIM:A,4b80615f45b5b0b8,85,92,117,124,16,16,0.4984,0.50612,0.504191,0.191043,0.076628,0.210149,0.604981,0.159595,,af0df381cd4efa7a,False,0.504,0.295971,0.121485,0.179693,0.086164,0.445386,True,True,True,2,False,True,False,,,,,,,,,,,6,1.512572,0,0.299554,0.419703
persistent_score_margin_recall_frontier_v0,coupling_trace_loop,external_persistent_rank_consistent_cluster_gated,coord_001_pdb_1MBN_A_myoglobin,1MBN:A,6613ac028a0fd26b,25,32,61,68,12,12,0.3924,0.448409,0.4149,0.332473,0.184113,0.116795,0.439124,0.146086,below_selector_score;below_selector_score_decoy_margin;below_expansion_cluster;above_expansion_blocked_future,24a34bf0a4685a64,True,0.3957,0.331614,0.263504,0.347939,0.210362,0.293038,True,True,False,3,False,True,False,,,,,,,,,,,3,1.244699,1,0.623371,0.250545
persistent_score_margin_recall_frontier_v0,coupling_trace_loop,external_persistent_rank_consistent_cluster_gated,coord_005_pdb_1TIM_A_triosephosphate_isomerase,1TIM:A,9b56f1f64d56c50b,45,52,85,92,8,8,0.5055,0.236879,0.130661,0.196174,0.113454,-0.033657,0.411532,0.005023,below_selector_score;below_selector_score_decoy_margin;above_expansion_blocked_future,a568a420304ea86e,True,0.4581,0.270536,0.185174,0.171984,0.072656,0.406509,False,True,False,4,False,True,False,,,,,,,,,,,2,0.391983,0,0.199322,0.680162
persistent_score_margin_recall_frontier_v0,coupling_trace_loop,external_persistent_rank_consistent_cluster_gated,coord_007_pdb_4AKE_A_adenylate_kinase,4AKE:A,d4b95422feb76706,61,68,89,96,4,4,0.3703,0.271589,0.236618,0.222596,0.061949,0.064053,0.317216,-0.006238,below_selector_score;below_selector_score_decoy_margin;below_expansion_cluster,65f6151a4923d8be,True,0.3682,0.207536,0.102607,0.249166,0.071324,0.323454,True,False,False,5,False,True,False,,,,,,,,,,,3,0.709855,0,0.307822,0.417445
persistent_score_margin_recall_frontier_v0,coupling_trace_loop,external_persistent_rank_consistent_cluster_gated,coord_005_pdb_1TIM_A_triosephosphate_isomerase,1TIM:A,15948d98bb59865d,205,212,237,244,3,3,0.4244,0.376039,0.272861,0.196174,0.053718,0.160675,0.422998,0.048735,below_selector_score;below_selector_score_decoy_margin;below_expansion_cluster,149066282efcab59,False,0.4353,0.215364,0.0,0.178936,0.095183,0.374263,True,True,False,6,False,True,False,,,,,,,,,,,4,0.818583,0,0.26851,0.667004
persistent_score_margin_recall_frontier_v0,coupling_trace_loop,external_persistent_rank_consistent_cluster_gated,coord_005_pdb_1TIM_A_triosephosphate_isomerase,1TIM:A,acf5ec9f8333f3df,37,44,85,92,2,2,0.4853,0.375867,0.248979,0.19389,0.077184,-0.006526,0.48868,0.010106,below_selector_score_decoy_margin,21e57127a20bc2bf,True,0.4853,0.382393,0.248979,0.196174,0.058019,0.478574,False,True,False,7,False,True,False,,,,,,,,,,,2,0.746938,1,0.487805,0.222672
persistent_score_margin_recall_frontier_v0,coupling_trace_loop,external_persistent_rank_consistent_cluster_gated,coord_008_pdb_1CLL_A_calmodulin,1CLL:A,17b7dc5b4686375c,9,16,65,72,2,2,0.4395,0.380392,0.274563,0.566687,0.039195,0.090027,0.428764,0.094432,below_selector_score;below_selector_score_decoy_margin;below_expansion_cluster,f230308d6c0ec42c,False,0.4297,0.290365,0.13899,0.535499,0.062586,0.334332,True,True,False,8,False,True,False,,,,,,,,,,,4,0.823688,0,0.252505,0.533784
persistent_score_margin_recall_frontier_v0,coupling_trace_loop,external_persistent_rank_consistent_cluster_gated,coord_008_pdb_1CLL_A_calmodulin,1CLL:A,64bce363dacb506d,25,32,45,52,6,1,0.3013,0.578116,0.580844,0.551455,0.075412,0.262126,0.461217,0.194439,below_expansion_cluster,f5ffc5a230bb315c,False,0.3423,0.31599,0.183293,0.524322,0.132694,0.266778,True,True,False,9,False,True,False,,,,,,,,,,,6,1.742532,1,0.547593,0.378378
persistent_score_margin_recall_frontier_v0,coupling_trace_loop,external_persistent_rank_consistent_cluster_gated,coord_006_pdb_1PGA_A_protein_g_b1,1PGA:A,2237295a0bc08991,5,12,29,36,1,1,0.4114,0.587964,0.437249,0.922017,0.0,0.224646,0.536957,0.204496,below_expansion_cluster,962f90f0165b19fa,True,0.426017,0.363318,0.08463,0.773608,0.0,0.332461,True,True,False,10,False,True,False,,,,,,,,,,,5,1.311747,0,0.412479,0.628571
persistent_score_margin_recall_frontier_v0,coupling_trace_loop,external_persistent_rank_consistent_cluster_gated,coord_008_pdb_1CLL_A_calmodulin,1CLL:A,b1b2bd3ab91ef31a,85,92,137,144,1,1,0.4521,0.406059,0.274563,0.554276,0.042179,0.094619,0.447275,0.132233,below_selector_score_decoy_margin;below_expansion_cluster,5198cd5dfd282f8b,False,0.4406,0.31144,0.13899,0.531272,0.074963,0.315042,True,True,False,11,False,True,False,,,,,,,,,,,4,0.823688,0,0.252505,0.54054
persistent_score_margin_recall_frontier_v0,coupling_trace_loop,external_persistent_rank_consistent_cluster_gated,coord_002_pdb_2LZM_A_t4_lysozyme,2LZM:A,cdc3438c99ffa8e5,81,88,101,108,1,1,0.3893,0.39229,0.451642,0.318633,0.130299,0.199596,0.432609,0.200879,below_selector_score;below_expansion_cluster;above_expansion_blocked_future,5457ce901cc4f3db,False,0.3923,0.192694,0.0,0.337358,0.01905,0.23173,True,True,False,12,False,True,False,,,,,,,,,,,7,1.354927,1,0.459524,0.495645
persistent_score_margin_recall_frontier_v0,coupling_trace_loop,external_persistent_rank_consistent_cluster_gated,coord_002_pdb_2LZM_A_t4_lysozyme,2LZM:A,367dc47d54d24866,25,32,69,76,1,1,0.4163,0.253559,0.171349,0.326921,0.31906,0.044937,0.363207,0.067174,below_selector_score;below_selector_score_decoy_margin;below_expansion_cluster;above_expansion_blocked_future,eea9e5ab6554300b,False,0.4177,0.208622,0.0,0.337358,0.111936,0.296033,True,True,False,13,False,True,False,,,,,,,,,,,3,0.514047,0,0.235922,0.447155
persistent_score_margin_recall_frontier_v0,coupling_trace_loop,external_persistent_rank_consistent_cluster_gated,coord_005_pdb_1TIM_A_triosephosphate_isomerase,1TIM:A,8a6556e6f19eba9a,125,132,137,144,9,0,0.4185,0.472602,0.535557,0.196174,0.087963,0.016263,0.450861,-0.067724,below_selector_score_decoy_margin;below_expansion_cluster;above_expansion_blocked_future,adcb14f387cd6eb6,True,0.3933,0.456339,0.516279,0.19389,0.114633,0.518585,True,False,False,14,False,True,False,,,,,,,,,,,5,1.606672,1,0.535742,0.431579
persistent_score_margin_recall_frontier_v0,coupling_trace_loop,external_persistent_rank_consistent_cluster_gated,coord_001_pdb_1MBN_A_myoglobin,1MBN:A,18638f5c09a14711,69,76,81,88,6,0,0.3199,0.456145,0.53144,0.343135,0.091265,0.203704,0.463916,0.192379,below_expansion_cluster;above_expansion_blocked_future,d0a7a57d58561af7,False,0.3265,0.252441,0.247496,0.250799,0.134901,0.271537,True,True,False,15,False,True,False,,,,,,,,,,,5,1.594319,0,0.395112,0.397386
persistent_score_margin_recall_frontier_v0,coupling_trace_loop,external_persistent_rank_consistent_cluster_gated,coord_004_pdb_1CSP_A_cold_shock_protein,1CSP:A,568ecad6d32d1cbe,25,32,37,44,3,0,0.3818,0.51881,0.271205,0.829307,0.0501,-0.394925,0.45083,-0.275433,below_selector_score_decoy_margin;below_expansion_cluster,02883323b47d2e47,True,0.3606,0.913735,1.0,0.87252,0.067857,0.726263,False,False,False,16,False,True,False,,,,,,,,,,,4,0.813614,0,0.269155,0.473881
persistent_score_margin_recall_frontier_v0,coupling_trace_loop,external_persistent_rank_consistent_cluster_gated,coord_001_pdb_1MBN_A_myoglobin,1MBN:A,e8040b52358f7e11,49,56,61,68,3,0,0.3278,0.271082,0.197406,0.336919,0.116333,0.026469,0.255251,0.044694,below_selector_score;below_selector_score_decoy_margin;below_expansion_cluster;above_expansion_blocked_future,b1ad27550deab6ad,False,0.3345,0.244613,0.222906,0.254615,0.152521,0.210557,True,True,False,17,False,True,False,,,,,,,,,,,2,0.592218,0,0.308525,0.424837
persistent_score_margin_recall_frontier_v0,coupling_trace_loop,external_persistent_rank_consistent_cluster_gated,coord_001_pdb_1MBN_A_myoglobin,1MBN:A,c81126c550fd2c8d,109,116,129,136,2,0,0.3613,0.261051,0.244989,0.331232,0.183819,0.06635,0.332058,0.093764,below_selector_score;below_selector_score_decoy_margin;below_expansion_cluster;above_expansion_blocked_future,d320482a352fe652,False,0.3662,0.194701,0.093148,0.347382,0.130346,0.238294,True,True,False,18,False,True,False,,,,,,,,,,,3,0.734968,0,0.249278,0.714597
persistent_score_margin_recall_frontier_v0,coupling_trace_loop,external_persistent_rank_consistent_cluster_gated,coord_008_pdb_1CLL_A_calmodulin,1CLL:A,8562c0c2f8891e98,45,52,65,72,2,0,0.3766,0.289177,0.08677,0.545472,0.022266,-0.0096,0.30486,-0.025667,below_selector_score;below_selector_score_decoy_margin;below_expansion_cluster;below_expansion_direct_support,fed7290dc939ad69,True,0.3853,0.298777,0.183293,0.513178,0.123742,0.330527,False,False,False,19,False,True,False,,,,,,,,,,,1,0.260309,0,0.260309,0.263514
persistent_score_margin_recall_frontier_v0,coupling_trace_loop,external_persistent_rank_consistent_cluster_gated,coord_004_pdb_1CSP_A_cold_shock_protein,1CSP:A,18b2a143870f451f,1,8,25,32,1,0,0.4672,0.476847,0.044168,0.902448,0.008268,0.022361,0.546049,0.120446,below_selector_score_decoy_margin;below_expansion_direct_support,d451b2134ff44d71,True,0.4451,0.454486,0.062786,0.845636,0.041486,0.425603,True,True,False,20,False,True,False,,,,,,,,,,,1,0.132505,0,0.132505,0.895522
persistent_score_margin_recall_frontier_v0,coupling_trace_loop,external_persistent_rank_consistent_cluster_gated,coord_007_pdb_4AKE_A_adenylate_kinase,4AKE:A,cbe42994c210395c,65,72,81,88,1,0,0.4098,0.304683,0.319991,0.252933,0.093467,0.200842,0.409065,0.187668,below_selector_score;below_expansion_cluster;above_expansion_blocked_future,13444b48c35cf8db,False,0.4162,0.103841,0.0,0.201217,0.11494,0.221397,True,True,False,21,False,True,False,,,,,,,,,,,2,0.959973,1,0.727478,0.203271
persistent_score_margin_recall_frontier_v0,coupling_trace_loop,external_persistent_rank_consistent_cluster_gated,coord_008_pdb_1CLL_A_calmodulin,1CLL:A,b687e7c0a4f2d64a,33,40,45,52,1,0,0.3066,0.395249,0.298151,0.566687,0.061372,0.201606,0.378455,0.127929,below_selector_score;below_selector_score_decoy_margin;below_expansion_cluster,b6ec7c3b167bb856,False,0.3069,0.193643,0.0,0.497186,0.101031,0.250526,True,True,False,22,False,True,False,,,,,,,,,,,5,0.894452,0,0.18946,0.698648
persistent_score_margin_recall_frontier_v0,coupling_trace_loop,external_persistent_rank_consistent_cluster_gated,coord_001_pdb_1MBN_A_myoglobin,1MBN:A,de91d40a7a844cd1,41,48,61,68,1,0,0.3587,0.314088,0.194787,0.347939,0.153415,0.097584,0.260226,0.096756,below_selector_score;below_selector_score_decoy_margin;below_expansion_cluster;above_expansion_blocked_future,5209a270d704cf7d,True,0.3416,0.216504,0.0,0.335446,0.122839,0.16347,True,True,False,23,False,True,False,,,,,,,,,,,2,0.584362,0,0.368405,0.578431
