state_id,row_id,source_accession,sequence_hash,event_id,segment_a_start,segment_a_end,segment_b_start,segment_b_end,normalized_span,loop_strain,steric_clash_score,burial_gain,unsatisfied_polar_penalty,future_frustration_score,physical_state_score,state_build_success,state_build_failure_reason,native_contact_count_after_scoring,native_long_range_contact_count_after_scoring,native_truth_used_before_physical_scoring,native_label_attached_after_physical_scoring,raw_sequence_exposed
coord_001_pdb_1MBN_A_myoglobin:273332b35c820a82:physical,coord_001_pdb_1MBN_A_myoglobin,1MBN:A,4e1e5bdd96abfd0c314159fd2797177dfc06ef65103f9f7eda3489f61ca98353,273332b35c820a82,65,72,105,112,0.261438,0.0,0.02625,0.671875,0.172266,0.283253,0.516633,True,,0,0,False,True,False
coord_001_pdb_1MBN_A_myoglobin:e1d5b5868bf3c331:physical,coord_001_pdb_1MBN_A_myoglobin,1MBN:A,4e1e5bdd96abfd0c314159fd2797177dfc06ef65103f9f7eda3489f61ca98353,e1d5b5868bf3c331,65,72,101,108,0.235294,0.0,0.03375,0.7375,0.000391,0.27638,0.692588,True,,0,0,False,True,False
coord_001_pdb_1MBN_A_myoglobin:2aec2fd5af121b17:physical,coord_001_pdb_1MBN_A_myoglobin,1MBN:A,4e1e5bdd96abfd0c314159fd2797177dfc06ef65103f9f7eda3489f61ca98353,2aec2fd5af121b17,25,32,65,72,0.261438,0.0,0.003125,0.671875,0.0,0.283503,0.660598,True,,7,7,False,True,False
coord_001_pdb_1MBN_A_myoglobin:c201fb6781c9a1f7:physical,coord_001_pdb_1MBN_A_myoglobin,1MBN:A,4e1e5bdd96abfd0c314159fd2797177dfc06ef65103f9f7eda3489f61ca98353,c201fb6781c9a1f7,65,72,109,116,0.287582,0.0,0.01875,0.689583,0.043932,0.286707,0.631709,True,,0,0,False,True,False
coord_001_pdb_1MBN_A_myoglobin:6613ac028a0fd26b:physical,coord_001_pdb_1MBN_A_myoglobin,1MBN:A,4e1e5bdd96abfd0c314159fd2797177dfc06ef65103f9f7eda3489f61ca98353,6613ac028a0fd26b,25,32,61,68,0.235294,0.0,0.0,0.523125,0.163625,0.279995,0.391497,True,,12,12,False,True,False
coord_001_pdb_1MBN_A_myoglobin:14e8028404f96235:physical,coord_001_pdb_1MBN_A_myoglobin,1MBN:A,4e1e5bdd96abfd0c314159fd2797177dfc06ef65103f9f7eda3489f61ca98353,14e8028404f96235,9,16,65,72,0.366013,0.0,0.041875,0.71375,0.141719,0.310449,0.553399,True,,0,0,False,True,False
coord_001_pdb_1MBN_A_myoglobin:9f5b8dfa0c890b27:physical,coord_001_pdb_1MBN_A_myoglobin,1MBN:A,4e1e5bdd96abfd0c314159fd2797177dfc06ef65103f9f7eda3489f61ca98353,9f5b8dfa0c890b27,65,72,97,104,0.20915,0.0,0.010625,0.6375,0.171875,0.276407,0.462158,True,,0,0,False,True,False
coord_001_pdb_1MBN_A_myoglobin:83b1f29dc54b255c:physical,coord_001_pdb_1MBN_A_myoglobin,1MBN:A,4e1e5bdd96abfd0c314159fd2797177dfc06ef65103f9f7eda3489f61ca98353,83b1f29dc54b255c,61,68,105,112,0.287582,0.0,0.0075,0.628125,0.086625,0.291837,0.526051,True,,0,0,False,True,False
coord_001_pdb_1MBN_A_myoglobin:d31208ec7f43e85f:physical,coord_001_pdb_1MBN_A_myoglobin,1MBN:A,4e1e5bdd96abfd0c314159fd2797177dfc06ef65103f9f7eda3489f61ca98353,d31208ec7f43e85f,29,36,65,72,0.235294,0.0,0.010625,0.63,0.20625,0.28074,0.425184,True,,1,1,False,True,False
coord_001_pdb_1MBN_A_myoglobin:62a61f4f88b69153:physical,coord_001_pdb_1MBN_A_myoglobin,1MBN:A,4e1e5bdd96abfd0c314159fd2797177dfc06ef65103f9f7eda3489f61ca98353,62a61f4f88b69153,61,68,109,116,0.313725,0.0,0.0,0.589167,0.176458,0.29697,0.420477,True,,0,0,False,True,False
coord_001_pdb_1MBN_A_myoglobin:0d8d84ac956aa4d9:physical,coord_001_pdb_1MBN_A_myoglobin,1MBN:A,4e1e5bdd96abfd0c314159fd2797177dfc06ef65103f9f7eda3489f61ca98353,0d8d84ac956aa4d9,69,76,97,104,0.183007,0.0,0.02625,0.679375,0.137813,0.262983,0.488556,True,,0,0,False,True,False
coord_001_pdb_1MBN_A_myoglobin:24a34bf0a4685a64:physical,coord_001_pdb_1MBN_A_myoglobin,1MBN:A,4e1e5bdd96abfd0c314159fd2797177dfc06ef65103f9f7eda3489f61ca98353,24a34bf0a4685a64,29,36,61,68,0.20915,0.0,0.0075,0.51125,0.275,0.28024,0.253953,True,,2,2,False,True,False
coord_001_pdb_1MBN_A_myoglobin:715ba1bcfb48ea77:physical,coord_001_pdb_1MBN_A_myoglobin,1MBN:A,4e1e5bdd96abfd0c314159fd2797177dfc06ef65103f9f7eda3489f61ca98353,715ba1bcfb48ea77,13,20,65,72,0.339869,0.0,0.02625,0.705208,0.043932,0.308373,0.593876,True,,0,0,False,True,False
coord_001_pdb_1MBN_A_myoglobin:7ce066460dcedc83:physical,coord_001_pdb_1MBN_A_myoglobin,1MBN:A,4e1e5bdd96abfd0c314159fd2797177dfc06ef65103f9f7eda3489f61ca98353,7ce066460dcedc83,61,68,101,108,0.261438,0.0,0.015,0.62375,0.163625,0.285498,0.426272,True,,0,0,False,True,False
coord_001_pdb_1MBN_A_myoglobin:2f66986a51406197:physical,coord_001_pdb_1MBN_A_myoglobin,1MBN:A,4e1e5bdd96abfd0c314159fd2797177dfc06ef65103f9f7eda3489f61ca98353,2f66986a51406197,69,76,101,108,0.20915,0.0,0.049375,0.779375,0.004219,0.263872,0.652305,True,,0,0,False,True,False
coord_001_pdb_1MBN_A_myoglobin:c1cc74a911ebc681:physical,coord_001_pdb_1MBN_A_myoglobin,1MBN:A,4e1e5bdd96abfd0c314159fd2797177dfc06ef65103f9f7eda3489f61ca98353,c1cc74a911ebc681,9,16,69,76,0.392157,0.000879,0.0575,0.755625,0.109219,0.306483,0.553051,True,,3,3,False,True,False
coord_001_pdb_1MBN_A_myoglobin:3890a0214f2e2811:physical,coord_001_pdb_1MBN_A_myoglobin,1MBN:A,4e1e5bdd96abfd0c314159fd2797177dfc06ef65103f9f7eda3489f61ca98353,3890a0214f2e2811,109,116,137,144,0.183007,0.0,0.02625,0.697708,0.078386,0.244991,0.526866,True,,0,0,False,True,False
coord_001_pdb_1MBN_A_myoglobin:560dfccf25c7d677:physical,coord_001_pdb_1MBN_A_myoglobin,1MBN:A,4e1e5bdd96abfd0c314159fd2797177dfc06ef65103f9f7eda3489f61ca98353,560dfccf25c7d677,69,76,105,112,0.235294,0.0,0.041875,0.71375,0.141719,0.263924,0.487724,True,,0,0,False,True,False
coord_001_pdb_1MBN_A_myoglobin:4e0b56f29cc69690:physical,coord_001_pdb_1MBN_A_myoglobin,1MBN:A,4e1e5bdd96abfd0c314159fd2797177dfc06ef65103f9f7eda3489f61ca98353,4e0b56f29cc69690,97,104,109,116,0.078431,0.0,0.010625,0.646667,0.142083,0.197153,0.491232,True,,0,0,False,True,False
coord_001_pdb_1MBN_A_myoglobin:1cfa064860d680e0:physical,coord_001_pdb_1MBN_A_myoglobin,1MBN:A,4e1e5bdd96abfd0c314159fd2797177dfc06ef65103f9f7eda3489f61ca98353,1cfa064860d680e0,105,112,137,144,0.20915,0.0,0.03375,0.72,0.052719,0.254904,0.55745,True,,1,1,False,True,False
coord_001_pdb_1MBN_A_myoglobin:e510ccc1bd576d1e:physical,coord_001_pdb_1MBN_A_myoglobin,1MBN:A,4e1e5bdd96abfd0c314159fd2797177dfc06ef65103f9f7eda3489f61ca98353,e510ccc1bd576d1e,13,20,69,76,0.366013,0.0,0.041875,0.747083,0.013386,0.303506,0.612999,True,,1,1,False,True,False
coord_001_pdb_1MBN_A_myoglobin:027f5c3da42f2dd3:physical,coord_001_pdb_1MBN_A_myoglobin,1MBN:A,4e1e5bdd96abfd0c314159fd2797177dfc06ef65103f9f7eda3489f61ca98353,027f5c3da42f2dd3,9,16,61,68,0.339869,0.0,0.010625,0.56,0.20625,0.307188,0.335269,True,,0,0,False,True,False
coord_001_pdb_1MBN_A_myoglobin:d058d8383e0418b1:physical,coord_001_pdb_1MBN_A_myoglobin,1MBN:A,4e1e5bdd96abfd0c314159fd2797177dfc06ef65103f9f7eda3489f61ca98353,d058d8383e0418b1,105,112,133,140,0.183007,0.002,0.018125,0.688125,0.048125,0.250875,0.52398,True,,3,3,False,True,False
coord_001_pdb_1MBN_A_myoglobin:c107f7135d2f7d4b:physical,coord_001_pdb_1MBN_A_myoglobin,1MBN:A,4e1e5bdd96abfd0c314159fd2797177dfc06ef65103f9f7eda3489f61ca98353,c107f7135d2f7d4b,109,116,141,148,0.20915,0.0,0.010625,0.665357,0.075625,0.269091,0.491574,True,,0,0,False,True,False
coord_001_pdb_1MBN_A_myoglobin:c7b23c0c43320ba5:physical,coord_001_pdb_1MBN_A_myoglobin,1MBN:A,4e1e5bdd96abfd0c314159fd2797177dfc06ef65103f9f7eda3489f61ca98353,c7b23c0c43320ba5,61,68,97,104,0.235294,0.0,0.0075,0.51875,0.240625,0.282098,0.247891,True,,0,0,False,True,False
coord_001_pdb_1MBN_A_myoglobin:7ecb08e220f57b54:physical,coord_001_pdb_1MBN_A_myoglobin,1MBN:A,4e1e5bdd96abfd0c314159fd2797177dfc06ef65103f9f7eda3489f61ca98353,7ecb08e220f57b54,101,108,133,140,0.20915,0.0,0.025625,0.687083,0.112292,0.259641,0.46604,True,,5,5,False,True,False
coord_001_pdb_1MBN_A_myoglobin:9df9205db79322f3:physical,coord_001_pdb_1MBN_A_myoglobin,1MBN:A,4e1e5bdd96abfd0c314159fd2797177dfc06ef65103f9f7eda3489f61ca98353,9df9205db79322f3,105,112,141,148,0.235294,0.0,0.018125,0.671458,0.112292,0.276149,0.46118,True,,0,0,False,True,False
coord_001_pdb_1MBN_A_myoglobin:f7a19a08f315d836:physical,coord_001_pdb_1MBN_A_myoglobin,1MBN:A,4e1e5bdd96abfd0c314159fd2797177dfc06ef65103f9f7eda3489f61ca98353,f7a19a08f315d836,1,8,13,20,0.078431,0.022157,0.015,0.62375,0.163625,0.203101,0.408144,True,,0,0,False,True,False
coord_001_pdb_1MBN_A_myoglobin:8eacd0f4c08d2a65:physical,coord_001_pdb_1MBN_A_myoglobin,1MBN:A,4e1e5bdd96abfd0c314159fd2797177dfc06ef65103f9f7eda3489f61ca98353,8eacd0f4c08d2a65,101,108,129,136,0.183007,0.0,0.018125,0.695625,0.01375,0.254319,0.554243,True,,3,3,False,True,False
coord_001_pdb_1MBN_A_myoglobin:9b641e0d2b5e7d61:physical,coord_001_pdb_1MBN_A_myoglobin,1MBN:A,4e1e5bdd96abfd0c314159fd2797177dfc06ef65103f9f7eda3489f61ca98353,9b641e0d2b5e7d61,1,8,29,36,0.183007,0.0,0.015,0.601875,0.121,0.246832,0.385544,True,,0,0,False,True,False
coord_001_pdb_1MBN_A_myoglobin:a50709cb86272218:physical,coord_001_pdb_1MBN_A_myoglobin,1MBN:A,4e1e5bdd96abfd0c314159fd2797177dfc06ef65103f9f7eda3489f61ca98353,a50709cb86272218,13,20,29,36,0.104575,0.021814,0.018125,0.671458,0.112292,0.214046,0.48833,True,,0,0,False,True,False
coord_001_pdb_1MBN_A_myoglobin:ec30b2cd22be7e49:physical,coord_001_pdb_1MBN_A_myoglobin,1MBN:A,4e1e5bdd96abfd0c314159fd2797177dfc06ef65103f9f7eda3489f61ca98353,ec30b2cd22be7e49,29,36,69,76,0.261438,0.0,0.02625,0.671875,0.172266,0.272592,0.411746,True,,0,0,False,True,False
coord_001_pdb_1MBN_A_myoglobin:9af0875cde290f54:physical,coord_001_pdb_1MBN_A_myoglobin,1MBN:A,4e1e5bdd96abfd0c314159fd2797177dfc06ef65103f9f7eda3489f61ca98353,9af0875cde290f54,13,20,61,68,0.313725,0.0,0.0075,0.551458,0.112292,0.305645,0.380491,True,,0,0,False,True,False
coord_001_pdb_1MBN_A_myoglobin:9719651e706a74ef:physical,coord_001_pdb_1MBN_A_myoglobin,1MBN:A,4e1e5bdd96abfd0c314159fd2797177dfc06ef65103f9f7eda3489f61ca98353,9719651e706a74ef,73,80,101,108,0.183007,0.0,0.015,0.63125,0.12925,0.253341,0.406043,True,,0,0,False,True,False
coord_001_pdb_1MBN_A_myoglobin:feb992806e810fff:physical,coord_001_pdb_1MBN_A_myoglobin,1MBN:A,4e1e5bdd96abfd0c314159fd2797177dfc06ef65103f9f7eda3489f61ca98353,feb992806e810fff,101,108,137,144,0.235294,0.0,0.04125,0.735625,0.052719,0.264173,0.543875,True,,4,4,False,True,False
coord_001_pdb_1MBN_A_myoglobin:212a1bc2d2d0424e:physical,coord_001_pdb_1MBN_A_myoglobin,1MBN:A,4e1e5bdd96abfd0c314159fd2797177dfc06ef65103f9f7eda3489f61ca98353,212a1bc2d2d0424e,37,44,65,72,0.183007,0.0,0.0075,0.57875,0.144375,0.268843,0.352658,True,,0,0,False,True,False
coord_001_pdb_1MBN_A_myoglobin:270ee2e12dc102f6:physical,coord_001_pdb_1MBN_A_myoglobin,1MBN:A,4e1e5bdd96abfd0c314159fd2797177dfc06ef65103f9f7eda3489f61ca98353,270ee2e12dc102f6,13,20,25,32,0.078431,0.039657,0.010625,0.67,0.05225,0.210589,0.524756,True,,0,0,False,True,False
coord_001_pdb_1MBN_A_myoglobin:43cc8b96e57c44b3:physical,coord_001_pdb_1MBN_A_myoglobin,1MBN:A,4e1e5bdd96abfd0c314159fd2797177dfc06ef65103f9f7eda3489f61ca98353,43cc8b96e57c44b3,97,104,133,140,0.235294,0.0,0.015,0.618036,0.185625,0.267193,0.343248,True,,2,2,False,True,False
coord_001_pdb_1MBN_A_myoglobin:466056498e064f6b:physical,coord_001_pdb_1MBN_A_myoglobin,1MBN:A,4e1e5bdd96abfd0c314159fd2797177dfc06ef65103f9f7eda3489f61ca98353,466056498e064f6b,65,72,137,144,0.470588,0.051323,0.02625,0.705208,0.043932,0.3415,0.513703,True,,0,0,False,True,False
coord_001_pdb_1MBN_A_myoglobin:742daa6fa0fda470:physical,coord_001_pdb_1MBN_A_myoglobin,1MBN:A,4e1e5bdd96abfd0c314159fd2797177dfc06ef65103f9f7eda3489f61ca98353,742daa6fa0fda470,13,20,97,104,0.54902,0.08854,0.018125,0.678958,0.077917,0.369907,0.441801,True,,0,0,False,True,False
coord_002_pdb_2LZM_A_t4_lysozyme:47a35f21554baab7:physical,coord_002_pdb_2LZM_A_t4_lysozyme,2LZM:A,0619a8bdf08b15085930db9c8a635510324e67bfd558bb2f8d1654b896355133,47a35f21554baab7,97,104,149,156,0.317073,0.0,0.03375,0.6875,0.172266,0.299399,0.55434,True,,6,6,False,True,False
coord_002_pdb_2LZM_A_t4_lysozyme:a534a67c1c9c1345:physical,coord_002_pdb_2LZM_A_t4_lysozyme,2LZM:A,0619a8bdf08b15085930db9c8a635510324e67bfd558bb2f8d1654b896355133,a534a67c1c9c1345,97,104,145,152,0.292683,0.0,0.02625,0.664375,0.206719,0.289236,0.46024,True,,5,5,False,True,False
coord_002_pdb_2LZM_A_t4_lysozyme:8d5543b1766585fe:physical,coord_002_pdb_2LZM_A_t4_lysozyme,2LZM:A,0619a8bdf08b15085930db9c8a635510324e67bfd558bb2f8d1654b896355133,8d5543b1766585fe,93,100,149,156,0.341463,0.0,0.010625,0.63,0.20625,0.3158,0.441167,True,,9,9,False,True,False
coord_002_pdb_2LZM_A_t4_lysozyme:f9445aac61a400eb:physical,coord_002_pdb_2LZM_A_t4_lysozyme,2LZM:A,0619a8bdf08b15085930db9c8a635510324e67bfd558bb2f8d1654b896355133,f9445aac61a400eb,25,32,73,80,0.292683,0.0,0.010625,0.645,0.1375,0.288416,0.505165,True,,0,0,False,True,False
coord_002_pdb_2LZM_A_t4_lysozyme:07053ae4ab679f8f:physical,coord_002_pdb_2LZM_A_t4_lysozyme,2LZM:A,0619a8bdf08b15085930db9c8a635510324e67bfd558bb2f8d1654b896355133,07053ae4ab679f8f,21,28,69,76,0.292683,0.0,0.015,0.594375,0.144375,0.290057,0.446063,True,,0,0,False,True,False
coord_002_pdb_2LZM_A_t4_lysozyme:367dc47d54d24866:physical,coord_002_pdb_2LZM_A_t4_lysozyme,2LZM:A,0619a8bdf08b15085930db9c8a635510324e67bfd558bb2f8d1654b896355133,367dc47d54d24866,25,32,69,76,0.268293,0.0,0.0075,0.645625,0.01375,0.288421,0.59942,True,,1,1,False,True,False
coord_002_pdb_2LZM_A_t4_lysozyme:cec709f1090c26a6:physical,coord_002_pdb_2LZM_A_t4_lysozyme,2LZM:A,0619a8bdf08b15085930db9c8a635510324e67bfd558bb2f8d1654b896355133,cec709f1090c26a6,57,64,97,104,0.243902,0.0,0.02625,0.689375,0.110469,0.272892,0.547459,True,,0,0,False,True,False
coord_002_pdb_2LZM_A_t4_lysozyme:359f0c36f2f1b0ee:physical,coord_002_pdb_2LZM_A_t4_lysozyme,2LZM:A,0619a8bdf08b15085930db9c8a635510324e67bfd558bb2f8d1654b896355133,359f0c36f2f1b0ee,21,28,97,104,0.463415,0.045025,0.04125,0.710625,0.137813,0.315241,0.503471,True,,0,0,False,True,False
coord_002_pdb_2LZM_A_t4_lysozyme:eea9e5ab6554300b:physical,coord_002_pdb_2LZM_A_t4_lysozyme,2LZM:A,0619a8bdf08b15085930db9c8a635510324e67bfd558bb2f8d1654b896355133,eea9e5ab6554300b,53,60,97,104,0.268293,0.0,0.02625,0.671875,0.172266,0.27457,0.482017,True,,0,0,False,True,False
coord_002_pdb_2LZM_A_t4_lysozyme:18cbe2c94ce73845:physical,coord_002_pdb_2LZM_A_t4_lysozyme,2LZM:A,0619a8bdf08b15085930db9c8a635510324e67bfd558bb2f8d1654b896355133,18cbe2c94ce73845,1,8,21,28,0.121951,0.0,0.0225,0.660208,0.077917,0.231123,0.577919,True,,0,0,False,True,False
coord_002_pdb_2LZM_A_t4_lysozyme:591a9c694b529781:physical,coord_002_pdb_2LZM_A_t4_lysozyme,2LZM:A,0619a8bdf08b15085930db9c8a635510324e67bfd558bb2f8d1654b896355133,591a9c694b529781,1,8,25,32,0.146341,0.0,0.018125,0.686458,0.043542,0.245645,0.639102,True,,2,0,False,True,False
coord_002_pdb_2LZM_A_t4_lysozyme:9232943097d8f42c:physical,coord_002_pdb_2LZM_A_t4_lysozyme,2LZM:A,0619a8bdf08b15085930db9c8a635510324e67bfd558bb2f8d1654b896355133,9232943097d8f42c,21,28,93,100,0.439024,0.033026,0.018125,0.686458,0.043542,0.318048,0.573275,True,,0,0,False,True,False
coord_002_pdb_2LZM_A_t4_lysozyme:39222feaf6397186:physical,coord_002_pdb_2LZM_A_t4_lysozyme,2LZM:A,0619a8bdf08b15085930db9c8a635510324e67bfd558bb2f8d1654b896355133,39222feaf6397186,101,108,149,156,0.292683,0.0,0.015,0.619375,0.048125,0.29873,0.518833,True,,2,2,False,True,False
coord_002_pdb_2LZM_A_t4_lysozyme:5b483755891c303b:physical,coord_002_pdb_2LZM_A_t4_lysozyme,2LZM:A,0619a8bdf08b15085930db9c8a635510324e67bfd558bb2f8d1654b896355133,5b483755891c303b,9,16,21,28,0.073171,0.002683,0.015,0.505,0.086625,0.218284,0.439888,True,,9,0,False,True,False
coord_002_pdb_2LZM_A_t4_lysozyme:dac40850b9753895:physical,coord_002_pdb_2LZM_A_t4_lysozyme,2LZM:A,0619a8bdf08b15085930db9c8a635510324e67bfd558bb2f8d1654b896355133,dac40850b9753895,25,32,97,104,0.439024,0.029432,0.049375,0.736875,0.106289,0.325493,0.546065,True,,0,0,False,True,False
coord_002_pdb_2LZM_A_t4_lysozyme:d1869fc224f7641b:physical,coord_002_pdb_2LZM_A_t4_lysozyme,2LZM:A,0619a8bdf08b15085930db9c8a635510324e67bfd558bb2f8d1654b896355133,d1869fc224f7641b,25,32,93,100,0.414634,0.017382,0.02625,0.679375,0.137813,0.322062,0.494262,True,,0,0,False,True,False
coord_002_pdb_2LZM_A_t4_lysozyme:b9de00d5f6041304:physical,coord_002_pdb_2LZM_A_t4_lysozyme,2LZM:A,0619a8bdf08b15085930db9c8a635510324e67bfd558bb2f8d1654b896355133,b9de00d5f6041304,137,144,149,156,0.073171,0.0,0.0225,0.36125,0.309375,0.223159,0.137576,True,,0,0,False,True,False
coord_002_pdb_2LZM_A_t4_lysozyme:325860b1ee202782:physical,coord_002_pdb_2LZM_A_t4_lysozyme,2LZM:A,0619a8bdf08b15085930db9c8a635510324e67bfd558bb2f8d1654b896355133,325860b1ee202782,21,28,53,60,0.195122,0.0,0.015,0.515,0.048125,0.264356,0.428833,True,,2,2,False,True,False
coord_002_pdb_2LZM_A_t4_lysozyme:c1e2313c7fcc9ea4:physical,coord_002_pdb_2LZM_A_t4_lysozyme,2LZM:A,0619a8bdf08b15085930db9c8a635510324e67bfd558bb2f8d1654b896355133,c1e2313c7fcc9ea4,109,116,149,156,0.243902,0.0,0.015,0.5,0.240625,0.282998,0.259129,True,,0,0,False,True,False
coord_002_pdb_2LZM_A_t4_lysozyme:e2f972c45de1fc16:physical,coord_002_pdb_2LZM_A_t4_lysozyme,2LZM:A,0619a8bdf08b15085930db9c8a635510324e67bfd558bb2f8d1654b896355133,e2f972c45de1fc16,25,32,65,72,0.243902,0.0,0.015,0.584375,0.048125,0.282557,0.489629,True,,8,8,False,True,False
coord_002_pdb_2LZM_A_t4_lysozyme:9b407360a1954553:physical,coord_002_pdb_2LZM_A_t4_lysozyme,2LZM:A,0619a8bdf08b15085930db9c8a635510324e67bfd558bb2f8d1654b896355133,9b407360a1954553,5,12,21,28,0.097561,0.0,0.015,0.485,0.163625,0.226794,0.360395,True,,1,0,False,True,False
coord_002_pdb_2LZM_A_t4_lysozyme:03e3c8168ea80e71:physical,coord_002_pdb_2LZM_A_t4_lysozyme,2LZM:A,0619a8bdf08b15085930db9c8a635510324e67bfd558bb2f8d1654b896355133,03e3c8168ea80e71,21,28,73,80,0.317073,0.0,0.015,0.652083,0.043542,0.286962,0.546739,True,,0,0,False,True,False
coord_002_pdb_2LZM_A_t4_lysozyme:3fbabbd86adca2af:physical,coord_002_pdb_2LZM_A_t4_lysozyme,2LZM:A,0619a8bdf08b15085930db9c8a635510324e67bfd558bb2f8d1654b896355133,3fbabbd86adca2af,101,108,145,152,0.268293,0.0,0.0075,0.53625,0.17875,0.289649,0.346549,True,,2,2,False,True,False
coord_002_pdb_2LZM_A_t4_lysozyme:1e228e2b6297a3b0:physical,coord_002_pdb_2LZM_A_t4_lysozyme,2LZM:A,0619a8bdf08b15085930db9c8a635510324e67bfd558bb2f8d1654b896355133,1e228e2b6297a3b0,97,104,153,160,0.341463,0.0,0.04125,0.753125,0.000391,0.319566,0.652923,True,,1,1,False,True,False
coord_002_pdb_2LZM_A_t4_lysozyme:c24499acaca341cc:physical,coord_002_pdb_2LZM_A_t4_lysozyme,2LZM:A,0619a8bdf08b15085930db9c8a635510324e67bfd558bb2f8d1654b896355133,c24499acaca341cc,13,20,25,32,0.073171,0.020183,0.015,0.63125,0.12925,0.217342,0.487193,True,,22,0,False,True,False
coord_002_pdb_2LZM_A_t4_lysozyme:770ddefa04d29c02:physical,coord_002_pdb_2LZM_A_t4_lysozyme,2LZM:A,0619a8bdf08b15085930db9c8a635510324e67bfd558bb2f8d1654b896355133,770ddefa04d29c02,133,140,149,156,0.097561,0.0,0.0225,0.5775,0.275,0.229025,0.327051,True,,2,0,False,True,False
coord_002_pdb_2LZM_A_t4_lysozyme:9b51494800719ad5:physical,coord_002_pdb_2LZM_A_t4_lysozyme,2LZM:A,0619a8bdf08b15085930db9c8a635510324e67bfd558bb2f8d1654b896355133,9b51494800719ad5,21,28,65,72,0.268293,0.0,0.0225,0.533125,0.17875,0.287617,0.33155,True,,2,2,False,True,False
coord_002_pdb_2LZM_A_t4_lysozyme:9c6f07fada1a1b04:physical,coord_002_pdb_2LZM_A_t4_lysozyme,2LZM:A,0619a8bdf08b15085930db9c8a635510324e67bfd558bb2f8d1654b896355133,9c6f07fada1a1b04,21,28,57,64,0.219512,0.0,0.015,0.5125,0.198,0.271359,0.292683,True,,5,5,False,True,False
coord_002_pdb_2LZM_A_t4_lysozyme:e03762ea541bbb88:physical,coord_002_pdb_2LZM_A_t4_lysozyme,2LZM:A,0619a8bdf08b15085930db9c8a635510324e67bfd558bb2f8d1654b896355133,e03762ea541bbb88,105,112,149,156,0.268293,0.0,0.0075,0.534375,0.048125,0.289679,0.438795,True,,0,0,False,True,False
coord_002_pdb_2LZM_A_t4_lysozyme:e0c8fb121d4476ce:physical,coord_002_pdb_2LZM_A_t4_lysozyme,2LZM:A,0619a8bdf08b15085930db9c8a635510324e67bfd558bb2f8d1654b896355133,e0c8fb121d4476ce,5,12,25,32,0.121951,0.0,0.0075,0.53125,0.05225,0.233729,0.489104,True,,7,0,False,True,False
coord_002_pdb_2LZM_A_t4_lysozyme:8850c006a65638b4:physical,coord_002_pdb_2LZM_A_t4_lysozyme,2LZM:A,0619a8bdf08b15085930db9c8a635510324e67bfd558bb2f8d1654b896355133,8850c006a65638b4,17,24,57,64,0.243902,0.0,0.015,0.513571,0.199375,0.27935,0.28958,True,,1,1,False,True,False
coord_002_pdb_2LZM_A_t4_lysozyme:8dc04a871b22d01c:physical,coord_002_pdb_2LZM_A_t4_lysozyme,2LZM:A,0619a8bdf08b15085930db9c8a635510324e67bfd558bb2f8d1654b896355133,8dc04a871b22d01c,25,32,57,64,0.195122,0.0,0.0075,0.59375,0.086625,0.267431,0.445452,True,,7,7,False,True,False
coord_002_pdb_2LZM_A_t4_lysozyme:6d4e7a327c660829:physical,coord_002_pdb_2LZM_A_t4_lysozyme,2LZM:A,0619a8bdf08b15085930db9c8a635510324e67bfd558bb2f8d1654b896355133,6d4e7a327c660829,73,80,149,156,0.463415,0.042819,0.0075,0.595625,0.20625,0.348475,0.335587,True,,0,0,False,True,False
coord_002_pdb_2LZM_A_t4_lysozyme:f9e2ee5e2909d8e1:physical,coord_002_pdb_2LZM_A_t4_lysozyme,2LZM:A,0619a8bdf08b15085930db9c8a635510324e67bfd558bb2f8d1654b896355133,f9e2ee5e2909d8e1,9,16,25,32,0.097561,0.004116,0.0075,0.56625,0.05225,0.2303,0.503481,True,,16,0,False,True,False
coord_002_pdb_2LZM_A_t4_lysozyme:e913401ca9de73f3:physical,coord_002_pdb_2LZM_A_t4_lysozyme,2LZM:A,0619a8bdf08b15085930db9c8a635510324e67bfd558bb2f8d1654b896355133,e913401ca9de73f3,105,112,145,152,0.243902,0.0,0.0,0.41625,0.17875,0.283573,0.246665,True,,0,0,False,True,False
coord_002_pdb_2LZM_A_t4_lysozyme:87680c762a0d4827:physical,coord_002_pdb_2LZM_A_t4_lysozyme,2LZM:A,0619a8bdf08b15085930db9c8a635510324e67bfd558bb2f8d1654b896355133,87680c762a0d4827,17,24,53,60,0.219512,0.0,0.015,0.5425,0.0825,0.27618,0.406282,True,,2,2,False,True,False
coord_002_pdb_2LZM_A_t4_lysozyme:48fac64a1f513a4d:physical,coord_002_pdb_2LZM_A_t4_lysozyme,2LZM:A,0619a8bdf08b15085930db9c8a635510324e67bfd558bb2f8d1654b896355133,48fac64a1f513a4d,109,116,145,152,0.219512,0.0,0.0075,0.476875,0.275,0.281795,0.195827,True,,0,0,False,True,False
coord_002_pdb_2LZM_A_t4_lysozyme:0c6e898780fe2fd1:physical,coord_002_pdb_2LZM_A_t4_lysozyme,2LZM:A,0619a8bdf08b15085930db9c8a635510324e67bfd558bb2f8d1654b896355133,0c6e898780fe2fd1,93,100,145,152,0.317073,0.0,0.003125,0.606875,0.240625,0.298208,0.349903,True,,5,5,False,True,False
coord_002_pdb_2LZM_A_t4_lysozyme:154100dd2cbbfebb:physical,coord_002_pdb_2LZM_A_t4_lysozyme,2LZM:A,0619a8bdf08b15085930db9c8a635510324e67bfd558bb2f8d1654b896355133,154100dd2cbbfebb,17,24,97,104,0.487805,0.060376,0.04125,0.736458,0.043932,0.325406,0.542751,True,,0,0,False,True,False
coord_002_pdb_2LZM_A_t4_lysozyme:f707fc4c84136e03:physical,coord_002_pdb_2LZM_A_t4_lysozyme,2LZM:A,0619a8bdf08b15085930db9c8a635510324e67bfd558bb2f8d1654b896355133,f707fc4c84136e03,125,132,149,156,0.146341,0.0,0.015,0.611875,0.0825,0.245922,0.500305,True,,9,6,False,True,False
coord_003_pdb_1TEN_A_tenascin_fn3:98f3373f38126e82:physical,coord_003_pdb_1TEN_A_tenascin_fn3,1TEN:A,097fd915fdff69e3196a4cf5e97e8b85c6ba66c4f84c4efb648d3e5e3d7df4ba,98f3373f38126e82,13,20,33,40,0.222222,0.0,0.0075,0.50125,0.17875,0.268564,0.379146,True,,0,0,False,True,False
coord_003_pdb_1TEN_A_tenascin_fn3:623a7de2836589e4:physical,coord_003_pdb_1TEN_A_tenascin_fn3,1TEN:A,097fd915fdff69e3196a4cf5e97e8b85c6ba66c4f84c4efb648d3e5e3d7df4ba,623a7de2836589e4,17,24,33,40,0.177778,0.010833,0.0225,0.669375,0.048125,0.274759,0.643066,True,,0,0,False,True,False
coord_003_pdb_1TEN_A_tenascin_fn3:0b4fbf4fb144193d:physical,coord_003_pdb_1TEN_A_tenascin_fn3,1TEN:A,097fd915fdff69e3196a4cf5e97e8b85c6ba66c4f84c4efb648d3e5e3d7df4ba,0b4fbf4fb144193d,17,24,29,36,0.133333,0.014167,0.025625,0.659583,0.077917,0.262902,0.595276,True,,0,0,False,True,False
coord_003_pdb_1TEN_A_tenascin_fn3:2f0be9c16baa064d:physical,coord_003_pdb_1TEN_A_tenascin_fn3,1TEN:A,097fd915fdff69e3196a4cf5e97e8b85c6ba66c4f84c4efb648d3e5e3d7df4ba,2f0be9c16baa064d,17,24,45,52,0.311111,0.0055,0.015,0.534375,0.116875,0.309548,0.421166,True,,1,1,False,True,False
coord_003_pdb_1TEN_A_tenascin_fn3:81e00f5c6839b44d:physical,coord_003_pdb_1TEN_A_tenascin_fn3,1TEN:A,097fd915fdff69e3196a4cf5e97e8b85c6ba66c4f84c4efb648d3e5e3d7df4ba,81e00f5c6839b44d,5,12,17,24,0.133333,0.016667,0.015,0.576875,0.0825,0.24151,0.509552,True,,26,0,False,True,False
coord_003_pdb_1TEN_A_tenascin_fn3:4849b6f5e4a615c5:physical,coord_003_pdb_1TEN_A_tenascin_fn3,1TEN:A,097fd915fdff69e3196a4cf5e97e8b85c6ba66c4f84c4efb648d3e5e3d7df4ba,4849b6f5e4a615c5,17,24,65,72,0.533333,0.095083,0.0225,0.636875,0.17875,0.377464,0.384248,True,,0,0,False,True,False
coord_003_pdb_1TEN_A_tenascin_fn3:de7a4160201080a9:physical,coord_003_pdb_1TEN_A_tenascin_fn3,1TEN:A,097fd915fdff69e3196a4cf5e97e8b85c6ba66c4f84c4efb648d3e5e3d7df4ba,de7a4160201080a9,33,40,65,72,0.355556,0.0,0.015,0.501667,0.245208,0.331196,0.28225,True,,21,21,False,True,False
coord_003_pdb_1TEN_A_tenascin_fn3:dbfba236daeedd5a:physical,coord_003_pdb_1TEN_A_tenascin_fn3,1TEN:A,097fd915fdff69e3196a4cf5e97e8b85c6ba66c4f84c4efb648d3e5e3d7df4ba,dbfba236daeedd5a,45,52,65,72,0.222222,0.0,0.0075,0.331667,0.313958,0.294532,0.083598,True,,0,0,False,True,False
coord_003_pdb_1TEN_A_tenascin_fn3:0958bef812584c53:physical,coord_003_pdb_1TEN_A_tenascin_fn3,1TEN:A,097fd915fdff69e3196a4cf5e97e8b85c6ba66c4f84c4efb648d3e5e3d7df4ba,0958bef812584c53,33,40,45,52,0.133333,0.051667,0.0075,0.355833,0.215417,0.2517,0.190584,True,,10,0,False,True,False
coord_003_pdb_1TEN_A_tenascin_fn3:71e023bdde738cbb:physical,coord_003_pdb_1TEN_A_tenascin_fn3,1TEN:A,097fd915fdff69e3196a4cf5e97e8b85c6ba66c4f84c4efb648d3e5e3d7df4ba,71e023bdde738cbb,29,36,65,72,0.4,0.02,0.015,0.561875,0.275,0.347011,0.258906,True,,18,18,False,True,False
coord_003_pdb_1TEN_A_tenascin_fn3:819f28bce14e526a:physical,coord_003_pdb_1TEN_A_tenascin_fn3,1TEN:A,097fd915fdff69e3196a4cf5e97e8b85c6ba66c4f84c4efb648d3e5e3d7df4ba,819f28bce14e526a,17,24,49,56,0.355556,0.004306,0.015,0.3575,0.26675,0.304845,0.129885,True,,12,12,False,True,False
coord_003_pdb_1TEN_A_tenascin_fn3:1616affc1f0a3968:physical,coord_003_pdb_1TEN_A_tenascin_fn3,1TEN:A,097fd915fdff69e3196a4cf5e97e8b85c6ba66c4f84c4efb648d3e5e3d7df4ba,1616affc1f0a3968,17,24,41,48,0.266667,0.0,0.015,0.497708,0.112292,0.301644,0.35515,True,,0,0,False,True,False
coord_003_pdb_1TEN_A_tenascin_fn3:2ac694fa54e72bfa:physical,coord_003_pdb_1TEN_A_tenascin_fn3,1TEN:A,097fd915fdff69e3196a4cf5e97e8b85c6ba66c4f84c4efb648d3e5e3d7df4ba,2ac694fa54e72bfa,17,24,37,44,0.222222,0.0,0.015,0.556875,0.01375,0.281022,0.482044,True,,0,0,False,True,False
coord_003_pdb_1TEN_A_tenascin_fn3:a8f6c5a6401b225d:physical,coord_003_pdb_1TEN_A_tenascin_fn3,1TEN:A,097fd915fdff69e3196a4cf5e97e8b85c6ba66c4f84c4efb648d3e5e3d7df4ba,a8f6c5a6401b225d,13,20,65,72,0.577778,0.118232,0.0075,0.46875,0.309375,0.382422,0.087339,True,,0,0,False,True,False
coord_003_pdb_1TEN_A_tenascin_fn3:b4736ca59fe42146:physical,coord_003_pdb_1TEN_A_tenascin_fn3,1TEN:A,097fd915fdff69e3196a4cf5e97e8b85c6ba66c4f84c4efb648d3e5e3d7df4ba,b4736ca59fe42146,13,20,45,52,0.355556,0.004306,0.0,0.40125,0.2475,0.319192,0.172477,True,,0,0,False,True,False
coord_003_pdb_1TEN_A_tenascin_fn3:41067fce804cf60a:physical,coord_003_pdb_1TEN_A_tenascin_fn3,1TEN:A,097fd915fdff69e3196a4cf5e97e8b85c6ba66c4f84c4efb648d3e5e3d7df4ba,41067fce804cf60a,41,48,65,72,0.266667,0.0,0.0075,0.35,0.232375,0.298035,0.139745,True,,0,0,False,True,False
coord_003_pdb_1TEN_A_tenascin_fn3:23ced1b26fca3663:physical,coord_003_pdb_1TEN_A_tenascin_fn3,1TEN:A,097fd915fdff69e3196a4cf5e97e8b85c6ba66c4f84c4efb648d3e5e3d7df4ba,23ced1b26fca3663,21,28,33,40,0.133333,0.034167,0.0225,0.555,0.086625,0.252508,0.419007,True,,0,0,False,True,False
coord_003_pdb_1TEN_A_tenascin_fn3:84b651dfc4ed2ae5:physical,coord_003_pdb_1TEN_A_tenascin_fn3,1TEN:A,097fd915fdff69e3196a4cf5e97e8b85c6ba66c4f84c4efb648d3e5e3d7df4ba,84b651dfc4ed2ae5,13,20,29,36,0.177778,0.0,0.0075,0.518125,0.240625,0.263753,0.314822,True,,0,0,False,True,False
coord_003_pdb_1TEN_A_tenascin_fn3:a2918ccca7d211e3:physical,coord_003_pdb_1TEN_A_tenascin_fn3,1TEN:A,097fd915fdff69e3196a4cf5e97e8b85c6ba66c4f84c4efb648d3e5e3d7df4ba,a2918ccca7d211e3,5,12,29,36,0.266667,0.0,0.0075,0.461875,0.198,0.300071,0.242694,True,,0,0,False,True,False
coord_003_pdb_1TEN_A_tenascin_fn3:39a9181967c0c6ef:physical,coord_003_pdb_1TEN_A_tenascin_fn3,1TEN:A,097fd915fdff69e3196a4cf5e97e8b85c6ba66c4f84c4efb648d3e5e3d7df4ba,39a9181967c0c6ef,17,24,69,76,0.577778,0.118232,0.015,0.62125,0.17875,0.374358,0.301635,True,,1,1,False,True,False
coord_003_pdb_1TEN_A_tenascin_fn3:d094ab28bc2e7323:physical,coord_003_pdb_1TEN_A_tenascin_fn3,1TEN:A,097fd915fdff69e3196a4cf5e97e8b85c6ba66c4f84c4efb648d3e5e3d7df4ba,d094ab28bc2e7323,17,24,53,60,0.4,0.025714,0.0225,0.540833,0.146667,0.338201,0.326336,True,,18,18,False,True,False
coord_003_pdb_1TEN_A_tenascin_fn3:8accace941f54361:physical,coord_003_pdb_1TEN_A_tenascin_fn3,1TEN:A,097fd915fdff69e3196a4cf5e97e8b85c6ba66c4f84c4efb648d3e5e3d7df4ba,8accace941f54361,45,52,69,76,0.266667,0.0,0.0,0.349375,0.185625,0.289638,0.166012,True,,0,0,False,True,False
coord_003_pdb_1TEN_A_tenascin_fn3:11ae0f33ac2f81f2:physical,coord_003_pdb_1TEN_A_tenascin_fn3,1TEN:A,097fd915fdff69e3196a4cf5e97e8b85c6ba66c4f84c4efb648d3e5e3d7df4ba,11ae0f33ac2f81f2,65,72,81,88,0.177778,0.0,0.015,0.358125,0.26675,0.272632,0.136738,True,,24,0,False,True,False
coord_003_pdb_1TEN_A_tenascin_fn3:8b657e60697eb98e:physical,coord_003_pdb_1TEN_A_tenascin_fn3,1TEN:A,097fd915fdff69e3196a4cf5e97e8b85c6ba66c4f84c4efb648d3e5e3d7df4ba,8b657e60697eb98e,21,28,45,52,0.266667,0.0075,0.015,0.49,0.155375,0.298584,0.27571,True,,2,1,False,True,False
coord_003_pdb_1TEN_A_tenascin_fn3:047f268c015ba943:physical,coord_003_pdb_1TEN_A_tenascin_fn3,1TEN:A,097fd915fdff69e3196a4cf5e97e8b85c6ba66c4f84c4efb648d3e5e3d7df4ba,047f268c015ba943,13,20,37,44,0.266667,0.0,0.0,0.38875,0.144375,0.288901,0.236479,True,,0,0,False,True,False
coord_003_pdb_1TEN_A_tenascin_fn3:4bf92e4d17d38123:physical,coord_003_pdb_1TEN_A_tenascin_fn3,1TEN:A,097fd915fdff69e3196a4cf5e97e8b85c6ba66c4f84c4efb648d3e5e3d7df4ba,4bf92e4d17d38123,29,36,45,52,0.177778,0.019583,0.0075,0.454375,0.232375,0.268294,0.233812,True,,25,0,False,True,False
coord_003_pdb_1TEN_A_tenascin_fn3:bd80baf3b810bec8:physical,coord_003_pdb_1TEN_A_tenascin_fn3,1TEN:A,097fd915fdff69e3196a4cf5e97e8b85c6ba66c4f84c4efb648d3e5e3d7df4ba,bd80baf3b810bec8,9,16,21,28,0.133333,0.016667,0.015,0.448333,0.181042,0.243906,0.263246,True,,0,0,False,True,False
coord_003_pdb_1TEN_A_tenascin_fn3:44c23a669ac7a729:physical,coord_003_pdb_1TEN_A_tenascin_fn3,1TEN:A,097fd915fdff69e3196a4cf5e97e8b85c6ba66c4f84c4efb648d3e5e3d7df4ba,44c23a669ac7a729,1,8,21,28,0.222222,0.0,0.015,0.619375,0.048125,0.275029,0.454474,True,,19,2,False,True,False
coord_003_pdb_1TEN_A_tenascin_fn3:8442f9b84adc7ffa:physical,coord_003_pdb_1TEN_A_tenascin_fn3,1TEN:A,097fd915fdff69e3196a4cf5e97e8b85c6ba66c4f84c4efb648d3e5e3d7df4ba,8442f9b84adc7ffa,9,16,29,36,0.222222,0.0,0.0075,0.451042,0.245208,0.293545,0.179361,True,,0,0,False,True,False
coord_003_pdb_1TEN_A_tenascin_fn3:a051bf58f82ebeda:physical,coord_003_pdb_1TEN_A_tenascin_fn3,1TEN:A,097fd915fdff69e3196a4cf5e97e8b85c6ba66c4f84c4efb648d3e5e3d7df4ba,a051bf58f82ebeda,1,8,17,24,0.177778,0.0,0.015,0.637083,0.112292,0.259417,0.473637,True,,21,0,False,True,False
coord_003_pdb_1TEN_A_tenascin_fn3:0a9dc7755e0e261c:physical,coord_003_pdb_1TEN_A_tenascin_fn3,1TEN:A,097fd915fdff69e3196a4cf5e97e8b85c6ba66c4f84c4efb648d3e5e3d7df4ba,0a9dc7755e0e261c,21,28,41,48,0.222222,0.0,0.015,0.515,0.048125,0.289524,0.37057,True,,0,0,False,True,False
coord_003_pdb_1TEN_A_tenascin_fn3:b0e09fd9b7794c8d:physical,coord_003_pdb_1TEN_A_tenascin_fn3,1TEN:A,097fd915fdff69e3196a4cf5e97e8b85c6ba66c4f84c4efb648d3e5e3d7df4ba,b0e09fd9b7794c8d,17,24,57,64,0.444444,0.045382,0.0225,0.626875,0.20625,0.349765,0.310023,True,,7,7,False,True,False
coord_003_pdb_1TEN_A_tenascin_fn3:3bfea9daeb3d3b09:physical,coord_003_pdb_1TEN_A_tenascin_fn3,1TEN:A,097fd915fdff69e3196a4cf5e97e8b85c6ba66c4f84c4efb648d3e5e3d7df4ba,3bfea9daeb3d3b09,41,48,69,76,0.311111,0.0,0.0,0.354375,0.155375,0.304136,0.181851,True,,0,0,False,True,False
coord_003_pdb_1TEN_A_tenascin_fn3:4d4282c656404169:physical,coord_003_pdb_1TEN_A_tenascin_fn3,1TEN:A,097fd915fdff69e3196a4cf5e97e8b85c6ba66c4f84c4efb648d3e5e3d7df4ba,4d4282c656404169,5,12,21,28,0.177778,0.003333,0.015,0.4975,0.121,0.254683,0.343208,True,,9,0,False,True,False
coord_003_pdb_1TEN_A_tenascin_fn3:e68c7f0f37ddcc7d:physical,coord_003_pdb_1TEN_A_tenascin_fn3,1TEN:A,097fd915fdff69e3196a4cf5e97e8b85c6ba66c4f84c4efb648d3e5e3d7df4ba,e68c7f0f37ddcc7d,21,28,65,72,0.488889,0.070278,0.0225,0.5275,0.198,0.357843,0.214321,True,,0,0,False,True,False
coord_003_pdb_1TEN_A_tenascin_fn3:02febda2f6b8a948:physical,coord_003_pdb_1TEN_A_tenascin_fn3,1TEN:A,097fd915fdff69e3196a4cf5e97e8b85c6ba66c4f84c4efb648d3e5e3d7df4ba,02febda2f6b8a948,5,12,33,40,0.311111,0.0,0.0075,0.363333,0.181042,0.303181,0.153877,True,,0,0,False,True,False
coord_003_pdb_1TEN_A_tenascin_fn3:92cf25354d5e6b0d:physical,coord_003_pdb_1TEN_A_tenascin_fn3,1TEN:A,097fd915fdff69e3196a4cf5e97e8b85c6ba66c4f84c4efb648d3e5e3d7df4ba,92cf25354d5e6b0d,21,28,49,56,0.311111,0.002,0.015,0.284792,0.279583,0.302725,0.010075,True,,6,5,False,True,False
coord_003_pdb_1TEN_A_tenascin_fn3:5909b4902621b85e:physical,coord_003_pdb_1TEN_A_tenascin_fn3,1TEN:A,097fd915fdff69e3196a4cf5e97e8b85c6ba66c4f84c4efb648d3e5e3d7df4ba,5909b4902621b85e,13,20,41,48,0.311111,0.0,0.0,0.424583,0.146667,0.315074,0.236325,True,,0,0,False,True,False
coord_003_pdb_1TEN_A_tenascin_fn3:094fae3d50cdd03a:physical,coord_003_pdb_1TEN_A_tenascin_fn3,1TEN:A,097fd915fdff69e3196a4cf5e97e8b85c6ba66c4f84c4efb648d3e5e3d7df4ba,094fae3d50cdd03a,29,36,69,76,0.444444,0.042882,0.0075,0.58625,0.121,0.345393,0.346938,True,,25,25,False,True,False
coord_003_pdb_1TEN_A_tenascin_fn3:8454147373ff806e:physical,coord_003_pdb_1TEN_A_tenascin_fn3,1TEN:A,097fd915fdff69e3196a4cf5e97e8b85c6ba66c4f84c4efb648d3e5e3d7df4ba,8454147373ff806e,9,16,33,40,0.266667,0.0,0.0075,0.351071,0.23375,0.302932,0.099798,True,,0,0,False,True,False
coord_004_pdb_1CSP_A_cold_shock_protein:c701a220e91be65d:physical,coord_004_pdb_1CSP_A_cold_shock_protein,1CSP:A,27d80e68627641f5e24efced906e06a7d8309055a4ec509a9ff9f2cb621b27c7,c701a220e91be65d,5,12,25,32,0.298507,0.0,0.03,0.6675,0.121,0.288345,0.546238,True,,1,0,False,True,False
coord_004_pdb_1CSP_A_cold_shock_protein:748b6064c0ec92dd:physical,coord_004_pdb_1CSP_A_cold_shock_protein,1CSP:A,27d80e68627641f5e24efced906e06a7d8309055a4ec509a9ff9f2cb621b27c7,748b6064c0ec92dd,13,20,25,32,0.179104,0.0,0.033125,0.734375,0.0,0.241828,0.730015,True,,21,0,False,True,False
coord_004_pdb_1CSP_A_cold_shock_protein:18b2a143870f451f:physical,coord_004_pdb_1CSP_A_cold_shock_protein,1CSP:A,27d80e68627641f5e24efced906e06a7d8309055a4ec509a9ff9f2cb621b27c7,18b2a143870f451f,1,8,25,32,0.358209,0.0,0.025625,0.70125,0.05225,0.293039,0.61387,True,,1,0,False,True,False
coord_004_pdb_1CSP_A_cold_shock_protein:fd4425dc8c386b28:physical,coord_004_pdb_1CSP_A_cold_shock_protein,1CSP:A,27d80e68627641f5e24efced906e06a7d8309055a4ec509a9ff9f2cb621b27c7,fd4425dc8c386b28,5,12,21,28,0.238806,0.0,0.0225,0.533958,0.181042,0.280475,0.358155,True,,1,0,False,True,False
coord_004_pdb_1CSP_A_cold_shock_protein:b6dba7729357f0b5:physical,coord_004_pdb_1CSP_A_cold_shock_protein,1CSP:A,27d80e68627641f5e24efced906e06a7d8309055a4ec509a9ff9f2cb621b27c7,b6dba7729357f0b5,25,32,45,52,0.298507,0.0,0.04125,0.728958,0.078386,0.299875,0.602283,True,,1,1,False,True,False
coord_004_pdb_1CSP_A_cold_shock_protein:d451b2134ff44d71:physical,coord_004_pdb_1CSP_A_cold_shock_protein,1CSP:A,27d80e68627641f5e24efced906e06a7d8309055a4ec509a9ff9f2cb621b27c7,d451b2134ff44d71,21,28,45,52,0.358209,0.0,0.015,0.60375,0.240625,0.300721,0.376475,True,,1,1,False,True,False
coord_004_pdb_1CSP_A_cold_shock_protein:a1e5e7e6332ba378:physical,coord_004_pdb_1CSP_A_cold_shock_protein,1CSP:A,27d80e68627641f5e24efced906e06a7d8309055a4ec509a9ff9f2cb621b27c7,a1e5e7e6332ba378,1,8,17,24,0.238806,0.0,0.015,0.567708,0.112292,0.254702,0.428171,True,,17,0,False,True,False
coord_004_pdb_1CSP_A_cold_shock_protein:10132db011f77e1f:physical,coord_004_pdb_1CSP_A_cold_shock_protein,1CSP:A,27d80e68627641f5e24efced906e06a7d8309055a4ec509a9ff9f2cb621b27c7,10132db011f77e1f,1,8,21,28,0.298507,0.0,0.015,0.602708,0.112292,0.28954,0.442986,True,,2,0,False,True,False
coord_004_pdb_1CSP_A_cold_shock_protein:96a34a1ee44253d3:physical,coord_004_pdb_1CSP_A_cold_shock_protein,1CSP:A,27d80e68627641f5e24efced906e06a7d8309055a4ec509a9ff9f2cb621b27c7,96a34a1ee44253d3,21,28,37,44,0.238806,0.0,0.015,0.369792,0.210833,0.267754,0.175249,True,,0,0,False,True,False
coord_004_pdb_1CSP_A_cold_shock_protein:7a6e4e6dd0692ebb:physical,coord_004_pdb_1CSP_A_cold_shock_protein,1CSP:A,27d80e68627641f5e24efced906e06a7d8309055a4ec509a9ff9f2cb621b27c7,7a6e4e6dd0692ebb,21,28,49,56,0.41791,0.015851,0.015,0.509167,0.210833,0.308003,0.26533,True,,1,1,False,True,False
coord_004_pdb_1CSP_A_cold_shock_protein:6e0ebb34456e2578:physical,coord_004_pdb_1CSP_A_cold_shock_protein,1CSP:A,27d80e68627641f5e24efced906e06a7d8309055a4ec509a9ff9f2cb621b27c7,6e0ebb34456e2578,25,32,49,56,0.358209,0.0,0.0225,0.659375,0.086625,0.307861,0.49864,True,,1,1,False,True,False
coord_004_pdb_1CSP_A_cold_shock_protein:9ee2aed28198ebde:physical,coord_004_pdb_1CSP_A_cold_shock_protein,1CSP:A,27d80e68627641f5e24efced906e06a7d8309055a4ec509a9ff9f2cb621b27c7,9ee2aed28198ebde,5,12,17,24,0.179104,0.02709,0.0225,0.533958,0.181042,0.247574,0.338859,True,,12,0,False,True,False
coord_004_pdb_1CSP_A_cold_shock_protein:54b05907d40617c4:physical,coord_004_pdb_1CSP_A_cold_shock_protein,1CSP:A,27d80e68627641f5e24efced906e06a7d8309055a4ec509a9ff9f2cb621b27c7,54b05907d40617c4,13,20,45,52,0.477612,0.055187,0.025625,0.702083,0.043542,0.353706,0.537614,True,,0,0,False,True,False
coord_004_pdb_1CSP_A_cold_shock_protein:2e90d95dfdfaff3f:physical,coord_004_pdb_1CSP_A_cold_shock_protein,1CSP:A,27d80e68627641f5e24efced906e06a7d8309055a4ec509a9ff9f2cb621b27c7,2e90d95dfdfaff3f,13,20,29,36,0.238806,0.0,0.0225,0.6075,0.01375,0.271188,0.50343,True,,5,0,False,True,False
coord_004_pdb_1CSP_A_cold_shock_protein:52aa6661d623e5e5:physical,coord_004_pdb_1CSP_A_cold_shock_protein,1CSP:A,27d80e68627641f5e24efced906e06a7d8309055a4ec509a9ff9f2cb621b27c7,52aa6661d623e5e5,21,28,41,48,0.298507,0.0,0.0075,0.406875,0.275,0.281678,0.145511,True,,0,0,False,True,False
coord_004_pdb_1CSP_A_cold_shock_protein:cfb844d56016c964:physical,coord_004_pdb_1CSP_A_cold_shock_protein,1CSP:A,27d80e68627641f5e24efced906e06a7d8309055a4ec509a9ff9f2cb621b27c7,cfb844d56016c964,25,32,41,48,0.238806,0.0,0.015,0.59375,0.144375,0.279954,0.392305,True,,0,0,False,True,False
coord_004_pdb_1CSP_A_cold_shock_protein:a5afbc73e22ebd4a:physical,coord_004_pdb_1CSP_A_cold_shock_protein,1CSP:A,27d80e68627641f5e24efced906e06a7d8309055a4ec509a9ff9f2cb621b27c7,a5afbc73e22ebd4a,9,16,25,32,0.238806,0.0,0.03,0.650625,0.048125,0.278833,0.492558,True,,9,0,False,True,False
coord_004_pdb_1CSP_A_cold_shock_protein:de192c08614a40dc:physical,coord_004_pdb_1CSP_A_cold_shock_protein,1CSP:A,27d80e68627641f5e24efced906e06a7d8309055a4ec509a9ff9f2cb621b27c7,de192c08614a40dc,1,8,13,20,0.179104,0.0,0.0225,0.639375,0.017875,0.256599,0.56351,True,,19,0,False,True,False
coord_004_pdb_1CSP_A_cold_shock_protein:e039cd421d3c52ab:physical,coord_004_pdb_1CSP_A_cold_shock_protein,1CSP:A,27d80e68627641f5e24efced906e06a7d8309055a4ec509a9ff9f2cb621b27c7,e039cd421d3c52ab,13,20,49,56,0.537313,0.084451,0.0225,0.6325,0.05225,0.358365,0.418864,True,,0,0,False,True,False
coord_004_pdb_1CSP_A_cold_shock_protein:bd8f0a6be3528994:physical,coord_004_pdb_1CSP_A_cold_shock_protein,1CSP:A,27d80e68627641f5e24efced906e06a7d8309055a4ec509a9ff9f2cb621b27c7,bd8f0a6be3528994,17,24,29,36,0.179104,0.01209,0.015,0.4075,0.198,0.25252,0.227268,True,,0,0,False,True,False
coord_004_pdb_1CSP_A_cold_shock_protein:ce2dc606a32b0238:physical,coord_004_pdb_1CSP_A_cold_shock_protein,1CSP:A,27d80e68627641f5e24efced906e06a7d8309055a4ec509a9ff9f2cb621b27c7,ce2dc606a32b0238,17,24,45,52,0.41791,0.023851,0.015,0.60375,0.240625,0.346743,0.289192,True,,0,0,False,True,False
coord_004_pdb_1CSP_A_cold_shock_protein:3b2881f9be3a3892:physical,coord_004_pdb_1CSP_A_cold_shock_protein,1CSP:A,27d80e68627641f5e24efced906e06a7d8309055a4ec509a9ff9f2cb621b27c7,3b2881f9be3a3892,5,12,29,36,0.358209,0.0,0.0225,0.505625,0.155375,0.307255,0.288429,True,,0,0,False,True,False
coord_004_pdb_1CSP_A_cold_shock_protein:dd090083a0df92e6:physical,coord_004_pdb_1CSP_A_cold_shock_protein,1CSP:A,27d80e68627641f5e24efced906e06a7d8309055a4ec509a9ff9f2cb621b27c7,dd090083a0df92e6,1,8,29,36,0.41791,0.023851,0.015,0.574375,0.086625,0.325683,0.368066,True,,0,0,False,True,False
coord_004_pdb_1CSP_A_cold_shock_protein:c1944e79d9b17464:physical,coord_004_pdb_1CSP_A_cold_shock_protein,1CSP:A,27d80e68627641f5e24efced906e06a7d8309055a4ec509a9ff9f2cb621b27c7,c1944e79d9b17464,13,20,33,40,0.298507,0.0,0.0225,0.538125,0.01375,0.295131,0.41434,True,,2,2,False,True,False
coord_004_pdb_1CSP_A_cold_shock_protein:a2d95be115bd08e1:physical,coord_004_pdb_1CSP_A_cold_shock_protein,1CSP:A,27d80e68627641f5e24efced906e06a7d8309055a4ec509a9ff9f2cb621b27c7,a2d95be115bd08e1,33,40,49,56,0.238806,0.0,0.015,0.393125,0.121,0.267086,0.209655,True,,0,0,False,True,False
coord_004_pdb_1CSP_A_cold_shock_protein:2e1fa4d2ecc39f1d:physical,coord_004_pdb_1CSP_A_cold_shock_protein,1CSP:A,27d80e68627641f5e24efced906e06a7d8309055a4ec509a9ff9f2cb621b27c7,2e1fa4d2ecc39f1d,17,24,33,40,0.238806,0.0,0.015,0.373125,0.198,0.291824,0.135349,True,,0,0,False,True,False
coord_004_pdb_1CSP_A_cold_shock_protein:33f5dc4c0aca6ad9:physical,coord_004_pdb_1CSP_A_cold_shock_protein,1CSP:A,27d80e68627641f5e24efced906e06a7d8309055a4ec509a9ff9f2cb621b27c7,33f5dc4c0aca6ad9,17,24,49,56,0.477612,0.05227,0.015,0.509167,0.210833,0.349427,0.19051,True,,0,0,False,True,False
coord_004_pdb_1CSP_A_cold_shock_protein:568ecad6d32d1cbe:physical,coord_004_pdb_1CSP_A_cold_shock_protein,1CSP:A,27d80e68627641f5e24efced906e06a7d8309055a4ec509a9ff9f2cb621b27c7,568ecad6d32d1cbe,25,32,37,44,0.179104,0.0,0.0225,0.59,0.086625,0.265892,0.432892,True,,3,0,False,True,False
coord_004_pdb_1CSP_A_cold_shock_protein:8dfc8dc48f3db4e3:physical,coord_004_pdb_1CSP_A_cold_shock_protein,1CSP:A,27d80e68627641f5e24efced906e06a7d8309055a4ec509a9ff9f2cb621b27c7,8dfc8dc48f3db4e3,21,28,33,40,0.179104,0.0,0.015,0.373125,0.198,0.249576,0.181411,True,,0,0,False,True,False
coord_004_pdb_1CSP_A_cold_shock_protein:139ccbc494e28e1c:physical,coord_004_pdb_1CSP_A_cold_shock_protein,1CSP:A,27d80e68627641f5e24efced906e06a7d8309055a4ec509a9ff9f2cb621b27c7,139ccbc494e28e1c,9,16,45,52,0.537313,0.087308,0.0225,0.618333,0.112292,0.366419,0.333784,True,,0,0,False,True,False
coord_004_pdb_1CSP_A_cold_shock_protein:02883323b47d2e47:physical,coord_004_pdb_1CSP_A_cold_shock_protein,1CSP:A,27d80e68627641f5e24efced906e06a7d8309055a4ec509a9ff9f2cb621b27c7,02883323b47d2e47,45,52,57,64,0.179104,0.0,0.0075,0.560625,0.20625,0.258711,0.328672,True,,22,0,False,True,False
coord_004_pdb_1CSP_A_cold_shock_protein:45ecfcf21dfdf878:physical,coord_004_pdb_1CSP_A_cold_shock_protein,1CSP:A,27d80e68627641f5e24efced906e06a7d8309055a4ec509a9ff9f2cb621b27c7,45ecfcf21dfdf878,13,20,37,44,0.358209,0.0,0.0225,0.528125,0.05225,0.316936,0.361736,True,,2,2,False,True,False
coord_004_pdb_1CSP_A_cold_shock_protein:37210d840f745780:physical,coord_004_pdb_1CSP_A_cold_shock_protein,1CSP:A,27d80e68627641f5e24efced906e06a7d8309055a4ec509a9ff9f2cb621b27c7,37210d840f745780,17,24,37,44,0.298507,0.0,0.015,0.369792,0.210833,0.308742,0.111647,True,,0,0,False,True,False
coord_004_pdb_1CSP_A_cold_shock_protein:c1ffd21b93a8bd15:physical,coord_004_pdb_1CSP_A_cold_shock_protein,1CSP:A,27d80e68627641f5e24efced906e06a7d8309055a4ec509a9ff9f2cb621b27c7,c1ffd21b93a8bd15,29,36,49,56,0.298507,0.0,0.015,0.4975,0.121,0.295835,0.280523,True,,0,0,False,True,False
coord_004_pdb_1CSP_A_cold_shock_protein:fecce4020808f561:physical,coord_004_pdb_1CSP_A_cold_shock_protein,1CSP:A,27d80e68627641f5e24efced906e06a7d8309055a4ec509a9ff9f2cb621b27c7,fecce4020808f561,29,36,45,52,0.238806,0.0,0.015,0.637083,0.112292,0.294876,0.392833,True,,0,0,False,True,False
coord_004_pdb_1CSP_A_cold_shock_protein:c250de40ae3a4d50:physical,coord_004_pdb_1CSP_A_cold_shock_protein,1CSP:A,27d80e68627641f5e24efced906e06a7d8309055a4ec509a9ff9f2cb621b27c7,c250de40ae3a4d50,5,12,45,52,0.597015,0.123983,0.0225,0.661875,0.0825,0.380147,0.346728,True,,6,6,False,True,False
coord_004_pdb_1CSP_A_cold_shock_protein:e3232deaff95d440:physical,coord_004_pdb_1CSP_A_cold_shock_protein,1CSP:A,27d80e68627641f5e24efced906e06a7d8309055a4ec509a9ff9f2cb621b27c7,e3232deaff95d440,13,20,41,48,0.41791,0.023851,0.015,0.566875,0.11,0.331816,0.318228,True,,0,0,False,True,False
coord_004_pdb_1CSP_A_cold_shock_protein:4ddac57caf08bf62:physical,coord_004_pdb_1CSP_A_cold_shock_protein,1CSP:A,27d80e68627641f5e24efced906e06a7d8309055a4ec509a9ff9f2cb621b27c7,4ddac57caf08bf62,17,24,41,48,0.358209,0.0,0.0075,0.476875,0.275,0.330509,0.127239,True,,0,0,False,True,False
coord_004_pdb_1CSP_A_cold_shock_protein:88e9ee7476f19b7a:physical,coord_004_pdb_1CSP_A_cold_shock_protein,1CSP:A,27d80e68627641f5e24efced906e06a7d8309055a4ec509a9ff9f2cb621b27c7,88e9ee7476f19b7a,41,48,57,64,0.238806,0.0,0.0,0.46875,0.240625,0.284654,0.13904,True,,5,0,False,True,False
coord_004_pdb_1CSP_A_cold_shock_protein:2b3e66753b50f2b8:physical,coord_004_pdb_1CSP_A_cold_shock_protein,1CSP:A,27d80e68627641f5e24efced906e06a7d8309055a4ec509a9ff9f2cb621b27c7,2b3e66753b50f2b8,9,16,21,28,0.179104,0.0,0.0225,0.38875,0.198,0.268945,0.159459,True,,4,0,False,True,False
coord_005_pdb_1TIM_A_triosephosphate_isomerase:f2dcc1d009c2c2bf:physical,coord_005_pdb_1TIM_A_triosephosphate_isomerase,1TIM:A,4866c0d272a9e6bd3e33c0295c15a2b403cc2d467d932c3f993e131f11024e72,f2dcc1d009c2c2bf,85,92,137,144,0.210526,0.0,0.049375,0.779375,0.004219,0.245625,0.781934,True,,0,0,False,True,False
coord_005_pdb_1TIM_A_triosephosphate_isomerase:ce45179961e49761:physical,coord_005_pdb_1TIM_A_triosephosphate_isomerase,1TIM:A,4866c0d272a9e6bd3e33c0295c15a2b403cc2d467d932c3f993e131f11024e72,ce45179961e49761,85,92,141,148,0.226721,0.0,0.049375,0.779375,0.004219,0.244295,0.782798,True,,0,0,False,True,False
coord_005_pdb_1TIM_A_triosephosphate_isomerase:21e57127a20bc2bf:physical,coord_005_pdb_1TIM_A_triosephosphate_isomerase,1TIM:A,4866c0d272a9e6bd3e33c0295c15a2b403cc2d467d932c3f993e131f11024e72,21e57127a20bc2bf,33,40,85,92,0.210526,0.0,0.041875,0.71375,0.141719,0.241574,0.61708,True,,1,1,False,True,False
coord_005_pdb_1TIM_A_triosephosphate_isomerase:acf5ec9f8333f3df:physical,coord_005_pdb_1TIM_A_triosephosphate_isomerase,1TIM:A,4866c0d272a9e6bd3e33c0295c15a2b403cc2d467d932c3f993e131f11024e72,acf5ec9f8333f3df,37,44,85,92,0.194332,0.0,0.041875,0.72875,0.070859,0.241574,0.685225,True,,2,2,False,True,False
coord_005_pdb_1TIM_A_triosephosphate_isomerase:115c91bd28e53f64:physical,coord_005_pdb_1TIM_A_triosephosphate_isomerase,1TIM:A,4866c0d272a9e6bd3e33c0295c15a2b403cc2d467d932c3f993e131f11024e72,115c91bd28e53f64,85,92,161,168,0.307692,0.0,0.088125,0.83625,0.037383,0.24993,0.781116,True,,0,0,False,True,False
coord_005_pdb_1TIM_A_triosephosphate_isomerase:c01604513745908b:physical,coord_005_pdb_1TIM_A_triosephosphate_isomerase,1TIM:A,4866c0d272a9e6bd3e33c0295c15a2b403cc2d467d932c3f993e131f11024e72,c01604513745908b,141,148,161,168,0.080972,0.0,0.04125,0.736458,0.043932,0.187397,0.754082,True,,0,0,False,True,False
coord_005_pdb_1TIM_A_triosephosphate_isomerase:a8089966d6a43f69:physical,coord_005_pdb_1TIM_A_triosephosphate_isomerase,1TIM:A,4866c0d272a9e6bd3e33c0295c15a2b403cc2d467d932c3f993e131f11024e72,a8089966d6a43f69,89,96,137,144,0.194332,0.0,0.015,0.65375,0.048125,0.243805,0.633693,True,,0,0,False,True,False
coord_005_pdb_1TIM_A_triosephosphate_isomerase:3a92659c3398f7e1:physical,coord_005_pdb_1TIM_A_triosephosphate_isomerase,1TIM:A,4866c0d272a9e6bd3e33c0295c15a2b403cc2d467d932c3f993e131f11024e72,3a92659c3398f7e1,85,92,121,128,0.145749,0.0,0.0575,0.770625,0.036406,0.204724,0.785631,True,,15,15,False,True,False
coord_005_pdb_1TIM_A_triosephosphate_isomerase:d7579d7232e8d440:physical,coord_005_pdb_1TIM_A_triosephosphate_isomerase,1TIM:A,4866c0d272a9e6bd3e33c0295c15a2b403cc2d467d932c3f993e131f11024e72,d7579d7232e8d440,137,144,161,168,0.097166,0.0,0.04125,0.736458,0.043932,0.192042,0.751207,True,,0,0,False,True,False
coord_005_pdb_1TIM_A_triosephosphate_isomerase:45ebb112fa5f4a90:physical,coord_005_pdb_1TIM_A_triosephosphate_isomerase,1TIM:A,4866c0d272a9e6bd3e33c0295c15a2b403cc2d467d932c3f993e131f11024e72,45ebb112fa5f4a90,89,96,141,148,0.210526,0.0,0.015,0.65375,0.048125,0.246648,0.632265,True,,0,0,False,True,False
coord_005_pdb_1TIM_A_triosephosphate_isomerase:df63842c9cae3906:physical,coord_005_pdb_1TIM_A_triosephosphate_isomerase,1TIM:A,4866c0d272a9e6bd3e33c0295c15a2b403cc2d467d932c3f993e131f11024e72,df63842c9cae3906,121,128,141,148,0.080972,0.0,0.010625,0.670833,0.043542,0.1932,0.706317,True,,7,0,False,True,False
coord_005_pdb_1TIM_A_triosephosphate_isomerase:c8dcea1422f60869:physical,coord_005_pdb_1TIM_A_triosephosphate_isomerase,1TIM:A,4866c0d272a9e6bd3e33c0295c15a2b403cc2d467d932c3f993e131f11024e72,c8dcea1422f60869,121,128,161,168,0.161943,0.0,0.049375,0.744375,0.070859,0.214525,0.733645,True,,20,20,False,True,False
coord_005_pdb_1TIM_A_triosephosphate_isomerase:1bec9eb09d69eea8:physical,coord_005_pdb_1TIM_A_triosephosphate_isomerase,1TIM:A,4866c0d272a9e6bd3e33c0295c15a2b403cc2d467d932c3f993e131f11024e72,1bec9eb09d69eea8,141,148,201,208,0.242915,0.0,0.015,0.637083,0.112292,0.267604,0.568851,True,,0,0,False,True,False
coord_005_pdb_1TIM_A_triosephosphate_isomerase:2ee733fa1fb77324:physical,coord_005_pdb_1TIM_A_triosephosphate_isomerase,1TIM:A,4866c0d272a9e6bd3e33c0295c15a2b403cc2d467d932c3f993e131f11024e72,2ee733fa1fb77324,89,96,161,168,0.291498,0.0,0.04125,0.743958,0.009479,0.249703,0.730879,True,,2,2,False,True,False
coord_005_pdb_1TIM_A_triosephosphate_isomerase:7bba8ca126a6a442:physical,coord_005_pdb_1TIM_A_triosephosphate_isomerase,1TIM:A,4866c0d272a9e6bd3e33c0295c15a2b403cc2d467d932c3f993e131f11024e72,7bba8ca126a6a442,137,144,201,208,0.259109,0.0,0.015,0.637083,0.112292,0.273025,0.565028,True,,0,0,False,True,False
coord_005_pdb_1TIM_A_triosephosphate_isomerase:5c4251d4a0d1c221:physical,coord_005_pdb_1TIM_A_triosephosphate_isomerase,1TIM:A,4866c0d272a9e6bd3e33c0295c15a2b403cc2d467d932c3f993e131f11024e72,5c4251d4a0d1c221,89,96,121,128,0.129555,0.0,0.010625,0.678333,0.009167,0.207732,0.732745,True,,24,24,False,True,False
coord_005_pdb_1TIM_A_triosephosphate_isomerase:8793c01b35ba3c20:physical,coord_005_pdb_1TIM_A_triosephosphate_isomerase,1TIM:A,4866c0d272a9e6bd3e33c0295c15a2b403cc2d467d932c3f993e131f11024e72,8793c01b35ba3c20,5,12,85,92,0.323887,0.0,0.064375,0.775625,0.070859,0.267675,0.686529,True,,0,0,False,True,False
coord_005_pdb_1TIM_A_triosephosphate_isomerase:f45539b9d0da99eb:physical,coord_005_pdb_1TIM_A_triosephosphate_isomerase,1TIM:A,4866c0d272a9e6bd3e33c0295c15a2b403cc2d467d932c3f993e131f11024e72,f45539b9d0da99eb,1,8,85,92,0.340081,0.0,0.056875,0.76,0.070859,0.267675,0.677279,True,,0,0,False,True,False
coord_005_pdb_1TIM_A_triosephosphate_isomerase:4ad66fa1adcd0c25:physical,coord_005_pdb_1TIM_A_triosephosphate_isomerase,1TIM:A,4866c0d272a9e6bd3e33c0295c15a2b403cc2d467d932c3f993e131f11024e72,4ad66fa1adcd0c25,121,128,137,144,0.064777,0.0,0.010625,0.670833,0.043542,0.187557,0.691409,True,,7,0,False,True,False
coord_005_pdb_1TIM_A_triosephosphate_isomerase:698f258019171678:physical,coord_005_pdb_1TIM_A_triosephosphate_isomerase,1TIM:A,4866c0d272a9e6bd3e33c0295c15a2b403cc2d467d932c3f993e131f11024e72,698f258019171678,121,128,201,208,0.323887,0.0,0.010625,0.695,0.0,0.286801,0.717324,True,,0,0,False,True,False
coord_005_pdb_1TIM_A_triosephosphate_isomerase:2624e4fad5a86c34:physical,coord_005_pdb_1TIM_A_triosephosphate_isomerase,1TIM:A,4866c0d272a9e6bd3e33c0295c15a2b403cc2d467d932c3f993e131f11024e72,2624e4fad5a86c34,65,72,121,128,0.226721,0.0,0.010625,0.685833,0.0,0.254898,0.69419,True,,0,0,False,True,False
coord_005_pdb_1TIM_A_triosephosphate_isomerase:b80ddeb604d1f04d:physical,coord_005_pdb_1TIM_A_triosephosphate_isomerase,1TIM:A,4866c0d272a9e6bd3e33c0295c15a2b403cc2d467d932c3f993e131f11024e72,b80ddeb604d1f04d,137,144,205,212,0.275304,0.0,0.015,0.66125,0.01375,0.278792,0.657937,True,,0,0,False,True,False
coord_005_pdb_1TIM_A_triosephosphate_isomerase:9c4a818b96d9a6f8:physical,coord_005_pdb_1TIM_A_triosephosphate_isomerase,1TIM:A,4866c0d272a9e6bd3e33c0295c15a2b403cc2d467d932c3f993e131f11024e72,9c4a818b96d9a6f8,65,72,85,92,0.080972,0.007092,0.049375,0.744375,0.070859,0.197907,0.701699,True,,3,3,False,True,False
coord_005_pdb_1TIM_A_triosephosphate_isomerase:ac38bcd5c26bdede:physical,coord_005_pdb_1TIM_A_triosephosphate_isomerase,1TIM:A,4866c0d272a9e6bd3e33c0295c15a2b403cc2d467d932c3f993e131f11024e72,ac38bcd5c26bdede,61,68,121,128,0.242915,0.0,0.02625,0.729375,0.000313,0.256373,0.723377,True,,1,1,False,True,False
coord_005_pdb_1TIM_A_triosephosphate_isomerase:214b84fa03118c0e:physical,coord_005_pdb_1TIM_A_triosephosphate_isomerase,1TIM:A,4866c0d272a9e6bd3e33c0295c15a2b403cc2d467d932c3f993e131f11024e72,214b84fa03118c0e,33,40,121,128,0.356275,0.0,0.003125,0.621875,0.171875,0.293807,0.515458,True,,0,0,False,True,False
coord_005_pdb_1TIM_A_triosephosphate_isomerase:e7f9eb955d91744b:physical,coord_005_pdb_1TIM_A_triosephosphate_isomerase,1TIM:A,4866c0d272a9e6bd3e33c0295c15a2b403cc2d467d932c3f993e131f11024e72,e7f9eb955d91744b,85,92,165,172,0.323887,0.0,0.049375,0.751875,0.03543,0.259886,0.70408,True,,0,0,False,True,False
coord_005_pdb_1TIM_A_triosephosphate_isomerase:30a67bb705ddf1fb:physical,coord_005_pdb_1TIM_A_triosephosphate_isomerase,1TIM:A,4866c0d272a9e6bd3e33c0295c15a2b403cc2d467d932c3f993e131f11024e72,30a67bb705ddf1fb,37,44,121,128,0.340081,0.0,0.003125,0.636875,0.103125,0.292893,0.582375,True,,0,0,False,True,False
coord_005_pdb_1TIM_A_triosephosphate_isomerase:e2b0bab80264bcb1:physical,coord_005_pdb_1TIM_A_triosephosphate_isomerase,1TIM:A,4866c0d272a9e6bd3e33c0295c15a2b403cc2d467d932c3f993e131f11024e72,e2b0bab80264bcb1,89,96,165,172,0.307692,0.0,0.015,0.67625,0.0,0.265481,0.678557,True,,1,1,False,True,False
coord_005_pdb_1TIM_A_triosephosphate_isomerase:b65e8310d25fe854:physical,coord_005_pdb_1TIM_A_triosephosphate_isomerase,1TIM:A,4866c0d272a9e6bd3e33c0295c15a2b403cc2d467d932c3f993e131f11024e72,b65e8310d25fe854,141,148,165,172,0.097166,0.0,0.015,0.66875,0.0,0.199438,0.712941,True,,0,0,False,True,False
coord_005_pdb_1TIM_A_triosephosphate_isomerase:ce32cefe6c022f60:physical,coord_005_pdb_1TIM_A_triosephosphate_isomerase,1TIM:A,4866c0d272a9e6bd3e33c0295c15a2b403cc2d467d932c3f993e131f11024e72,ce32cefe6c022f60,141,148,157,164,0.064777,0.010283,0.018125,0.688125,0.048125,0.186856,0.67608,True,,0,0,False,True,False
coord_005_pdb_1TIM_A_triosephosphate_isomerase:7d1f8fc48e06b6d7:physical,coord_005_pdb_1TIM_A_triosephosphate_isomerase,1TIM:A,4866c0d272a9e6bd3e33c0295c15a2b403cc2d467d932c3f993e131f11024e72,7d1f8fc48e06b6d7,157,164,205,212,0.194332,0.0,0.018125,0.703125,0.0,0.234449,0.699739,True,,15,15,False,True,False
coord_005_pdb_1TIM_A_triosephosphate_isomerase:c914296037ebb0cd:physical,coord_005_pdb_1TIM_A_triosephosphate_isomerase,1TIM:A,4866c0d272a9e6bd3e33c0295c15a2b403cc2d467d932c3f993e131f11024e72,c914296037ebb0cd,141,148,205,212,0.259109,0.0,0.015,0.66125,0.01375,0.271208,0.64513,True,,0,0,False,True,False
coord_005_pdb_1TIM_A_triosephosphate_isomerase:34505d7d8e8ceff9:physical,coord_005_pdb_1TIM_A_triosephosphate_isomerase,1TIM:A,4866c0d272a9e6bd3e33c0295c15a2b403cc2d467d932c3f993e131f11024e72,34505d7d8e8ceff9,161,168,237,244,0.307692,0.0,0.04125,0.710625,0.137813,0.283773,0.587862,True,,0,0,False,True,False
coord_005_pdb_1TIM_A_triosephosphate_isomerase:c7a3f6448732db15:physical,coord_005_pdb_1TIM_A_triosephosphate_isomerase,1TIM:A,4866c0d272a9e6bd3e33c0295c15a2b403cc2d467d932c3f993e131f11024e72,c7a3f6448732db15,161,168,201,208,0.161943,0.0,0.04125,0.760625,0.000313,0.221467,0.785806,True,,15,15,False,True,False
coord_005_pdb_1TIM_A_triosephosphate_isomerase:c857e49c082b5249:physical,coord_005_pdb_1TIM_A_triosephosphate_isomerase,1TIM:A,4866c0d272a9e6bd3e33c0295c15a2b403cc2d467d932c3f993e131f11024e72,c857e49c082b5249,33,40,89,96,0.226721,0.0,0.0075,0.613125,0.144375,0.244661,0.503971,True,,1,1,False,True,False
coord_005_pdb_1TIM_A_triosephosphate_isomerase:1972cd4ba63e2ecc:physical,coord_005_pdb_1TIM_A_triosephosphate_isomerase,1TIM:A,4866c0d272a9e6bd3e33c0295c15a2b403cc2d467d932c3f993e131f11024e72,1972cd4ba63e2ecc,37,44,89,96,0.210526,0.0,0.0075,0.636458,0.043542,0.243564,0.603402,True,,2,2,False,True,False
coord_005_pdb_1TIM_A_triosephosphate_isomerase:60eb6c34ae82e564:physical,coord_005_pdb_1TIM_A_triosephosphate_isomerase,1TIM:A,4866c0d272a9e6bd3e33c0295c15a2b403cc2d467d932c3f993e131f11024e72,60eb6c34ae82e564,165,172,201,208,0.145749,0.0,0.015,0.62625,0.1375,0.226924,0.564342,True,,1,1,False,True,False
coord_005_pdb_1TIM_A_triosephosphate_isomerase:3586022314214ca6:physical,coord_005_pdb_1TIM_A_triosephosphate_isomerase,1TIM:A,4866c0d272a9e6bd3e33c0295c15a2b403cc2d467d932c3f993e131f11024e72,3586022314214ca6,137,144,157,164,0.080972,0.0,0.018125,0.688125,0.048125,0.18798,0.683062,True,,0,0,False,True,False
coord_005_pdb_1TIM_A_triosephosphate_isomerase:af0df381cd4efa7a:physical,coord_005_pdb_1TIM_A_triosephosphate_isomerase,1TIM:A,4866c0d272a9e6bd3e33c0295c15a2b403cc2d467d932c3f993e131f11024e72,af0df381cd4efa7a,137,144,165,172,0.11336,0.0,0.015,0.66875,0.0,0.206033,0.708559,True,,0,0,False,True,False
coord_005_pdb_1TIM_A_triosephosphate_isomerase:2e279b9b419e23cb:physical,coord_005_pdb_1TIM_A_triosephosphate_isomerase,1TIM:A,4866c0d272a9e6bd3e33c0295c15a2b403cc2d467d932c3f993e131f11024e72,2e279b9b419e23cb,85,92,201,208,0.469636,0.048392,0.049375,0.736875,0.106289,0.316314,0.596395,True,,0,0,False,True,False
coord_006_pdb_1PGA_A_protein_g_b1:edb2e3f9d6c2c81e:physical,coord_006_pdb_1PGA_A_protein_g_b1,1PGA:A,7e859d82171047700fd3e9632f7a47eab4a39baedc8c3316d2fc62d3ce2260bb,edb2e3f9d6c2c81e,29,36,49,56,0.357143,0.008929,0.0225,0.508125,0.15125,0.330628,0.310966,True,,0,0,False,True,False
coord_006_pdb_1PGA_A_protein_g_b1:20bd39974dd18d36:physical,coord_006_pdb_1PGA_A_protein_g_b1,1PGA:A,7e859d82171047700fd3e9632f7a47eab4a39baedc8c3316d2fc62d3ce2260bb,20bd39974dd18d36,25,32,49,56,0.428571,0.046964,0.015,0.370625,0.224125,0.346054,0.122401,True,,1,1,False,True,False
coord_006_pdb_1PGA_A_protein_g_b1:b784be68c634d390:physical,coord_006_pdb_1PGA_A_protein_g_b1,1PGA:A,7e859d82171047700fd3e9632f7a47eab4a39baedc8c3316d2fc62d3ce2260bb,b784be68c634d390,25,32,45,52,0.357143,0.008929,0.0225,0.473125,0.15125,0.325116,0.278732,True,,1,1,False,True,False
coord_006_pdb_1PGA_A_protein_g_b1:f9d7761eae04c6a8:physical,coord_006_pdb_1PGA_A_protein_g_b1,1PGA:A,7e859d82171047700fd3e9632f7a47eab4a39baedc8c3316d2fc62d3ce2260bb,f9d7761eae04c6a8,13,20,25,32,0.214286,0.008571,0.0075,0.225625,0.185625,0.273576,0.060431,True,,4,0,False,True,False
coord_006_pdb_1PGA_A_protein_g_b1:60db7df8af64dae1:physical,coord_006_pdb_1PGA_A_protein_g_b1,1PGA:A,7e859d82171047700fd3e9632f7a47eab4a39baedc8c3316d2fc62d3ce2260bb,60db7df8af64dae1,17,24,29,36,0.214286,0.0,0.015,0.58625,0.17875,0.251978,0.34302,True,,0,0,False,True,False
coord_006_pdb_1PGA_A_protein_g_b1:377fa584297b72f8:physical,coord_006_pdb_1PGA_A_protein_g_b1,1PGA:A,7e859d82171047700fd3e9632f7a47eab4a39baedc8c3316d2fc62d3ce2260bb,377fa584297b72f8,29,36,45,52,0.285714,0.0075,0.03,0.590625,0.155375,0.316203,0.358253,True,,0,0,False,True,False
coord_006_pdb_1PGA_A_protein_g_b1:c9dd101cd0042642:physical,coord_006_pdb_1PGA_A_protein_g_b1,1PGA:A,7e859d82171047700fd3e9632f7a47eab4a39baedc8c3316d2fc62d3ce2260bb,c9dd101cd0042642,29,36,41,48,0.214286,0.026071,0.03,0.578125,0.198,0.290593,0.29669,True,,0,0,False,True,False
coord_006_pdb_1PGA_A_protein_g_b1:e1c1890e625a6ff9:physical,coord_006_pdb_1PGA_A_protein_g_b1,1PGA:A,7e859d82171047700fd3e9632f7a47eab4a39baedc8c3316d2fc62d3ce2260bb,e1c1890e625a6ff9,25,32,37,44,0.214286,0.008571,0.015,0.350625,0.155375,0.282595,0.179477,True,,0,0,False,True,False
coord_006_pdb_1PGA_A_protein_g_b1:a4ba2f14f847bef9:physical,coord_006_pdb_1PGA_A_protein_g_b1,1PGA:A,7e859d82171047700fd3e9632f7a47eab4a39baedc8c3316d2fc62d3ce2260bb,a4ba2f14f847bef9,37,44,49,56,0.214286,0.008571,0.015,0.25875,0.2475,0.274852,0.019255,True,,18,0,False,True,False
coord_006_pdb_1PGA_A_protein_g_b1:716dac20bd4eedb3:physical,coord_006_pdb_1PGA_A_protein_g_b1,1PGA:A,7e859d82171047700fd3e9632f7a47eab4a39baedc8c3316d2fc62d3ce2260bb,716dac20bd4eedb3,21,28,49,56,0.5,0.0775,0.0075,0.396875,0.18975,0.360761,0.147272,True,,2,2,False,True,False
coord_006_pdb_1PGA_A_protein_g_b1:e10ab0e3b8815e64:physical,coord_006_pdb_1PGA_A_protein_g_b1,1PGA:A,7e859d82171047700fd3e9632f7a47eab4a39baedc8c3316d2fc62d3ce2260bb,e10ab0e3b8815e64,25,32,41,48,0.285714,0.00875,0.0225,0.498958,0.181042,0.302204,0.259796,True,,0,0,False,True,False
coord_006_pdb_1PGA_A_protein_g_b1:8d7511507c1c39be:physical,coord_006_pdb_1PGA_A_protein_g_b1,1PGA:A,7e859d82171047700fd3e9632f7a47eab4a39baedc8c3316d2fc62d3ce2260bb,8d7511507c1c39be,13,20,29,36,0.285714,0.0,0.015,0.308125,0.18975,0.275636,0.122303,True,,0,0,False,True,False
coord_006_pdb_1PGA_A_protein_g_b1:d7f0ec7a73530fad:physical,coord_006_pdb_1PGA_A_protein_g_b1,1PGA:A,7e859d82171047700fd3e9632f7a47eab4a39baedc8c3316d2fc62d3ce2260bb,d7f0ec7a73530fad,33,40,49,56,0.285714,0.0,0.015,0.363125,0.2475,0.312038,0.110671,True,,4,0,False,True,False
coord_006_pdb_1PGA_A_protein_g_b1:8ead76856d54eadd:physical,coord_006_pdb_1PGA_A_protein_g_b1,1PGA:A,7e859d82171047700fd3e9632f7a47eab4a39baedc8c3316d2fc62d3ce2260bb,8ead76856d54eadd,1,8,13,20,0.214286,0.006071,0.0075,0.379375,0.116875,0.291011,0.220641,True,,26,0,False,True,False
coord_006_pdb_1PGA_A_protein_g_b1:54bbf7430c23478f:physical,coord_006_pdb_1PGA_A_protein_g_b1,1PGA:A,7e859d82171047700fd3e9632f7a47eab4a39baedc8c3316d2fc62d3ce2260bb,54bbf7430c23478f,17,24,49,56,0.571429,0.110953,0.0075,0.451875,0.2475,0.378205,0.085027,True,,1,1,False,True,False
coord_006_pdb_1PGA_A_protein_g_b1:7dae18d892b822e4:physical,coord_006_pdb_1PGA_A_protein_g_b1,1PGA:A,7e859d82171047700fd3e9632f7a47eab4a39baedc8c3316d2fc62d3ce2260bb,7dae18d892b822e4,33,40,45,52,0.214286,0.006071,0.0225,0.485625,0.232375,0.296979,0.188457,True,,0,0,False,True,False
coord_006_pdb_1PGA_A_protein_g_b1:cf9d1baf7f2d6848:physical,coord_006_pdb_1PGA_A_protein_g_b1,1PGA:A,7e859d82171047700fd3e9632f7a47eab4a39baedc8c3316d2fc62d3ce2260bb,cf9d1baf7f2d6848,21,28,45,52,0.428571,0.036964,0.015,0.517708,0.181042,0.353595,0.248765,True,,2,2,False,True,False
coord_006_pdb_1PGA_A_protein_g_b1:52d535e82f09cb8d:physical,coord_006_pdb_1PGA_A_protein_g_b1,1PGA:A,7e859d82171047700fd3e9632f7a47eab4a39baedc8c3316d2fc62d3ce2260bb,52d535e82f09cb8d,1,8,17,24,0.285714,0.0,0.010625,0.655833,0.112292,0.301962,0.431009,True,,16,0,False,True,False
coord_006_pdb_1PGA_A_protein_g_b1:bc3128744860478f:physical,coord_006_pdb_1PGA_A_protein_g_b1,1PGA:A,7e859d82171047700fd3e9632f7a47eab4a39baedc8c3316d2fc62d3ce2260bb,bc3128744860478f,1,8,41,48,0.714286,0.18692,0.0684,0.574375,0.144375,0.444655,0.175426,True,,0,0,False,True,False
coord_006_pdb_1PGA_A_protein_g_b1:2d2cb4074f27b92b:physical,coord_006_pdb_1PGA_A_protein_g_b1,1PGA:A,7e859d82171047700fd3e9632f7a47eab4a39baedc8c3316d2fc62d3ce2260bb,2d2cb4074f27b92b,17,24,45,52,0.5,0.0695,0.015,0.504375,0.232375,0.359488,0.168016,True,,1,1,False,True,False
coord_006_pdb_1PGA_A_protein_g_b1:ac0f2c170995dbfc:physical,coord_006_pdb_1PGA_A_protein_g_b1,1PGA:A,7e859d82171047700fd3e9632f7a47eab4a39baedc8c3316d2fc62d3ce2260bb,ac0f2c170995dbfc,21,28,33,40,0.214286,0.0,0.0075,0.56625,0.198,0.266742,0.279069,True,,0,0,False,True,False
coord_006_pdb_1PGA_A_protein_g_b1:b40de1174285e775:physical,coord_006_pdb_1PGA_A_protein_g_b1,1PGA:A,7e859d82171047700fd3e9632f7a47eab4a39baedc8c3316d2fc62d3ce2260bb,b40de1174285e775,1,8,21,28,0.357143,0.0,0.010625,0.6725,0.048125,0.307526,0.492065,True,,4,0,False,True,False
coord_006_pdb_1PGA_A_protein_g_b1:0b839e3bbab7942b:physical,coord_006_pdb_1PGA_A_protein_g_b1,1PGA:A,7e859d82171047700fd3e9632f7a47eab4a39baedc8c3316d2fc62d3ce2260bb,0b839e3bbab7942b,21,28,41,48,0.357143,0.0,0.015,0.543542,0.210833,0.331499,0.255905,True,,0,0,False,True,False
coord_006_pdb_1PGA_A_protein_g_b1:6dad1517c73bf92d:physical,coord_006_pdb_1PGA_A_protein_g_b1,1PGA:A,7e859d82171047700fd3e9632f7a47eab4a39baedc8c3316d2fc62d3ce2260bb,6dad1517c73bf92d,5,12,17,24,0.214286,0.0,0.0,0.605833,0.112292,0.280801,0.380385,True,,1,0,False,True,False
coord_006_pdb_1PGA_A_protein_g_b1:eacd85570a92b8de:physical,coord_006_pdb_1PGA_A_protein_g_b1,1PGA:A,7e859d82171047700fd3e9632f7a47eab4a39baedc8c3316d2fc62d3ce2260bb,eacd85570a92b8de,17,24,33,40,0.285714,0.0,0.0075,0.54625,0.275,0.275975,0.195041,True,,0,0,False,True,False
coord_006_pdb_1PGA_A_protein_g_b1:f9c4a165cba72b36:physical,coord_006_pdb_1PGA_A_protein_g_b1,1PGA:A,7e859d82171047700fd3e9632f7a47eab4a39baedc8c3316d2fc62d3ce2260bb,f9c4a165cba72b36,17,24,41,48,0.428571,0.027589,0.015,0.526875,0.275,0.343856,0.161957,True,,0,0,False,True,False
coord_006_pdb_1PGA_A_protein_g_b1:84e26c4db1c3a597:physical,coord_006_pdb_1PGA_A_protein_g_b1,1PGA:A,7e859d82171047700fd3e9632f7a47eab4a39baedc8c3316d2fc62d3ce2260bb,84e26c4db1c3a597,5,12,21,28,0.285714,0.0,0.0,0.6225,0.048125,0.290424,0.438539,True,,0,0,False,True,False
coord_006_pdb_1PGA_A_protein_g_b1:962f90f0165b19fa:physical,coord_006_pdb_1PGA_A_protein_g_b1,1PGA:A,7e859d82171047700fd3e9632f7a47eab4a39baedc8c3316d2fc62d3ce2260bb,962f90f0165b19fa,1,8,25,32,0.428571,0.031964,0.015,0.62125,0.17875,0.336942,0.300574,True,,2,1,False,True,False
coord_006_pdb_1PGA_A_protein_g_b1:f69344f9452f3703:physical,coord_006_pdb_1PGA_A_protein_g_b1,1PGA:A,7e859d82171047700fd3e9632f7a47eab4a39baedc8c3316d2fc62d3ce2260bb,f69344f9452f3703,17,24,37,44,0.357143,0.0,0.0075,0.371875,0.275,0.338748,0.066576,True,,0,0,False,True,False
coord_006_pdb_1PGA_A_protein_g_b1:8c53818185f5a6cc:physical,coord_006_pdb_1PGA_A_protein_g_b1,1PGA:A,7e859d82171047700fd3e9632f7a47eab4a39baedc8c3316d2fc62d3ce2260bb,8c53818185f5a6cc,13,20,49,56,0.642857,0.151786,0.0075,0.13875,0.2585,0.406003,-0.221237,True,,0,0,False,True,False
coord_006_pdb_1PGA_A_protein_g_b1:8a7fdd8ffebe4e45:physical,coord_006_pdb_1PGA_A_protein_g_b1,1PGA:A,7e859d82171047700fd3e9632f7a47eab4a39baedc8c3316d2fc62d3ce2260bb,8a7fdd8ffebe4e45,1,8,29,36,0.5,0.0655,0.025625,0.687083,0.112292,0.349523,0.375004,True,,1,1,False,True,False
coord_006_pdb_1PGA_A_protein_g_b1:dd2f6ea12137dfde:physical,coord_006_pdb_1PGA_A_protein_g_b1,1PGA:A,7e859d82171047700fd3e9632f7a47eab4a39baedc8c3316d2fc62d3ce2260bb,dd2f6ea12137dfde,5,12,25,32,0.357143,0.0,0.0075,0.57125,0.17875,0.317794,0.270134,True,,1,1,False,True,False
coord_006_pdb_1PGA_A_protein_g_b1:2237295a0bc08991:physical,coord_006_pdb_1PGA_A_protein_g_b1,1PGA:A,7e859d82171047700fd3e9632f7a47eab4a39baedc8c3316d2fc62d3ce2260bb,2237295a0bc08991,5,12,29,36,0.428571,0.022589,0.015,0.637083,0.112292,0.328693,0.35889,True,,1,1,False,True,False
coord_006_pdb_1PGA_A_protein_g_b1:bd9824738068bd4b:physical,coord_006_pdb_1PGA_A_protein_g_b1,1PGA:A,7e859d82171047700fd3e9632f7a47eab4a39baedc8c3316d2fc62d3ce2260bb,bd9824738068bd4b,1,8,37,44,0.642857,0.143214,0.015,0.462708,0.112292,0.414471,0.161462,True,,0,0,False,True,False
coord_006_pdb_1PGA_A_protein_g_b1:4cd7b3c1ee8dbc5f:physical,coord_006_pdb_1PGA_A_protein_g_b1,1PGA:A,7e859d82171047700fd3e9632f7a47eab4a39baedc8c3316d2fc62d3ce2260bb,4cd7b3c1ee8dbc5f,21,28,37,44,0.285714,0.0,0.0075,0.391875,0.198,0.309345,0.127594,True,,0,0,False,True,False
coord_006_pdb_1PGA_A_protein_g_b1:e0f1040707e2eb88:physical,coord_006_pdb_1PGA_A_protein_g_b1,1PGA:A,7e859d82171047700fd3e9632f7a47eab4a39baedc8c3316d2fc62d3ce2260bb,e0f1040707e2eb88,13,20,45,52,0.571429,0.110953,0.015,0.224583,0.249792,0.386975,-0.130044,True,,0,0,False,True,False
coord_006_pdb_1PGA_A_protein_g_b1:66372d5c97e3dfb2:physical,coord_006_pdb_1PGA_A_protein_g_b1,1PGA:A,7e859d82171047700fd3e9632f7a47eab4a39baedc8c3316d2fc62d3ce2260bb,66372d5c97e3dfb2,5,12,49,56,0.785714,0.227698,0.1044,0.432708,0.181042,0.476288,-0.099596,True,,19,19,False,True,False
coord_006_pdb_1PGA_A_protein_g_b1:455316fadbc0f299:physical,coord_006_pdb_1PGA_A_protein_g_b1,1PGA:A,7e859d82171047700fd3e9632f7a47eab4a39baedc8c3316d2fc62d3ce2260bb,455316fadbc0f299,1,8,45,52,0.785714,0.22742,0.1194,0.626875,0.0825,0.477866,0.123412,True,,11,11,False,True,False
coord_006_pdb_1PGA_A_protein_g_b1:80835723d2e722b7:physical,coord_006_pdb_1PGA_A_protein_g_b1,1PGA:A,7e859d82171047700fd3e9632f7a47eab4a39baedc8c3316d2fc62d3ce2260bb,80835723d2e722b7,1,8,33,40,0.571429,0.100953,0.015,0.637083,0.112292,0.362152,0.275058,True,,0,0,False,True,False
coord_006_pdb_1PGA_A_protein_g_b1:7c389e7788d0b867:physical,coord_006_pdb_1PGA_A_protein_g_b1,1PGA:A,7e859d82171047700fd3e9632f7a47eab4a39baedc8c3316d2fc62d3ce2260bb,7c389e7788d0b867,5,12,33,40,0.5,0.058,0.0075,0.587083,0.112292,0.345163,0.269913,True,,4,4,False,True,False
coord_007_pdb_4AKE_A_adenylate_kinase:c06efc5711e49626:physical,coord_007_pdb_4AKE_A_adenylate_kinase,4AKE:A,c7fb9fc96e9e0aabc1a454ba36086dc00a2fc71387e8d5fb44a50d830b27d697,c06efc5711e49626,61,68,101,108,0.186916,0.0,0.041875,0.70625,0.177148,0.244941,0.562664,True,,0,0,False,True,False
coord_007_pdb_4AKE_A_adenylate_kinase:1d3de8ad72425637:physical,coord_007_pdb_4AKE_A_adenylate_kinase,4AKE:A,c7fb9fc96e9e0aabc1a454ba36086dc00a2fc71387e8d5fb44a50d830b27d697,1d3de8ad72425637,61,68,105,112,0.205607,0.0,0.049375,0.729375,0.141719,0.244941,0.605985,True,,0,0,False,True,False
coord_007_pdb_4AKE_A_adenylate_kinase:c206363ae742f08b:physical,coord_007_pdb_4AKE_A_adenylate_kinase,4AKE:A,c7fb9fc96e9e0aabc1a454ba36086dc00a2fc71387e8d5fb44a50d830b27d697,c206363ae742f08b,105,112,133,140,0.130841,0.0,0.03,0.7,0.0,0.240041,0.740005,True,,0,0,False,True,False
coord_007_pdb_4AKE_A_adenylate_kinase:740d5b5b7db76d6b:physical,coord_007_pdb_4AKE_A_adenylate_kinase,4AKE:A,c7fb9fc96e9e0aabc1a454ba36086dc00a2fc71387e8d5fb44a50d830b27d697,740d5b5b7db76d6b,101,108,133,140,0.149533,0.0,0.0225,0.676875,0.01375,0.247628,0.706643,True,,0,0,False,True,False
coord_007_pdb_4AKE_A_adenylate_kinase:92c1ebb8df3a19bb:physical,coord_007_pdb_4AKE_A_adenylate_kinase,4AKE:A,c7fb9fc96e9e0aabc1a454ba36086dc00a2fc71387e8d5fb44a50d830b27d697,92c1ebb8df3a19bb,105,112,129,136,0.11215,0.0,0.0225,0.631875,0.05225,0.230706,0.626032,True,,0,0,False,True,False
coord_007_pdb_4AKE_A_adenylate_kinase:d6196abc7cda5cb7:physical,coord_007_pdb_4AKE_A_adenylate_kinase,4AKE:A,c7fb9fc96e9e0aabc1a454ba36086dc00a2fc71387e8d5fb44a50d830b27d697,d6196abc7cda5cb7,65,72,105,112,0.186916,0.0,0.03375,0.7275,0.018266,0.236398,0.678526,True,,0,0,False,True,False
coord_007_pdb_4AKE_A_adenylate_kinase:336759ab9ec2834f:physical,coord_007_pdb_4AKE_A_adenylate_kinase,4AKE:A,c7fb9fc96e9e0aabc1a454ba36086dc00a2fc71387e8d5fb44a50d830b27d697,336759ab9ec2834f,101,108,129,136,0.130841,0.0,0.015,0.60875,0.086625,0.237403,0.577383,True,,0,0,False,True,False
coord_007_pdb_4AKE_A_adenylate_kinase:4467c3a34586e347:physical,coord_007_pdb_4AKE_A_adenylate_kinase,4AKE:A,c7fb9fc96e9e0aabc1a454ba36086dc00a2fc71387e8d5fb44a50d830b27d697,4467c3a34586e347,61,68,129,136,0.317757,0.0,0.010625,0.67,0.05225,0.300252,0.610109,True,,0,0,False,True,False
coord_007_pdb_4AKE_A_adenylate_kinase:e491f16bbcc15e9b:physical,coord_007_pdb_4AKE_A_adenylate_kinase,4AKE:A,c7fb9fc96e9e0aabc1a454ba36086dc00a2fc71387e8d5fb44a50d830b27d697,e491f16bbcc15e9b,109,116,129,136,0.093458,0.004844,0.015,0.549375,0.048125,0.21814,0.553227,True,,0,0,False,True,False
coord_007_pdb_4AKE_A_adenylate_kinase:d608c937e4892fcc:physical,coord_007_pdb_4AKE_A_adenylate_kinase,4AKE:A,c7fb9fc96e9e0aabc1a454ba36086dc00a2fc71387e8d5fb44a50d830b27d697,d608c937e4892fcc,101,108,113,120,0.056075,0.041893,0.010625,0.639167,0.176458,0.193664,0.500355,True,,0,0,False,True,False
coord_007_pdb_4AKE_A_adenylate_kinase:ba2b8a116a713e25:physical,coord_007_pdb_4AKE_A_adenylate_kinase,4AKE:A,c7fb9fc96e9e0aabc1a454ba36086dc00a2fc71387e8d5fb44a50d830b27d697,ba2b8a116a713e25,109,116,133,140,0.11215,0.0,0.0225,0.5625,0.05225,0.22054,0.558428,True,,0,0,False,True,False
coord_007_pdb_4AKE_A_adenylate_kinase:0ac459b51d3d8932:physical,coord_007_pdb_4AKE_A_adenylate_kinase,4AKE:A,c7fb9fc96e9e0aabc1a454ba36086dc00a2fc71387e8d5fb44a50d830b27d697,0ac459b51d3d8932,61,68,133,140,0.336449,0.0,0.018125,0.668125,0.0,0.297737,0.641614,True,,0,0,False,True,False
coord_007_pdb_4AKE_A_adenylate_kinase:86e96b9f63f32101:physical,coord_007_pdb_4AKE_A_adenylate_kinase,4AKE:A,c7fb9fc96e9e0aabc1a454ba36086dc00a2fc71387e8d5fb44a50d830b27d697,86e96b9f63f32101,17,24,101,108,0.392523,0.010361,0.04125,0.720625,0.110469,0.318706,0.572161,True,,0,0,False,True,False
coord_007_pdb_4AKE_A_adenylate_kinase:b4c113751df642b4:physical,coord_007_pdb_4AKE_A_adenylate_kinase,4AKE:A,c7fb9fc96e9e0aabc1a454ba36086dc00a2fc71387e8d5fb44a50d830b27d697,b4c113751df642b4,133,140,177,184,0.205607,0.0,0.03,0.615625,0.171875,0.270257,0.42738,True,,0,0,False,True,False
coord_007_pdb_4AKE_A_adenylate_kinase:c6fc9cb7487f164c:physical,coord_007_pdb_4AKE_A_adenylate_kinase,4AKE:A,c7fb9fc96e9e0aabc1a454ba36086dc00a2fc71387e8d5fb44a50d830b27d697,c6fc9cb7487f164c,129,136,169,176,0.186916,0.0,0.015,0.546875,0.198,0.26173,0.35842,True,,0,0,False,True,False
coord_007_pdb_4AKE_A_adenylate_kinase:0d3d5d106bf28a92:physical,coord_007_pdb_4AKE_A_adenylate_kinase,4AKE:A,c7fb9fc96e9e0aabc1a454ba36086dc00a2fc71387e8d5fb44a50d830b27d697,0d3d5d106bf28a92,101,108,117,124,0.074766,0.017535,0.0075,0.638125,0.048125,0.20676,0.605515,True,,0,0,False,True,False
coord_007_pdb_4AKE_A_adenylate_kinase:58dc5605d8f5d129:physical,coord_007_pdb_4AKE_A_adenylate_kinase,4AKE:A,c7fb9fc96e9e0aabc1a454ba36086dc00a2fc71387e8d5fb44a50d830b27d697,58dc5605d8f5d129,101,108,165,172,0.299065,0.0,0.015,0.639107,0.11,0.300812,0.510089,True,,0,0,False,True,False
coord_007_pdb_4AKE_A_adenylate_kinase:a3c01f200aafd03e:physical,coord_007_pdb_4AKE_A_adenylate_kinase,4AKE:A,c7fb9fc96e9e0aabc1a454ba36086dc00a2fc71387e8d5fb44a50d830b27d697,a3c01f200aafd03e,65,72,129,136,0.299065,0.0,0.0075,0.569792,0.176458,0.291179,0.404887,True,,0,0,False,True,False
coord_007_pdb_4AKE_A_adenylate_kinase:b1d23567c80dfef3:physical,coord_007_pdb_4AKE_A_adenylate_kinase,4AKE:A,c7fb9fc96e9e0aabc1a454ba36086dc00a2fc71387e8d5fb44a50d830b27d697,b1d23567c80dfef3,113,120,129,136,0.074766,0.016285,0.0075,0.484107,0.11,0.208713,0.424043,True,,1,0,False,True,False
coord_007_pdb_4AKE_A_adenylate_kinase:cea8679bef8542b8:physical,coord_007_pdb_4AKE_A_adenylate_kinase,4AKE:A,c7fb9fc96e9e0aabc1a454ba36086dc00a2fc71387e8d5fb44a50d830b27d697,cea8679bef8542b8,105,112,177,184,0.336449,0.0,0.033125,0.725208,0.009167,0.303015,0.655181,True,,1,1,False,True,False
coord_007_pdb_4AKE_A_adenylate_kinase:a8ae12aac345b7cd:physical,coord_007_pdb_4AKE_A_adenylate_kinase,4AKE:A,c7fb9fc96e9e0aabc1a454ba36086dc00a2fc71387e8d5fb44a50d830b27d697,a8ae12aac345b7cd,101,108,177,184,0.35514,0.0,0.025625,0.702083,0.043542,0.30512,0.611257,True,,1,1,False,True,False
coord_007_pdb_4AKE_A_adenylate_kinase:b48591ccfa177cd3:physical,coord_007_pdb_4AKE_A_adenylate_kinase,4AKE:A,c7fb9fc96e9e0aabc1a454ba36086dc00a2fc71387e8d5fb44a50d830b27d697,b48591ccfa177cd3,57,64,101,108,0.205607,0.0,0.010625,0.6425,0.163625,0.254443,0.46913,True,,0,0,False,True,False
coord_007_pdb_4AKE_A_adenylate_kinase:6f6ef95f814c49db:physical,coord_007_pdb_4AKE_A_adenylate_kinase,4AKE:A,c7fb9fc96e9e0aabc1a454ba36086dc00a2fc71387e8d5fb44a50d830b27d697,6f6ef95f814c49db,101,108,169,176,0.317757,0.0,0.018125,0.663125,0.144375,0.313174,0.496998,True,,0,0,False,True,False
coord_007_pdb_4AKE_A_adenylate_kinase:6bc3a10c447d8d84:physical,coord_007_pdb_4AKE_A_adenylate_kinase,4AKE:A,c7fb9fc96e9e0aabc1a454ba36086dc00a2fc71387e8d5fb44a50d830b27d697,6bc3a10c447d8d84,17,24,61,68,0.205607,0.0,0.049375,0.746875,0.080898,0.237406,0.584203,True,,0,0,False,True,False
coord_007_pdb_4AKE_A_adenylate_kinase:9edf49abb2ad3d8e:physical,coord_007_pdb_4AKE_A_adenylate_kinase,4AKE:A,c7fb9fc96e9e0aabc1a454ba36086dc00a2fc71387e8d5fb44a50d830b27d697,9edf49abb2ad3d8e,17,24,105,112,0.411215,0.021293,0.04875,0.74375,0.076016,0.316599,0.589357,True,,0,0,False,True,False
coord_007_pdb_4AKE_A_adenylate_kinase:7a16e81fe490089d:physical,coord_007_pdb_4AKE_A_adenylate_kinase,4AKE:A,c7fb9fc96e9e0aabc1a454ba36086dc00a2fc71387e8d5fb44a50d830b27d697,7a16e81fe490089d,117,124,129,136,0.056075,0.041893,0.0075,0.456161,0.22,0.210149,0.273105,True,,12,0,False,True,False
coord_007_pdb_4AKE_A_adenylate_kinase:4f259bc5f5053956:physical,coord_007_pdb_4AKE_A_adenylate_kinase,4AKE:A,c7fb9fc96e9e0aabc1a454ba36086dc00a2fc71387e8d5fb44a50d830b27d697,4f259bc5f5053956,13,20,101,108,0.411215,0.019293,0.015,0.637083,0.112292,0.319683,0.48171,True,,0,0,False,True,False
coord_007_pdb_4AKE_A_adenylate_kinase:1d7b6ad2fc26beac:physical,coord_007_pdb_4AKE_A_adenylate_kinase,4AKE:A,c7fb9fc96e9e0aabc1a454ba36086dc00a2fc71387e8d5fb44a50d830b27d697,1d7b6ad2fc26beac,57,64,105,112,0.224299,0.0,0.018125,0.665625,0.12925,0.263347,0.506282,True,,0,0,False,True,False
coord_007_pdb_4AKE_A_adenylate_kinase:101dd44cc64c889d:physical,coord_007_pdb_4AKE_A_adenylate_kinase,4AKE:A,c7fb9fc96e9e0aabc1a454ba36086dc00a2fc71387e8d5fb44a50d830b27d697,101dd44cc64c889d,129,136,177,184,0.224299,0.0,0.0225,0.5925,0.20625,0.26918,0.366889,True,,0,0,False,True,False
coord_007_pdb_4AKE_A_adenylate_kinase:1566fc1d4fcef971:physical,coord_007_pdb_4AKE_A_adenylate_kinase,4AKE:A,c7fb9fc96e9e0aabc1a454ba36086dc00a2fc71387e8d5fb44a50d830b27d697,1566fc1d4fcef971,1,8,101,108,0.46729,0.052444,0.041875,0.712083,0.013386,0.327564,0.596496,True,,22,22,False,True,False
coord_007_pdb_4AKE_A_adenylate_kinase:d7cc730bb0f813c9:physical,coord_007_pdb_4AKE_A_adenylate_kinase,4AKE:A,c7fb9fc96e9e0aabc1a454ba36086dc00a2fc71387e8d5fb44a50d830b27d697,d7cc730bb0f813c9,17,24,65,72,0.224299,0.0,0.03375,0.72,0.052719,0.244687,0.586447,True,,0,0,False,True,False
coord_007_pdb_4AKE_A_adenylate_kinase:514f13dbe511303b:physical,coord_007_pdb_4AKE_A_adenylate_kinase,4AKE:A,c7fb9fc96e9e0aabc1a454ba36086dc00a2fc71387e8d5fb44a50d830b27d697,514f13dbe511303b,113,120,133,140,0.093458,0.004011,0.015,0.549375,0.048125,0.216117,0.515819,True,,1,0,False,True,False
coord_007_pdb_4AKE_A_adenylate_kinase:86ad9aff672cef1d:physical,coord_007_pdb_4AKE_A_adenylate_kinase,4AKE:A,c7fb9fc96e9e0aabc1a454ba36086dc00a2fc71387e8d5fb44a50d830b27d697,86ad9aff672cef1d,65,72,101,108,0.168224,0.0,0.02625,0.704375,0.052719,0.236398,0.635937,True,,1,1,False,True,False
coord_007_pdb_4AKE_A_adenylate_kinase:4b909d2f82eb53e7:physical,coord_007_pdb_4AKE_A_adenylate_kinase,4AKE:A,c7fb9fc96e9e0aabc1a454ba36086dc00a2fc71387e8d5fb44a50d830b27d697,4b909d2f82eb53e7,105,112,117,124,0.056075,0.004393,0.015,0.66125,0.01375,0.202535,0.625597,True,,0,0,False,True,False
coord_007_pdb_4AKE_A_adenylate_kinase:daa5ca9f8cde82eb:physical,coord_007_pdb_4AKE_A_adenylate_kinase,4AKE:A,c7fb9fc96e9e0aabc1a454ba36086dc00a2fc71387e8d5fb44a50d830b27d697,daa5ca9f8cde82eb,117,124,133,140,0.074766,0.016285,0.015,0.481667,0.176458,0.222258,0.33666,True,,10,0,False,True,False
coord_007_pdb_4AKE_A_adenylate_kinase:1670d58aa9d7c773:physical,coord_007_pdb_4AKE_A_adenylate_kinase,4AKE:A,c7fb9fc96e9e0aabc1a454ba36086dc00a2fc71387e8d5fb44a50d830b27d697,1670d58aa9d7c773,65,72,133,140,0.317757,0.0,0.015,0.59625,0.12925,0.299954,0.435256,True,,0,0,False,True,False
coord_007_pdb_4AKE_A_adenylate_kinase:30552d36333e597e:physical,coord_007_pdb_4AKE_A_adenylate_kinase,4AKE:A,c7fb9fc96e9e0aabc1a454ba36086dc00a2fc71387e8d5fb44a50d830b27d697,30552d36333e597e,1,8,105,112,0.485981,0.063227,0.049375,0.770208,0.003164,0.331096,0.62761,True,,21,21,False,True,False
coord_007_pdb_4AKE_A_adenylate_kinase:9776dfc0da0bcdcc:physical,coord_007_pdb_4AKE_A_adenylate_kinase,4AKE:A,c7fb9fc96e9e0aabc1a454ba36086dc00a2fc71387e8d5fb44a50d830b27d697,9776dfc0da0bcdcc,105,112,165,172,0.280374,0.0,0.0225,0.662232,0.075625,0.298718,0.51803,True,,0,0,False,True,False
coord_007_pdb_4AKE_A_adenylate_kinase:7e853aae0bdc4d1c:physical,coord_007_pdb_4AKE_A_adenylate_kinase,4AKE:A,c7fb9fc96e9e0aabc1a454ba36086dc00a2fc71387e8d5fb44a50d830b27d697,7e853aae0bdc4d1c,17,24,133,140,0.542056,0.093872,0.03,0.5975,0.11,0.356666,0.387567,True,,0,0,False,True,False
coord_007_pdb_4AKE_A_adenylate_kinase:a65890c2f356ed83:physical,coord_007_pdb_4AKE_A_adenylate_kinase,4AKE:A,c7fb9fc96e9e0aabc1a454ba36086dc00a2fc71387e8d5fb44a50d830b27d697,a65890c2f356ed83,57,64,129,136,0.336449,0.0,0.0075,0.509583,0.146667,0.298711,0.35837,True,,0,0,False,True,False
coord_008_pdb_1CLL_A_calmodulin:854d07e5fd2dc7ba:physical,coord_008_pdb_1CLL_A_calmodulin,1CLL:A,787e521525941a7d26a5d483ac12f3df74ff3d38c70b225272c4815777f80763,854d07e5fd2dc7ba,61,68,89,96,0.189189,0.0,0.03,0.564583,0.112292,0.25114,0.414107,True,,0,0,False,True,False
coord_008_pdb_1CLL_A_calmodulin:ee427928bb386511:physical,coord_008_pdb_1CLL_A_calmodulin,1CLL:A,787e521525941a7d26a5d483ac12f3df74ff3d38c70b225272c4815777f80763,ee427928bb386511,21,28,65,72,0.297297,0.0,0.015,0.385,0.144375,0.298162,0.255239,True,,0,0,False,True,False
coord_008_pdb_1CLL_A_calmodulin:7eda3b273d61edf7:physical,coord_008_pdb_1CLL_A_calmodulin,1CLL:A,787e521525941a7d26a5d483ac12f3df74ff3d38c70b225272c4815777f80763,7eda3b273d61edf7,57,64,89,96,0.216216,0.0,0.015,0.386458,0.146667,0.262829,0.241909,True,,0,0,False,True,False
coord_008_pdb_1CLL_A_calmodulin:90d52e710d4db2a8:physical,coord_008_pdb_1CLL_A_calmodulin,1CLL:A,787e521525941a7d26a5d483ac12f3df74ff3d38c70b225272c4815777f80763,90d52e710d4db2a8,21,28,61,68,0.27027,0.0,0.015,0.23375,0.198,0.292661,0.078482,True,,5,5,False,True,False
coord_008_pdb_1CLL_A_calmodulin:7235e4062fbe8d73:physical,coord_008_pdb_1CLL_A_calmodulin,1CLL:A,787e521525941a7d26a5d483ac12f3df74ff3d38c70b225272c4815777f80763,7235e4062fbe8d73,21,28,49,56,0.189189,0.0,0.0,0.184167,0.279583,0.271163,-0.025436,True,,2,1,False,True,False
coord_008_pdb_1CLL_A_calmodulin:d9b3c871b03185a3:physical,coord_008_pdb_1CLL_A_calmodulin,1CLL:A,787e521525941a7d26a5d483ac12f3df74ff3d38c70b225272c4815777f80763,d9b3c871b03185a3,57,64,85,92,0.189189,0.0,0.015,0.574375,0.086625,0.264342,0.422178,True,,0,0,False,True,False
coord_008_pdb_1CLL_A_calmodulin:569c0a3e01ca718b:physical,coord_008_pdb_1CLL_A_calmodulin,1CLL:A,787e521525941a7d26a5d483ac12f3df74ff3d38c70b225272c4815777f80763,569c0a3e01ca718b,25,32,57,64,0.216216,0.0,0.0,0.235,0.213125,0.286472,0.065373,True,,4,4,False,True,False
coord_008_pdb_1CLL_A_calmodulin:c88b271eac381ec5:physical,coord_008_pdb_1CLL_A_calmodulin,1CLL:A,787e521525941a7d26a5d483ac12f3df74ff3d38c70b225272c4815777f80763,c88b271eac381ec5,25,32,61,68,0.243243,0.0,0.015,0.378125,0.17875,0.293704,0.188125,True,,0,0,False,True,False
coord_008_pdb_1CLL_A_calmodulin:6a71150d4c6c21b8:physical,coord_008_pdb_1CLL_A_calmodulin,1CLL:A,787e521525941a7d26a5d483ac12f3df74ff3d38c70b225272c4815777f80763,6a71150d4c6c21b8,25,32,65,72,0.27027,0.0,0.015,0.602708,0.112292,0.295973,0.412981,True,,0,0,False,True,False
coord_008_pdb_1CLL_A_calmodulin:c49e2596adccc825:physical,coord_008_pdb_1CLL_A_calmodulin,1CLL:A,787e521525941a7d26a5d483ac12f3df74ff3d38c70b225272c4815777f80763,c49e2596adccc825,9,16,21,28,0.081081,0.001892,0.015,0.385833,0.146667,0.238246,0.272452,True,,2,0,False,True,False
coord_008_pdb_1CLL_A_calmodulin:b55da45ffd7bbbe8:physical,coord_008_pdb_1CLL_A_calmodulin,1CLL:A,787e521525941a7d26a5d483ac12f3df74ff3d38c70b225272c4815777f80763,b55da45ffd7bbbe8,21,28,85,92,0.432432,0.028552,0.015,0.4025,0.0825,0.335992,0.273658,True,,0,0,False,True,False
coord_008_pdb_1CLL_A_calmodulin:dbb972f886764908:physical,coord_008_pdb_1CLL_A_calmodulin,1CLL:A,787e521525941a7d26a5d483ac12f3df74ff3d38c70b225272c4815777f80763,dbb972f886764908,13,20,25,32,0.081081,0.019392,0.015,0.455,0.155375,0.23457,0.288988,True,,7,0,False,True,False
coord_008_pdb_1CLL_A_calmodulin:c912a10bcc8b8daf:physical,coord_008_pdb_1CLL_A_calmodulin,1CLL:A,787e521525941a7d26a5d483ac12f3df74ff3d38c70b225272c4815777f80763,c912a10bcc8b8daf,61,68,85,92,0.162162,0.0,0.03,0.6825,0.05225,0.248529,0.561989,True,,0,0,False,True,False
coord_008_pdb_1CLL_A_calmodulin:d8a8a77dae6107eb:physical,coord_008_pdb_1CLL_A_calmodulin,1CLL:A,787e521525941a7d26a5d483ac12f3df74ff3d38c70b225272c4815777f80763,d8a8a77dae6107eb,65,72,85,92,0.135135,0.0,0.04875,0.76875,0.000391,0.237805,0.66241,True,,0,0,False,True,False
coord_008_pdb_1CLL_A_calmodulin:99ebf4b819b78302:physical,coord_008_pdb_1CLL_A_calmodulin,1CLL:A,787e521525941a7d26a5d483ac12f3df74ff3d38c70b225272c4815777f80763,99ebf4b819b78302,85,92,97,104,0.081081,0.019392,0.025625,0.71125,0.01375,0.206829,0.598153,True,,8,0,False,True,False
coord_008_pdb_1CLL_A_calmodulin:a40c32f58796ea92:physical,coord_008_pdb_1CLL_A_calmodulin,1CLL:A,787e521525941a7d26a5d483ac12f3df74ff3d38c70b225272c4815777f80763,a40c32f58796ea92,41,48,69,76,0.189189,0.0,0.0,0.580625,0.0825,0.258913,0.392445,True,,0,0,False,True,False
coord_008_pdb_1CLL_A_calmodulin:516671293f633a7e:physical,coord_008_pdb_1CLL_A_calmodulin,1CLL:A,787e521525941a7d26a5d483ac12f3df74ff3d38c70b225272c4815777f80763,516671293f633a7e,69,76,85,92,0.108108,0.0,0.03375,0.7,0.129719,0.234878,0.492537,True,,0,0,False,True,False
coord_008_pdb_1CLL_A_calmodulin:c818050eef53c521:physical,coord_008_pdb_1CLL_A_calmodulin,1CLL:A,787e521525941a7d26a5d483ac12f3df74ff3d38c70b225272c4815777f80763,c818050eef53c521,29,36,57,64,0.189189,0.0,0.0,0.346875,0.17875,0.271837,0.159634,True,,0,0,False,True,False
coord_008_pdb_1CLL_A_calmodulin:e4aeb85d42cf6149:physical,coord_008_pdb_1CLL_A_calmodulin,1CLL:A,787e521525941a7d26a5d483ac12f3df74ff3d38c70b225272c4815777f80763,e4aeb85d42cf6149,29,36,61,68,0.216216,0.0,0.015,0.49,0.144375,0.276856,0.285372,True,,0,0,False,True,False
coord_008_pdb_1CLL_A_calmodulin:b1b2bd3ab91ef31a:physical,coord_008_pdb_1CLL_A_calmodulin,1CLL:A,787e521525941a7d26a5d483ac12f3df74ff3d38c70b225272c4815777f80763,b1b2bd3ab91ef31a,85,92,137,144,0.351351,0.0,0.033125,0.674375,0.086625,0.305393,0.472997,True,,1,1,False,True,False
coord_008_pdb_1CLL_A_calmodulin:425312fdd792f639:physical,coord_008_pdb_1CLL_A_calmodulin,1CLL:A,787e521525941a7d26a5d483ac12f3df74ff3d38c70b225272c4815777f80763,425312fdd792f639,25,32,69,76,0.297297,0.0,0.0,0.520625,0.17875,0.297945,0.289102,True,,0,0,False,True,False
coord_008_pdb_1CLL_A_calmodulin:95b3e05400a5bcfa:physical,coord_008_pdb_1CLL_A_calmodulin,1CLL:A,787e521525941a7d26a5d483ac12f3df74ff3d38c70b225272c4815777f80763,95b3e05400a5bcfa,65,72,89,96,0.162162,0.0,0.03,0.6825,0.05225,0.238042,0.552869,True,,0,0,False,True,False
coord_008_pdb_1CLL_A_calmodulin:3d96d6f1b56dd5bb:physical,coord_008_pdb_1CLL_A_calmodulin,1CLL:A,787e521525941a7d26a5d483ac12f3df74ff3d38c70b225272c4815777f80763,3d96d6f1b56dd5bb,33,40,61,68,0.189189,0.0,0.015,0.540833,0.077917,0.271327,0.370539,True,,0,0,False,True,False
coord_008_pdb_1CLL_A_calmodulin:62928ca6d205ae63:physical,coord_008_pdb_1CLL_A_calmodulin,1CLL:A,787e521525941a7d26a5d483ac12f3df74ff3d38c70b225272c4815777f80763,62928ca6d205ae63,69,76,97,104,0.189189,0.0,0.010625,0.663333,0.077917,0.258001,0.473199,True,,0,0,False,True,False
coord_008_pdb_1CLL_A_calmodulin:8ca43449faf566f9:physical,coord_008_pdb_1CLL_A_calmodulin,1CLL:A,787e521525941a7d26a5d483ac12f3df74ff3d38c70b225272c4815777f80763,8ca43449faf566f9,85,92,141,148,0.378378,0.0,0.04125,0.720625,0.110469,0.307675,0.475598,True,,0,0,False,True,False
coord_008_pdb_1CLL_A_calmodulin:5198cd5dfd282f8b:physical,coord_008_pdb_1CLL_A_calmodulin,1CLL:A,787e521525941a7d26a5d483ac12f3df74ff3d38c70b225272c4815777f80763,5198cd5dfd282f8b,89,96,137,144,0.324324,0.0,0.03,0.591458,0.146667,0.305851,0.346027,True,,0,0,False,True,False
coord_008_pdb_1CLL_A_calmodulin:6ed059b781442cde:physical,coord_008_pdb_1CLL_A_calmodulin,1CLL:A,787e521525941a7d26a5d483ac12f3df74ff3d38c70b225272c4815777f80763,6ed059b781442cde,5,12,21,28,0.108108,0.0,0.0075,0.199792,0.279583,0.254236,-0.001248,True,,0,0,False,True,False
coord_008_pdb_1CLL_A_calmodulin:cdc48429a7960f11:physical,coord_008_pdb_1CLL_A_calmodulin,1CLL:A,787e521525941a7d26a5d483ac12f3df74ff3d38c70b225272c4815777f80763,cdc48429a7960f11,69,76,89,96,0.135135,0.0,0.015,0.637083,0.112292,0.234878,0.458627,True,,0,0,False,True,False
coord_008_pdb_1CLL_A_calmodulin:3387a7d126d81e04:physical,coord_008_pdb_1CLL_A_calmodulin,1CLL:A,787e521525941a7d26a5d483ac12f3df74ff3d38c70b225272c4815777f80763,3387a7d126d81e04,89,96,141,148,0.351351,0.0,0.0225,0.659375,0.086625,0.309414,0.446456,True,,0,0,False,True,False
coord_008_pdb_1CLL_A_calmodulin:cf9ff54dc16cee40:physical,coord_008_pdb_1CLL_A_calmodulin,1CLL:A,787e521525941a7d26a5d483ac12f3df74ff3d38c70b225272c4815777f80763,cf9ff54dc16cee40,85,92,121,128,0.243243,0.0,0.018125,0.680982,0.075625,0.279541,0.476091,True,,0,0,False,True,False
coord_008_pdb_1CLL_A_calmodulin:fe346573382f7af1:physical,coord_008_pdb_1CLL_A_calmodulin,1CLL:A,787e521525941a7d26a5d483ac12f3df74ff3d38c70b225272c4815777f80763,fe346573382f7af1,69,76,101,108,0.216216,0.0,0.003125,0.626875,0.163625,0.269304,0.37036,True,,0,0,False,True,False
coord_008_pdb_1CLL_A_calmodulin:057b9d61132c75b3:physical,coord_008_pdb_1CLL_A_calmodulin,1CLL:A,787e521525941a7d26a5d483ac12f3df74ff3d38c70b225272c4815777f80763,057b9d61132c75b3,89,96,121,128,0.216216,0.0,0.015,0.599375,0.130625,0.276483,0.357242,True,,0,0,False,True,False
coord_008_pdb_1CLL_A_calmodulin:db1a9e7e2d5ae24e:physical,coord_008_pdb_1CLL_A_calmodulin,1CLL:A,787e521525941a7d26a5d483ac12f3df74ff3d38c70b225272c4815777f80763,db1a9e7e2d5ae24e,101,108,141,148,0.27027,0.0,0.010625,0.6475,0.144375,0.279198,0.396169,True,,0,0,False,True,False
coord_008_pdb_1CLL_A_calmodulin:3d16884061dfdc41:physical,coord_008_pdb_1CLL_A_calmodulin,1CLL:A,787e521525941a7d26a5d483ac12f3df74ff3d38c70b225272c4815777f80763,3d16884061dfdc41,105,112,137,144,0.216216,0.0,0.015,0.64625,0.0825,0.275838,0.440306,True,,0,0,False,True,False
coord_008_pdb_1CLL_A_calmodulin:0f19e16760b5d971:physical,coord_008_pdb_1CLL_A_calmodulin,1CLL:A,787e521525941a7d26a5d483ac12f3df74ff3d38c70b225272c4815777f80763,0f19e16760b5d971,105,112,141,148,0.243243,0.0,0.010625,0.6225,0.240625,0.277262,0.299616,True,,0,0,False,True,False
coord_008_pdb_1CLL_A_calmodulin:bf07b2db18e74f56:physical,coord_008_pdb_1CLL_A_calmodulin,1CLL:A,787e521525941a7d26a5d483ac12f3df74ff3d38c70b225272c4815777f80763,bf07b2db18e74f56,101,108,137,144,0.243243,0.0,0.015,0.63625,0.121,0.283227,0.397336,True,,0,0,False,True,False
coord_008_pdb_1CLL_A_calmodulin:2bbe7c77d45d30e0:physical,coord_008_pdb_1CLL_A_calmodulin,1CLL:A,787e521525941a7d26a5d483ac12f3df74ff3d38c70b225272c4815777f80763,2bbe7c77d45d30e0,109,116,137,144,0.189189,0.0,0.015,0.586875,0.17875,0.270079,0.309163,True,,0,0,False,True,False
coord_008_pdb_1CLL_A_calmodulin:60bebbc8803d107c:physical,coord_008_pdb_1CLL_A_calmodulin,1CLL:A,787e521525941a7d26a5d483ac12f3df74ff3d38c70b225272c4815777f80763,60bebbc8803d107c,61,68,97,104,0.243243,0.0,0.0225,0.5925,0.20625,0.279821,0.30008,True,,0,0,False,True,False
coord_008_pdb_1CLL_A_calmodulin:04f7330ab91e0859:physical,coord_008_pdb_1CLL_A_calmodulin,1CLL:A,787e521525941a7d26a5d483ac12f3df74ff3d38c70b225272c4815777f80763,04f7330ab91e0859,25,32,85,92,0.405405,0.015473,0.015,0.601875,0.121,0.33439,0.369557,True,,0,0,False,True,False
coord_008_pdb_1CLL_A_calmodulin:2fda3f350b805a9e:physical,coord_008_pdb_1CLL_A_calmodulin,1CLL:A,787e521525941a7d26a5d483ac12f3df74ff3d38c70b225272c4815777f80763,2fda3f350b805a9e,9,16,45,52,0.243243,0.0,0.018125,0.654792,0.176458,0.288557,0.366136,True,,0,0,False,True,False
