protein_id,protein_regime,profile_secondary_structure_axis,profile_architecture_axis,profile_order_axis,profile_environment_axis,safe_axis_recovered_axes,safe_axis_recovered_count,axis_profile_same_axis_conflict,profile_secondary_structure_claim_reason,profile_architecture_claim_reason,profile_order_claim_reason,profile_environment_claim_reason
pdb_1R69_A_lambda_repressor_ntd,small_peptide_or_fragment,weak_or_unknown,fragment_scope,mixed_or_uncertain,unknown,architecture_axis,1,False,,recovered_fragment_scope_from_regime,,
pdb_2MHR_A_myohemerythrin,compact_single_domain,weak_or_unknown,unknown,ordered,unknown,order_axis,1,False,,,recovered_from_foldable_compact_axis_evidence,
pdb_1CYO_A_cytochrome_c2,compact_single_domain,weak_or_unknown,unknown,ordered,unknown,order_axis,1,False,,,recovered_from_foldable_compact_axis_evidence,
pdb_1ROP_A_rop_protein,small_peptide_or_fragment,alpha_rich,fragment_scope,ordered,unknown,secondary_structure_axis;architecture_axis;order_axis,3,False,recovered_from_specific_alpha_periodic_secondary_gate,recovered_fragment_scope_from_regime,recovered_from_foldable_compact_axis_evidence,
pdb_1GAB_A_albumin_binding_domain,small_peptide_or_fragment,alpha_rich,fragment_scope,ordered,unknown,secondary_structure_axis;architecture_axis;order_axis,3,False,recovered_from_specific_alpha_periodic_secondary_gate,recovered_fragment_scope_from_regime,recovered_from_foldable_compact_axis_evidence,
pdb_1CUN_A_alpha_spectrin_repeat,compact_single_domain,weak_or_unknown,unknown,ordered,unknown,order_axis,1,False,,,recovered_from_foldable_compact_axis_evidence,
pdb_1CSP_A_cold_shock_protein,small_peptide_or_fragment,weak_or_unknown,fragment_scope,ordered,unknown,architecture_axis;order_axis,2,False,,recovered_fragment_scope_from_regime,recovered_from_foldable_compact_axis_evidence,
pdb_1SHG_A_src_sh3_domain,small_peptide_or_fragment,weak_or_unknown,fragment_scope,ordered,unknown,architecture_axis;order_axis,2,False,,recovered_fragment_scope_from_regime,recovered_from_foldable_compact_axis_evidence,
pdb_1TIT_A_titin_i27,compact_single_domain,weak_or_unknown,unknown,ordered,unknown,order_axis,1,False,,,recovered_from_foldable_compact_axis_evidence,
pdb_2PTL_A_protein_l_domain,compact_single_domain,weak_or_unknown,unknown,ordered,unknown,order_axis,1,False,,,recovered_from_foldable_compact_axis_evidence,
pdb_1IGD_A_immunoglobulin_domain,small_peptide_or_fragment,weak_or_unknown,fragment_scope,ordered,unknown,architecture_axis;order_axis,2,False,,recovered_fragment_scope_from_regime,recovered_from_foldable_compact_axis_evidence,
pdb_1BFG_A_basic_fgf,intrinsically_disordered,weak_or_unknown,unknown,ordered,unknown,order_axis,1,False,,,recovered_from_folded_domain_mimic_guard,
pdb_1GFL_A_green_fluorescent_protein,compact_single_domain,weak_or_unknown,unknown,ordered,unknown,order_axis,1,False,,,recovered_from_foldable_compact_axis_evidence,
pdb_1TIM_A_triosephosphate_isomerase,compact_single_domain,weak_or_unknown,unknown,ordered,unknown,order_axis,1,False,,,recovered_from_foldable_compact_axis_evidence,
pdb_1PGA_A_protein_g_b1,small_peptide_or_fragment,weak_or_unknown,fragment_scope,ordered,unknown,architecture_axis;order_axis,2,False,,recovered_fragment_scope_from_regime,recovered_from_foldable_compact_axis_evidence,
pdb_4AKE_A_adenylate_kinase,compact_single_domain,weak_or_unknown,unknown,ordered,unknown,order_axis,1,False,,,recovered_from_foldable_compact_axis_evidence,
pdb_2TRX_A_thioredoxin,compact_single_domain,weak_or_unknown,unknown,ordered,unknown,order_axis,1,False,,,recovered_from_foldable_compact_axis_evidence,
pdb_3CHY_A_chey_response_regulator,membrane_like,weak_or_unknown,unknown,ordered,membrane_like,order_axis;environment_axis,2,False,,,recovered_from_alpha_mixed_ambiguity_guard,recovered_membrane_axis_from_regime
pdb_2RN2_A_ribonuclease_a,compact_single_domain,weak_or_unknown,unknown,ordered,unknown,order_axis,1,False,,,recovered_from_foldable_compact_axis_evidence,
pdb_1BTA_A_barstar,compact_single_domain,weak_or_unknown,unknown,ordered,unknown,order_axis,1,False,,,recovered_from_alpha_mixed_ambiguity_guard,
pdb_1CLL_A_calmodulin,compact_single_domain,weak_or_unknown,unknown,ordered,unknown,order_axis,1,False,,,recovered_from_foldable_compact_axis_evidence,
pdb_1B57_A_fructose_bisphosphate_aldolase,compact_single_domain,weak_or_unknown,unknown,ordered,unknown,order_axis,1,False,,,recovered_from_foldable_compact_axis_evidence,
pdb_1AON_A_groel,multidomain_modular,weak_or_unknown,unknown,ordered,unknown,order_axis,1,False,,,recovered_from_foldable_compact_axis_evidence,
pdb_1IGT_B_igg2a_heavy_chain,multidomain_modular,weak_or_unknown,unknown,ordered,unknown,order_axis,1,False,,,recovered_from_foldable_compact_axis_evidence,
pdb_1GTR_A_glutaminyl_trna_synthetase,multidomain_modular,weak_or_unknown,unknown,ordered,unknown,order_axis,1,False,,,recovered_from_foldable_compact_axis_evidence,
pdb_1E4M_M_myrosinase,multidomain_modular,weak_or_unknown,unknown,ordered,unknown,order_axis,1,False,,,recovered_from_foldable_compact_axis_evidence,
pdb_1F88_A_rhodopsin,membrane_like,weak_or_unknown,unknown,ordered,membrane_like,order_axis;environment_axis,2,False,,,recovered_from_foldable_compact_axis_evidence,recovered_membrane_axis_from_regime
pdb_1GSA_A_glutathione_synthetase,compact_single_domain,weak_or_unknown,unknown,ordered,unknown,order_axis,1,False,,,recovered_from_foldable_compact_axis_evidence,
pdb_1LFG_A_lactoferrin,multidomain_modular,weak_or_unknown,unknown,ordered,unknown,order_axis,1,False,,,recovered_from_foldable_compact_axis_evidence,
