protein_id,sequence_length,topology_evidence_vector_kind,hierarchical_gate_signature_kind,alpha_periodicity_evidence,beta_alternation_evidence,compact_core_evidence,disorder_run_evidence,domain_boundary_evidence,long_range_closure_evidence,breaker_turn_evidence,charge_frustration_evidence,local_alpha_pressure_evidence,local_beta_pressure_evidence,local_disorder_pressure_evidence,mixed_motif_evidence,disorder_gate_score,compactness_gate_score,segmentation_gate_score,secondary_structure_gate_score,alpha_structure_score,beta_structure_score,mixed_structure_score,beta_pairing_support_score,gate_path,gate_decision_reason,flexible_segmentation_warning,beta_evidence_requires_pairing,alpha_evidence_requires_periodicity,hierarchy_prediction_used,hierarchy_changed_raw_prediction,hierarchy_prevented_false_multidomain,hierarchy_prevented_false_beta,hierarchy_prevented_false_mixed,motif_predicted_fold_class,raw_motif_predicted_fold_class,predicted_fold_class,structure_fold_class,label_fold_class,prediction_vs_structure_score,prediction_vs_label_score,prediction_structure_class_match,prediction_label_class_match,evidence_conflict_score,motif_conflict_score,confidence,uncertainty_radius,claim_strength,forced_prediction,abstained,high_confidence_wrong,folding_problem_solved,folding_solution_claim_created,likely_failure_reason
pdb_1MBN_A_myoglobin,153,order_aware_motif_evidence_vector,motif_evidence_hierarchical_gate_interpretation,0.446154,0.535147,0.542805,0.026144,0.424569,0.550041,0.340265,0.24376,0.620902,0.450731,0.29482,0.561951,0.107627,0.534282,0.39022,0.46884,0.46884,0.359835,0.383811,0.450843,disorder_gate:foldable_candidate | compactness_gate:compact_or_borderline_supported | segmentation_gate:not_folded_multidomain | secondary_structure_gate:alpha_periodic_compact | confidence_gate:forced_low_claim_strength,"alpha interpretation requires local alpha pressure, periodic support, compact core, and limited disorder pressure",False,True,True,True,True,False,False,True,insufficient_topology_evidence,alpha_beta_mixed,alpha_rich,alpha_rich,alpha_rich,0.827781,0.842046,True,True,0.30054,0.99444,0.5991,0.336281,medium,True,False,False,False,False,
pdb_2LZM_A_t4_lysozyme,164,order_aware_motif_evidence_vector,motif_evidence_hierarchical_gate_interpretation,0.43662,0.522152,0.567987,0.02439,0.352892,0.543227,0.312365,0.206006,0.55709,0.513183,0.231596,0.644645,0.058757,0.554621,0.370638,0.440554,0.440554,0.398139,0.435156,0.476352,disorder_gate:foldable_candidate | compactness_gate:compact_or_borderline_supported | segmentation_gate:not_folded_multidomain | secondary_structure_gate:alpha_periodic_compact | confidence_gate:forced_low_claim_strength,"alpha interpretation requires local alpha pressure, periodic support, compact core, and limited disorder pressure",False,True,True,True,True,False,False,True,insufficient_topology_evidence,alpha_beta_mixed,alpha_rich,alpha_rich,alpha_rich,0.797362,0.863255,True,True,0.35549,0.914404,0.507516,0.364855,weak,True,False,False,False,False,
pdb_1FLP_A_hemoglobin_i,142,order_aware_motif_evidence_vector,motif_evidence_hierarchical_gate_interpretation,0.5,0.511029,0.556772,0.035211,0.345655,0.516553,0.435905,0.176327,0.549725,0.423943,0.364214,0.529227,0.159581,0.516127,0.327677,0.446381,0.446381,0.332361,0.358066,0.424211,disorder_gate:foldable_candidate | compactness_gate:compact_or_borderline_supported | segmentation_gate:not_folded_multidomain | secondary_structure_gate:weak_secondary_fallback | confidence_gate:forced_low_claim_strength,secondary structure evidence was too weakly separated for a strong gate; fallback remains subject to abstention,False,True,True,True,False,False,False,False,insufficient_topology_evidence,alpha_rich,alpha_rich,alpha_rich,alpha_rich,0.863768,0.860499,True,True,0.440381,0.984834,0.366032,0.408998,weak,True,False,False,False,False,
pdb_1R69_A_lambda_repressor_ntd,69,order_aware_motif_evidence_vector,motif_evidence_hierarchical_gate_interpretation,0.391304,0.489418,0.34834,0.057971,0.352095,0.331905,0.354891,0.202027,0.464594,0.363955,0.488735,0.36592,0.269825,0.330653,0.22781,0.32809,0.32809,0.237507,0.247258,0.267493,disorder_gate:foldable_not_ruled_out | compactness_gate:weak_closure_abstain | segmentation_gate:not_evaluated | secondary_structure_gate:not_evaluated | confidence_gate:abstained,compactness and closure are too weak to force a fold class,False,True,True,True,True,True,False,False,insufficient_topology_evidence,multidomain_boundary,insufficient_topology_evidence,alpha_rich,alpha_rich,0.685145,0.768693,False,False,0.86,0.99369,0.0,0.7872,abstained,False,True,False,False,False,compactness and closure are too weak to force a fold class
pdb_2MHR_A_myohemerythrin,118,order_aware_motif_evidence_vector,motif_evidence_hierarchical_gate_interpretation,0.397959,0.529762,0.619317,0.033898,0.357061,0.613252,0.326088,0.216143,0.529136,0.560838,0.230659,0.684476,0.04677,0.60617,0.399506,0.467235,0.422283,0.439244,0.467235,0.527531,disorder_gate:foldable_candidate | compactness_gate:compact_or_borderline_supported | segmentation_gate:not_folded_multidomain | secondary_structure_gate:mixed_supported_but_weak | confidence_gate:abstained_low_decision_margin,"mixed alpha/beta evidence exists, but the confidence gate must decide whether the local signals are stable enough; confidence gate abstained on low decision margin",False,True,True,True,True,False,False,True,insufficient_topology_evidence,alpha_beta_mixed,insufficient_topology_evidence,alpha_rich,alpha_rich,0.821535,0.864216,False,False,0.86,0.943105,0.323895,0.7872,abstained,False,True,False,False,False,"mixed alpha/beta evidence exists, but the confidence gate must decide whether the local signals are stable enough; confidence gate abstained on low decision margin"
pdb_1CYO_A_cytochrome_c2,93,order_aware_motif_evidence_vector,motif_evidence_hierarchical_gate_interpretation,0.362069,0.423372,0.437366,0.064516,0.371654,0.4392,0.378289,0.195191,0.471135,0.418325,0.400825,0.472119,0.203298,0.423907,0.296198,0.344199,0.344199,0.285604,0.314228,0.350397,disorder_gate:foldable_candidate | compactness_gate:compact_or_borderline_supported | segmentation_gate:not_folded_multidomain | secondary_structure_gate:weak_secondary_fallback | confidence_gate:abstained_low_decision_margin,secondary structure evidence was too weakly separated for a strong gate; fallback remains subject to abstention; confidence gate abstained on low decision margin,False,True,True,True,True,False,False,False,insufficient_topology_evidence,alpha_beta_mixed,insufficient_topology_evidence,alpha_beta_mixed,alpha_rich,0.783546,0.831028,False,False,0.86,0.961842,0.282243,0.7872,abstained,False,True,False,False,False,secondary structure evidence was too weakly separated for a strong gate; fallback remains subject to abstention; confidence gate abstained on low decision margin
pdb_1ROP_A_rop_protein,63,order_aware_motif_evidence_vector,motif_evidence_hierarchical_gate_interpretation,0.44,0.532164,0.599901,0.095238,0.37418,0.650856,0.171131,0.21889,0.687661,0.48606,0.168885,0.65507,0.0,0.626657,0.431048,0.521185,0.521185,0.412553,0.446284,0.529162,disorder_gate:foldable_candidate | compactness_gate:compact_or_borderline_supported | segmentation_gate:not_folded_multidomain | secondary_structure_gate:alpha_periodic_compact | confidence_gate:forced_low_claim_strength,"alpha interpretation requires local alpha pressure, periodic support, compact core, and limited disorder pressure",False,True,True,True,True,False,False,False,insufficient_topology_evidence,alpha_beta_mixed,alpha_rich,multidomain_boundary,alpha_rich,0.7482,0.845507,False,True,0.275681,0.963491,0.640532,0.323354,medium,True,False,True,False,False,hierarchical_gate_prediction_structure_mismatch
pdb_1GAB_A_albumin_binding_domain,53,order_aware_motif_evidence_vector,motif_evidence_hierarchical_gate_interpretation,0.42,0.570922,0.70625,0.056604,0.298767,0.755424,0.150799,0.196112,0.724779,0.61259,0.03466,0.851321,0.0,0.736814,0.466959,0.574573,0.556639,0.52035,0.574573,0.646277,disorder_gate:foldable_candidate | compactness_gate:compact_or_borderline_supported | segmentation_gate:not_folded_multidomain | secondary_structure_gate:alpha_periodic_compact | confidence_gate:forced_low_claim_strength,"alpha interpretation requires local alpha pressure, periodic support, compact core, and limited disorder pressure",False,True,True,True,True,False,False,True,insufficient_topology_evidence,alpha_beta_mixed,alpha_rich,alpha_rich,alpha_rich,0.807978,0.82999,True,True,0.303897,0.861068,0.593505,0.338026,medium,True,False,False,False,False,
pdb_256B_A_cytochrome_b562,106,order_aware_motif_evidence_vector,motif_evidence_hierarchical_gate_interpretation,0.439024,0.513333,0.589083,0.084906,0.36531,0.573671,0.272203,0.196451,0.652796,0.436187,0.257115,0.576207,0.065965,0.577447,0.382941,0.494223,0.494223,0.360576,0.389862,0.472188,disorder_gate:foldable_candidate | compactness_gate:compact_or_borderline_supported | segmentation_gate:not_folded_multidomain | secondary_structure_gate:alpha_periodic_compact | confidence_gate:forced_low_claim_strength,"alpha interpretation requires local alpha pressure, periodic support, compact core, and limited disorder pressure",False,True,True,True,False,False,False,False,insufficient_topology_evidence,alpha_rich,alpha_rich,alpha_rich,alpha_rich,0.820322,0.858556,True,True,0.274891,0.972785,0.641849,0.322943,medium,True,False,False,False,False,
pdb_1CUN_A_alpha_spectrin_repeat,213,order_aware_motif_evidence_vector,motif_evidence_hierarchical_gate_interpretation,0.3125,0.463768,0.545936,0.023474,0.458188,0.527844,0.239599,0.250601,0.594452,0.434239,0.221331,0.552905,0.050487,0.54389,0.417053,0.424102,0.424102,0.346396,0.379157,0.444172,disorder_gate:foldable_candidate | compactness_gate:compact_closure_supported | segmentation_gate:folded_multidomain_supported | secondary_structure_gate:skipped_by_segmentation_gate | confidence_gate:forced_low_claim_strength,domain-boundary evidence is treated as folded multidomain only because compact core and long-range closure are also present,False,True,True,True,True,False,False,False,insufficient_topology_evidence,alpha_beta_mixed,multidomain_boundary,multidomain_boundary,alpha_rich,0.777585,0.84802,True,False,0.3765,0.923023,0.4725,0.37578,weak,True,False,False,False,False,
pdb_1TEN_A_tenascin_fn3,90,order_aware_motif_evidence_vector,motif_evidence_hierarchical_gate_interpretation,0.3,0.553571,0.418854,0.055556,0.340608,0.472271,0.3825,0.177299,0.359537,0.53257,0.384775,0.423774,0.192208,0.426053,0.291219,0.378954,0.264351,0.378954,0.284473,0.395948,disorder_gate:foldable_candidate | compactness_gate:compact_or_borderline_supported | segmentation_gate:not_folded_multidomain | secondary_structure_gate:beta_pairing_supported | confidence_gate:forced_low_claim_strength,beta interpretation requires alternation plus local beta pressure and sheet/contact-pairing support,False,True,True,True,False,False,False,False,beta_rich,beta_rich,beta_rich,beta_rich,beta_rich,0.69912,0.891548,True,True,0.401315,0.714671,0.431141,0.388684,weak,True,False,False,False,False,
pdb_1CSP_A_cold_shock_protein,67,order_aware_motif_evidence_vector,motif_evidence_hierarchical_gate_interpretation,0.269231,0.489071,0.466411,0.104478,0.268885,0.509459,0.459185,0.177187,0.397864,0.476968,0.541822,0.457196,0.282224,0.443489,0.241576,0.323702,0.26985,0.323702,0.304901,0.383065,disorder_gate:foldable_candidate | compactness_gate:compact_or_borderline_supported | segmentation_gate:not_folded_multidomain | secondary_structure_gate:weak_secondary_fallback | confidence_gate:abstained_low_decision_margin,secondary structure evidence was too weakly separated for a strong gate; fallback remains subject to abstention; confidence gate abstained on low decision margin,False,True,True,True,True,False,False,False,insufficient_topology_evidence,beta_rich,insufficient_topology_evidence,beta_rich,beta_rich,0.655479,0.895748,False,False,0.86,0.844748,0.265436,0.7872,abstained,False,True,False,False,False,secondary structure evidence was too weakly separated for a strong gate; fallback remains subject to abstention; confidence gate abstained on low decision margin
pdb_1SHG_A_src_sh3_domain,62,order_aware_motif_evidence_vector,motif_evidence_hierarchical_gate_interpretation,0.38,0.39881,0.565868,0.112903,0.336682,0.659601,0.329731,0.203631,0.54498,0.493678,0.340188,0.628629,0.121044,0.580753,0.373086,0.417035,0.41262,0.367146,0.417035,0.490662,disorder_gate:foldable_candidate | compactness_gate:compact_or_borderline_supported | segmentation_gate:not_folded_multidomain | secondary_structure_gate:mixed_supported_but_weak | confidence_gate:abstained_low_decision_margin,"mixed alpha/beta evidence exists, but the confidence gate must decide whether the local signals are stable enough; confidence gate abstained on low decision margin",False,True,True,True,True,False,False,False,insufficient_topology_evidence,alpha_beta_mixed,insufficient_topology_evidence,beta_rich,beta_rich,0.69165,0.903031,False,False,0.86,0.883563,0.276987,0.7872,abstained,False,True,False,False,False,"mixed alpha/beta evidence exists, but the confidence gate must decide whether the local signals are stable enough; confidence gate abstained on low decision margin"
pdb_1TIT_A_titin_i27,98,order_aware_motif_evidence_vector,motif_evidence_hierarchical_gate_interpretation,0.320513,0.57971,0.546243,0.05102,0.399844,0.555096,0.368776,0.251826,0.548295,0.466153,0.355553,0.569877,0.147469,0.529571,0.368118,0.403948,0.389827,0.373743,0.403948,0.452113,disorder_gate:foldable_candidate | compactness_gate:compact_or_borderline_supported | segmentation_gate:not_folded_multidomain | secondary_structure_gate:mixed_supported_but_weak | confidence_gate:abstained_low_decision_margin,"mixed alpha/beta evidence exists, but the confidence gate must decide whether the local signals are stable enough; confidence gate abstained on low decision margin",False,True,True,True,True,False,False,False,insufficient_topology_evidence,beta_rich,insufficient_topology_evidence,beta_rich,beta_rich,0.728543,0.893624,False,False,0.86,0.981532,0.284744,0.7872,abstained,False,True,False,False,False,"mixed alpha/beta evidence exists, but the confidence gate must decide whether the local signals are stable enough; confidence gate abstained on low decision margin"
pdb_2PTL_A_protein_l_domain,78,order_aware_motif_evidence_vector,motif_evidence_hierarchical_gate_interpretation,0.365385,0.446759,0.473768,0.076923,0.27882,0.464647,0.308077,0.208264,0.463909,0.491366,0.337732,0.549381,0.143579,0.464871,0.280294,0.373087,0.349036,0.339306,0.373087,0.396304,disorder_gate:foldable_candidate | compactness_gate:compact_or_borderline_supported | segmentation_gate:not_folded_multidomain | secondary_structure_gate:weak_secondary_fallback | confidence_gate:abstained_low_decision_margin,secondary structure evidence was too weakly separated for a strong gate; fallback remains subject to abstention; confidence gate abstained on low decision margin,False,True,True,True,True,False,False,False,insufficient_topology_evidence,alpha_beta_mixed,insufficient_topology_evidence,beta_rich,beta_rich,0.713921,0.890791,False,False,0.86,0.94662,0.305931,0.7872,abstained,False,True,False,False,False,secondary structure evidence was too weakly separated for a strong gate; fallback remains subject to abstention; confidence gate abstained on low decision margin
pdb_1FNA_A_fibronectin_type_iii,91,order_aware_motif_evidence_vector,motif_evidence_hierarchical_gate_interpretation,0.328571,0.543137,0.48044,0.065934,0.354003,0.471517,0.476561,0.129883,0.266341,0.547038,0.442039,0.338235,0.231012,0.447033,0.290061,0.385223,0.230041,0.385223,0.242721,0.406005,disorder_gate:foldable_candidate | compactness_gate:compact_or_borderline_supported | segmentation_gate:not_folded_multidomain | secondary_structure_gate:beta_pairing_supported | confidence_gate:forced_low_claim_strength,beta interpretation requires alternation plus local beta pressure and sheet/contact-pairing support,False,True,True,True,False,False,False,False,beta_rich,beta_rich,beta_rich,beta_rich,beta_rich,0.743936,0.879906,True,True,0.384293,0.678773,0.459511,0.379832,weak,True,False,False,False,False,
pdb_1IGD_A_immunoglobulin_domain,61,order_aware_motif_evidence_vector,motif_evidence_hierarchical_gate_interpretation,0.391304,0.506061,0.500412,0.065574,0.520741,0.606306,0.313579,0.19644,0.516248,0.588076,0.321675,0.609694,0.1269,0.529121,0.437747,0.420421,0.386167,0.420421,0.418102,0.48533,disorder_gate:foldable_candidate | compactness_gate:compact_closure_supported | segmentation_gate:folded_multidomain_supported | secondary_structure_gate:skipped_by_segmentation_gate | confidence_gate:forced_low_claim_strength,domain-boundary evidence is treated as folded multidomain only because compact core and long-range closure are also present,False,True,True,True,True,False,False,False,insufficient_topology_evidence,beta_rich,multidomain_boundary,alpha_beta_mixed,beta_rich,0.734423,0.90705,False,False,0.304266,0.972579,0.59289,0.338218,medium,True,False,True,False,False,hierarchical_gate_prediction_structure_mismatch
pdb_1BFG_A_basic_fgf,146,order_aware_motif_evidence_vector,motif_evidence_hierarchical_gate_interpretation,0.254717,0.407143,0.40411,0.047945,0.377103,0.367599,0.509853,0.204914,0.359885,0.333779,0.55498,0.342638,0.323989,0.354999,0.240487,0.241577,0.241577,0.214923,0.239842,0.273062,disorder_gate:disordered_or_flexible | compactness_gate:not_compact_enough_for_folded_domain | segmentation_gate:flexible_segmentation_not_multidomain | secondary_structure_gate:skipped_by_disorder_gate | confidence_gate:forced_low_claim_strength,disorder pressure and breaker/turn evidence are prioritized over secondary-structure interpretation because compact closure is weak,True,True,True,True,True,True,False,False,insufficient_topology_evidence,multidomain_boundary,disordered_flexible,beta_rich,beta_rich,0.764833,0.851125,False,False,0.317288,0.882177,0.571186,0.34499,weak,True,False,False,False,False,hierarchical_gate_prediction_structure_mismatch
pdb_1GFL_A_green_fluorescent_protein,238,order_aware_motif_evidence_vector,motif_evidence_hierarchical_gate_interpretation,0.320225,0.494253,0.467739,0.037815,0.52041,0.472162,0.43265,0.182091,0.396223,0.458942,0.401957,0.449265,0.209289,0.447661,0.376191,0.333254,0.298303,0.333254,0.321415,0.385267,disorder_gate:foldable_candidate | compactness_gate:compact_or_borderline_supported | segmentation_gate:not_folded_multidomain | secondary_structure_gate:weak_secondary_fallback | confidence_gate:abstained_low_decision_margin,secondary structure evidence was too weakly separated for a strong gate; fallback remains subject to abstention; confidence gate abstained on low decision margin,False,True,True,True,True,False,False,False,insufficient_topology_evidence,multidomain_boundary,insufficient_topology_evidence,multidomain_boundary,beta_rich,0.847758,0.873455,False,False,0.86,0.917433,0.273268,0.7872,abstained,False,True,False,False,False,secondary structure evidence was too weakly separated for a strong gate; fallback remains subject to abstention; confidence gate abstained on low decision margin
pdb_1KSR_A_kunitz_serine_protease_inhibitor,100,order_aware_motif_evidence_vector,motif_evidence_hierarchical_gate_interpretation,0.235294,0.48227,0.359799,0.05,0.270982,0.403619,0.675298,0.233249,0.173642,0.377462,0.64123,0.181443,0.406493,0.320571,0.176221,0.254697,0.129908,0.254697,0.13849,0.278774,disorder_gate:disordered_or_flexible | compactness_gate:not_compact_enough_for_folded_domain | segmentation_gate:flexible_segmentation_not_multidomain | secondary_structure_gate:skipped_by_disorder_gate | confidence_gate:forced_low_claim_strength,disorder pressure and breaker/turn evidence are prioritized over secondary-structure interpretation because compact closure is weak,False,True,True,True,False,False,False,False,insufficient_topology_evidence,disordered_flexible,disordered_flexible,beta_rich,beta_rich,0.643452,0.843141,False,False,0.238031,0.94353,0.703282,0.303776,medium,True,False,True,False,False,hierarchical_gate_prediction_structure_mismatch
pdb_1TIM_A_triosephosphate_isomerase,247,order_aware_motif_evidence_vector,motif_evidence_hierarchical_gate_interpretation,0.398148,0.466113,0.485674,0.024291,0.476495,0.482671,0.454196,0.153531,0.47587,0.440207,0.402258,0.501583,0.20394,0.459524,0.359742,0.364123,0.364123,0.31608,0.343602,0.387509,disorder_gate:foldable_candidate | compactness_gate:compact_or_borderline_supported | segmentation_gate:not_folded_multidomain | secondary_structure_gate:weak_secondary_fallback | confidence_gate:abstained_low_decision_margin,secondary structure evidence was too weakly separated for a strong gate; fallback remains subject to abstention; confidence gate abstained on low decision margin,False,True,True,True,True,True,False,False,insufficient_topology_evidence,multidomain_boundary,insufficient_topology_evidence,alpha_beta_mixed,alpha_beta_mixed,0.871723,0.915484,False,False,0.86,0.95725,0.298581,0.7872,abstained,False,True,False,False,False,secondary structure evidence was too weakly separated for a strong gate; fallback remains subject to abstention; confidence gate abstained on low decision margin
pdb_1PGA_A_protein_g_b1,56,order_aware_motif_evidence_vector,motif_evidence_hierarchical_gate_interpretation,0.357143,0.5,0.553551,0.071429,0.348784,0.658058,0.285714,0.229723,0.470368,0.646852,0.219047,0.623845,0.046135,0.588966,0.403165,0.477347,0.369555,0.477347,0.410719,0.545626,disorder_gate:foldable_candidate | compactness_gate:compact_or_borderline_supported | segmentation_gate:not_folded_multidomain | secondary_structure_gate:mixed_supported_but_weak | confidence_gate:abstained_low_decision_margin,"mixed alpha/beta evidence exists, but the confidence gate must decide whether the local signals are stable enough; confidence gate abstained on low decision margin",False,True,True,True,True,False,False,False,insufficient_topology_evidence,beta_rich,insufficient_topology_evidence,alpha_beta_mixed,alpha_beta_mixed,0.712279,0.87468,False,False,0.86,0.903373,0.248675,0.7872,abstained,False,True,False,False,False,"mixed alpha/beta evidence exists, but the confidence gate must decide whether the local signals are stable enough; confidence gate abstained on low decision margin"
pdb_4AKE_A_adenylate_kinase,214,order_aware_motif_evidence_vector,motif_evidence_hierarchical_gate_interpretation,0.37931,0.519231,0.462937,0.03271,0.400537,0.441745,0.439808,0.192827,0.467143,0.429368,0.422383,0.482436,0.219166,0.432015,0.307964,0.348209,0.348209,0.311834,0.33477,0.365093,disorder_gate:foldable_candidate | compactness_gate:compact_or_borderline_supported | segmentation_gate:not_folded_multidomain | secondary_structure_gate:weak_secondary_fallback | confidence_gate:abstained_low_decision_margin,secondary structure evidence was too weakly separated for a strong gate; fallback remains subject to abstention; confidence gate abstained on low decision margin,False,True,True,True,True,False,False,False,insufficient_topology_evidence,beta_rich,insufficient_topology_evidence,alpha_beta_mixed,alpha_beta_mixed,0.881219,0.919428,False,False,0.86,0.962399,0.285531,0.7872,abstained,False,True,False,False,False,secondary structure evidence was too weakly separated for a strong gate; fallback remains subject to abstention; confidence gate abstained on low decision margin
pdb_1UBQ_A_ubiquitin,76,order_aware_motif_evidence_vector,motif_evidence_hierarchical_gate_interpretation,0.269231,0.490476,0.425442,0.078947,0.334669,0.450989,0.403728,0.176433,0.410951,0.430482,0.471141,0.455415,0.246067,0.412171,0.265319,0.309151,0.278379,0.301022,0.309151,0.349975,disorder_gate:foldable_not_ruled_out | compactness_gate:weak_closure_abstain | segmentation_gate:not_evaluated | secondary_structure_gate:not_evaluated | confidence_gate:abstained,compactness and closure are too weak to force a fold class,False,True,True,True,True,False,False,False,insufficient_topology_evidence,beta_rich,insufficient_topology_evidence,beta_rich,alpha_beta_mixed,0.742105,0.909614,False,False,0.86,0.916451,0.0,0.7872,abstained,False,True,False,False,False,compactness and closure are too weak to force a fold class
pdb_2TRX_A_thioredoxin,108,order_aware_motif_evidence_vector,motif_evidence_hierarchical_gate_interpretation,0.45,0.535948,0.548199,0.046296,0.225601,0.542621,0.430675,0.193657,0.502104,0.497188,0.331044,0.61942,0.136842,0.523924,0.286201,0.418351,0.406555,0.381501,0.418351,0.454639,disorder_gate:foldable_candidate | compactness_gate:compact_or_borderline_supported | segmentation_gate:not_folded_multidomain | secondary_structure_gate:mixed_supported_but_weak | confidence_gate:abstained_low_decision_margin,"mixed alpha/beta evidence exists, but the confidence gate must decide whether the local signals are stable enough; confidence gate abstained on low decision margin",False,True,True,True,True,False,False,False,insufficient_topology_evidence,alpha_beta_mixed,insufficient_topology_evidence,alpha_beta_mixed,alpha_beta_mixed,0.812706,0.91269,False,False,0.86,0.949378,0.283008,0.7872,abstained,False,True,False,False,False,"mixed alpha/beta evidence exists, but the confidence gate must decide whether the local signals are stable enough; confidence gate abstained on low decision margin"
pdb_3CHY_A_chey_response_regulator,128,order_aware_motif_evidence_vector,motif_evidence_hierarchical_gate_interpretation,0.483871,0.610656,0.600914,0.03125,0.411941,0.626102,0.34902,0.180626,0.604503,0.509592,0.249481,0.654929,0.064359,0.596517,0.420196,0.483875,0.483875,0.429347,0.458362,0.520192,disorder_gate:foldable_candidate | compactness_gate:compact_or_borderline_supported | segmentation_gate:not_folded_multidomain | secondary_structure_gate:alpha_periodic_compact | confidence_gate:forced_low_claim_strength,"alpha interpretation requires local alpha pressure, periodic support, compact core, and limited disorder pressure",False,True,True,True,True,False,False,False,insufficient_topology_evidence,alpha_beta_mixed,alpha_rich,alpha_beta_mixed,alpha_beta_mixed,0.834696,0.874621,False,False,0.324676,0.980834,0.558874,0.348832,weak,True,False,False,False,False,hierarchical_gate_prediction_structure_mismatch
pdb_2CI2_I_chymotrypsin_inhibitor_2,83,order_aware_motif_evidence_vector,motif_evidence_hierarchical_gate_interpretation,0.421875,0.530303,0.435536,0.072289,0.261012,0.412293,0.41796,0.169856,0.458936,0.454196,0.485408,0.496753,0.253492,0.402102,0.218449,0.343984,0.343984,0.3071,0.331952,0.344301,disorder_gate:foldable_not_ruled_out | compactness_gate:weak_closure_abstain | segmentation_gate:not_evaluated | secondary_structure_gate:not_evaluated | confidence_gate:abstained,compactness and closure are too weak to force a fold class,False,True,True,True,True,False,False,False,insufficient_topology_evidence,beta_rich,insufficient_topology_evidence,beta_rich,alpha_beta_mixed,0.680904,0.910876,False,False,0.86,0.976943,0.0,0.7872,abstained,False,True,False,False,False,compactness and closure are too weak to force a fold class
pdb_1FKB_A_fk506_binding_protein,107,order_aware_motif_evidence_vector,motif_evidence_hierarchical_gate_interpretation,0.320513,0.470297,0.410998,0.084112,0.210783,0.364355,0.546341,0.168936,0.35253,0.398956,0.603485,0.369421,0.351926,0.349984,0.151957,0.267452,0.249207,0.248802,0.267452,0.286221,disorder_gate:disordered_or_flexible | compactness_gate:not_compact_enough_for_folded_domain | segmentation_gate:flexible_segmentation_not_multidomain | secondary_structure_gate:skipped_by_disorder_gate | confidence_gate:forced_low_claim_strength,disorder pressure and breaker/turn evidence are prioritized over secondary-structure interpretation because compact closure is weak,False,True,True,True,False,False,False,False,insufficient_topology_evidence,disordered_flexible,disordered_flexible,beta_rich,alpha_beta_mixed,0.645875,0.88695,False,False,0.291787,0.974371,0.613689,0.331729,medium,True,False,True,False,False,hierarchical_gate_prediction_structure_mismatch
pdb_2RN2_A_ribonuclease_a,155,order_aware_motif_evidence_vector,motif_evidence_hierarchical_gate_interpretation,0.403226,0.458613,0.493734,0.045161,0.458629,0.487544,0.407702,0.179291,0.514663,0.437115,0.374563,0.508229,0.181025,0.472184,0.361553,0.388576,0.388576,0.316027,0.343746,0.394053,disorder_gate:foldable_candidate | compactness_gate:compact_or_borderline_supported | segmentation_gate:not_folded_multidomain | secondary_structure_gate:weak_secondary_fallback | confidence_gate:abstained_low_decision_margin,secondary structure evidence was too weakly separated for a strong gate; fallback remains subject to abstention; confidence gate abstained on low decision margin,False,True,True,True,True,True,False,False,insufficient_topology_evidence,multidomain_boundary,insufficient_topology_evidence,alpha_beta_mixed,alpha_beta_mixed,0.828308,0.914081,False,False,0.86,0.994062,0.318632,0.7872,abstained,False,True,False,False,False,secondary structure evidence was too weakly separated for a strong gate; fallback remains subject to abstention; confidence gate abstained on low decision margin
pdb_1BTA_A_barstar,89,order_aware_motif_evidence_vector,motif_evidence_hierarchical_gate_interpretation,0.448718,0.552209,0.543659,0.05618,0.267627,0.51086,0.301732,0.164941,0.578647,0.539224,0.305249,0.652988,0.101347,0.523478,0.302568,0.440642,0.440642,0.393912,0.430578,0.455549,disorder_gate:foldable_candidate | compactness_gate:compact_or_borderline_supported | segmentation_gate:not_folded_multidomain | secondary_structure_gate:alpha_periodic_compact | confidence_gate:forced_low_claim_strength,"alpha interpretation requires local alpha pressure, periodic support, compact core, and limited disorder pressure",False,True,True,True,True,False,False,False,insufficient_topology_evidence,alpha_beta_mixed,alpha_rich,alpha_beta_mixed,alpha_beta_mixed,0.753611,0.920935,False,False,0.360519,0.913282,0.499135,0.36747,weak,True,False,False,False,False,hierarchical_gate_prediction_structure_mismatch
pdb_1CLL_A_calmodulin,148,order_aware_motif_evidence_vector,motif_evidence_hierarchical_gate_interpretation,0.435185,0.501174,0.516697,0.040541,0.432638,0.513299,0.2975,0.246108,0.556687,0.460035,0.266209,0.562253,0.0948,0.513451,0.386828,0.431811,0.431811,0.35627,0.383438,0.433427,disorder_gate:foldable_candidate | compactness_gate:compact_closure_supported | segmentation_gate:folded_multidomain_supported | secondary_structure_gate:skipped_by_segmentation_gate | confidence_gate:forced_low_claim_strength,domain-boundary evidence is treated as folded multidomain only because compact core and long-range closure are also present,False,True,True,True,True,False,False,False,insufficient_topology_evidence,alpha_beta_mixed,multidomain_boundary,multidomain_boundary,multidomain_boundary,0.778803,0.943522,True,True,0.415546,0.950644,0.407423,0.396084,weak,True,False,False,False,False,
pdb_1B57_A_fructose_bisphosphate_aldolase,358,order_aware_motif_evidence_vector,motif_evidence_hierarchical_gate_interpretation,0.4,0.50142,0.518499,0.03352,0.470109,0.446835,0.411389,0.18578,0.460828,0.45943,0.348024,0.531673,0.166437,0.47457,0.364301,0.367075,0.364698,0.337744,0.367075,0.397072,disorder_gate:foldable_candidate | compactness_gate:compact_or_borderline_supported | segmentation_gate:not_folded_multidomain | secondary_structure_gate:weak_secondary_fallback | confidence_gate:abstained_low_decision_margin,secondary structure evidence was too weakly separated for a strong gate; fallback remains subject to abstention; confidence gate abstained on low decision margin,False,True,True,True,True,False,False,True,insufficient_topology_evidence,alpha_beta_mixed,insufficient_topology_evidence,alpha_rich,multidomain_boundary,0.872049,0.930341,False,False,0.86,0.976999,0.301001,0.7872,abstained,False,True,False,False,False,secondary structure evidence was too weakly separated for a strong gate; fallback remains subject to abstention; confidence gate abstained on low decision margin
pdb_1AON_A_groel,547,order_aware_motif_evidence_vector,motif_evidence_hierarchical_gate_interpretation,0.440816,0.528035,0.492077,0.014625,0.642287,0.478578,0.42633,0.178666,0.511911,0.422863,0.346877,0.479296,0.176204,0.469486,0.448553,0.401708,0.401708,0.329322,0.34381,0.39651,disorder_gate:foldable_candidate | compactness_gate:compact_or_borderline_supported | segmentation_gate:not_folded_multidomain | secondary_structure_gate:weak_secondary_fallback | confidence_gate:abstained_low_decision_margin,secondary structure evidence was too weakly separated for a strong gate; fallback remains subject to abstention; confidence gate abstained on low decision margin,False,True,True,True,True,True,False,False,multidomain_boundary,multidomain_boundary,insufficient_topology_evidence,alpha_beta_mixed,multidomain_boundary,0.853765,0.924561,False,False,0.86,0.758843,0.329401,0.7872,abstained,False,True,False,False,False,secondary structure evidence was too weakly separated for a strong gate; fallback remains subject to abstention; confidence gate abstained on low decision margin
pdb_1IGT_B_igg2a_heavy_chain,444,order_aware_motif_evidence_vector,motif_evidence_hierarchical_gate_interpretation,0.342262,0.471461,0.475672,0.013514,0.557562,0.444308,0.451812,0.1613,0.360424,0.471676,0.37983,0.412414,0.200207,0.443313,0.389818,0.334754,0.289048,0.334754,0.305669,0.380821,disorder_gate:foldable_candidate | compactness_gate:compact_or_borderline_supported | segmentation_gate:not_folded_multidomain | secondary_structure_gate:weak_secondary_fallback | confidence_gate:abstained_low_decision_margin,secondary structure evidence was too weakly separated for a strong gate; fallback remains subject to abstention; confidence gate abstained on low decision margin,False,True,True,True,True,True,False,False,insufficient_topology_evidence,multidomain_boundary,insufficient_topology_evidence,beta_rich,multidomain_boundary,0.847824,0.913992,False,False,0.86,0.878142,0.274498,0.7872,abstained,False,True,False,False,False,secondary structure evidence was too weakly separated for a strong gate; fallback remains subject to abstention; confidence gate abstained on low decision margin
pdb_1GTR_A_glutaminyl_trna_synthetase,553,order_aware_motif_evidence_vector,motif_evidence_hierarchical_gate_interpretation,0.395089,0.513406,0.533176,0.012658,0.60131,0.513698,0.37083,0.180093,0.496298,0.477029,0.306902,0.558232,0.129594,0.512879,0.454395,0.393953,0.38786,0.365634,0.393953,0.436884,disorder_gate:foldable_candidate | compactness_gate:compact_closure_supported | segmentation_gate:folded_multidomain_supported | secondary_structure_gate:skipped_by_segmentation_gate | confidence_gate:forced_low_claim_strength,domain-boundary evidence is treated as folded multidomain only because compact core and long-range closure are also present,False,True,True,True,False,False,False,False,insufficient_topology_evidence,multidomain_boundary,multidomain_boundary,alpha_beta_mixed,multidomain_boundary,0.808937,0.930786,False,True,0.27397,0.882671,0.643383,0.322464,medium,True,False,True,False,False,hierarchical_gate_prediction_structure_mismatch
pdb_1E4M_M_myrosinase,501,order_aware_motif_evidence_vector,motif_evidence_hierarchical_gate_interpretation,0.42,0.480808,0.530778,0.017964,0.536116,0.481477,0.43159,0.166749,0.398986,0.492015,0.334703,0.479231,0.158017,0.49294,0.407638,0.360934,0.34317,0.360934,0.36078,0.420813,disorder_gate:foldable_candidate | compactness_gate:compact_or_borderline_supported | segmentation_gate:not_folded_multidomain | secondary_structure_gate:mixed_supported_but_weak | confidence_gate:abstained_low_decision_margin,"mixed alpha/beta evidence exists, but the confidence gate must decide whether the local signals are stable enough; confidence gate abstained on low decision margin",False,True,True,True,True,True,False,False,insufficient_topology_evidence,multidomain_boundary,insufficient_topology_evidence,alpha_rich,multidomain_boundary,0.86412,0.932019,False,False,0.86,0.961501,0.261291,0.7872,abstained,False,True,False,False,False,"mixed alpha/beta evidence exists, but the confidence gate must decide whether the local signals are stable enough; confidence gate abstained on low decision margin"
pdb_1F88_A_rhodopsin,348,order_aware_motif_evidence_vector,motif_evidence_hierarchical_gate_interpretation,0.576316,0.401559,0.634642,0.014368,0.671949,0.577525,0.429621,0.139508,0.536818,0.538552,0.25808,0.652596,0.093255,0.59158,0.525707,0.479012,0.479012,0.389404,0.431032,0.498941,disorder_gate:foldable_candidate | compactness_gate:compact_closure_supported | segmentation_gate:folded_multidomain_supported | secondary_structure_gate:skipped_by_segmentation_gate | confidence_gate:forced_low_claim_strength,domain-boundary evidence is treated as folded multidomain only because compact core and long-range closure are also present,False,True,True,True,False,False,False,False,insufficient_topology_evidence,multidomain_boundary,multidomain_boundary,alpha_rich,multidomain_boundary,0.778361,0.89096,False,True,0.160516,0.944243,0.832473,0.263468,strong,True,False,True,False,False,hierarchical_gate_prediction_structure_mismatch
pdb_1GSA_A_glutathione_synthetase,316,order_aware_motif_evidence_vector,motif_evidence_hierarchical_gate_interpretation,0.373134,0.478495,0.487011,0.025316,0.557649,0.456907,0.426493,0.183891,0.476022,0.430296,0.37601,0.48446,0.192258,0.456354,0.397099,0.359167,0.359167,0.314299,0.338513,0.380551,disorder_gate:foldable_candidate | compactness_gate:compact_or_borderline_supported | segmentation_gate:not_folded_multidomain | secondary_structure_gate:weak_secondary_fallback | confidence_gate:abstained_low_decision_margin,secondary structure evidence was too weakly separated for a strong gate; fallback remains subject to abstention; confidence gate abstained on low decision margin,False,True,True,True,True,True,False,False,insufficient_topology_evidence,multidomain_boundary,insufficient_topology_evidence,alpha_beta_mixed,multidomain_boundary,0.875634,0.922492,False,False,0.86,0.823508,0.294517,0.7872,abstained,False,True,False,False,False,secondary structure evidence was too weakly separated for a strong gate; fallback remains subject to abstention; confidence gate abstained on low decision margin
pdb_1TUP_A_p53_core_dna_complex,219,order_aware_motif_evidence_vector,motif_evidence_hierarchical_gate_interpretation,0.346667,0.445227,0.381444,0.027397,0.473446,0.378793,0.495984,0.191396,0.363448,0.387404,0.47001,0.373058,0.280794,0.355719,0.30197,0.273332,0.27289,0.25949,0.273332,0.298162,disorder_gate:foldable_not_ruled_out | compactness_gate:weak_closure_abstain | segmentation_gate:not_evaluated | secondary_structure_gate:not_evaluated | confidence_gate:abstained,compactness and closure are too weak to force a fold class,False,True,True,True,True,True,False,False,insufficient_topology_evidence,multidomain_boundary,insufficient_topology_evidence,beta_rich,multidomain_boundary,0.801652,0.865148,False,False,0.86,0.823632,0.0,0.7872,abstained,False,True,False,False,False,compactness and closure are too weak to force a fold class
pdb_1LFG_A_lactoferrin,691,order_aware_motif_evidence_vector,motif_evidence_hierarchical_gate_interpretation,0.398246,0.456448,0.503557,0.011577,0.532569,0.462269,0.422582,0.182109,0.46688,0.429052,0.363952,0.492893,0.177907,0.468962,0.391759,0.366136,0.366136,0.313651,0.34078,0.386541,disorder_gate:foldable_candidate | compactness_gate:compact_or_borderline_supported | segmentation_gate:not_folded_multidomain | secondary_structure_gate:weak_secondary_fallback | confidence_gate:abstained_low_decision_margin,secondary structure evidence was too weakly separated for a strong gate; fallback remains subject to abstention; confidence gate abstained on low decision margin,False,True,True,True,True,True,False,False,insufficient_topology_evidence,multidomain_boundary,insufficient_topology_evidence,alpha_beta_mixed,multidomain_boundary,0.820752,0.930678,False,False,0.86,0.871963,0.300232,0.7872,abstained,False,True,False,False,False,secondary structure evidence was too weakly separated for a strong gate; fallback remains subject to abstention; confidence gate abstained on low decision margin
disprot_P37840_alpha_synuclein,140,order_aware_motif_evidence_vector,motif_evidence_hierarchical_gate_interpretation,0.361111,0.410448,0.417813,0.042857,0.235707,0.428002,0.50981,0.187925,0.430757,0.381897,0.544064,0.418615,0.300926,0.384305,0.195844,0.309571,0.309571,0.244118,0.272995,0.311956,disorder_gate:disordered_or_flexible | compactness_gate:not_compact_enough_for_folded_domain | segmentation_gate:flexible_segmentation_not_multidomain | secondary_structure_gate:skipped_by_disorder_gate | confidence_gate:forced_low_claim_strength,disorder pressure and breaker/turn evidence are prioritized over secondary-structure interpretation because compact closure is weak,False,True,True,True,True,False,True,False,insufficient_topology_evidence,beta_rich,disordered_flexible,disordered_flexible,disordered_flexible,0.69822,0.77322,True,True,0.347625,0.986851,0.520625,0.360765,weak,True,False,False,False,False,
disprot_P10636_tau,758,order_aware_motif_evidence_vector,motif_evidence_hierarchical_gate_interpretation,0.25,0.399158,0.34179,0.019789,0.428161,0.340226,0.650426,0.183908,0.263714,0.259882,0.679308,0.225067,0.431141,0.287114,0.218988,0.17692,0.17692,0.160434,0.17473,0.212155,disorder_gate:disordered_or_flexible | compactness_gate:not_compact_enough_for_folded_domain | segmentation_gate:flexible_segmentation_not_multidomain | secondary_structure_gate:skipped_by_disorder_gate | confidence_gate:forced_low_claim_strength,disorder pressure and breaker/turn evidence are prioritized over secondary-structure interpretation because compact closure is weak,True,True,True,True,True,True,False,False,insufficient_topology_evidence,multidomain_boundary,disordered_flexible,disordered_flexible,disordered_flexible,0.759088,0.834087,True,True,0.202048,0.980456,0.763253,0.285065,strong,True,False,False,False,False,
disprot_P04637_p53_full_length,393,order_aware_motif_evidence_vector,motif_evidence_hierarchical_gate_interpretation,0.351562,0.434539,0.378949,0.025445,0.48038,0.353909,0.538042,0.202726,0.376722,0.3291,0.547327,0.32074,0.333815,0.334764,0.28169,0.275735,0.275735,0.214708,0.227915,0.263551,disorder_gate:disordered_or_flexible | compactness_gate:not_compact_enough_for_folded_domain | segmentation_gate:flexible_segmentation_not_multidomain | secondary_structure_gate:skipped_by_disorder_gate | confidence_gate:forced_low_claim_strength,disorder pressure and breaker/turn evidence are prioritized over secondary-structure interpretation because compact closure is weak,True,True,True,True,True,True,False,False,multidomain_boundary,multidomain_boundary,disordered_flexible,disordered_flexible,disordered_flexible,0.729364,0.804364,True,True,0.301825,0.715993,0.596958,0.336949,medium,True,False,False,False,False,
disprot_P46527_cdkn1b_p27,198,order_aware_motif_evidence_vector,motif_evidence_hierarchical_gate_interpretation,0.278846,0.421875,0.340146,0.040404,0.463232,0.370492,0.488618,0.211465,0.367408,0.289675,0.580463,0.272708,0.347859,0.319313,0.267796,0.244126,0.244126,0.191306,0.202647,0.245439,disorder_gate:disordered_or_flexible | compactness_gate:not_compact_enough_for_folded_domain | segmentation_gate:flexible_segmentation_not_multidomain | secondary_structure_gate:skipped_by_disorder_gate | confidence_gate:forced_low_claim_strength,disorder pressure and breaker/turn evidence are prioritized over secondary-structure interpretation because compact closure is weak,True,True,True,True,True,True,False,False,insufficient_topology_evidence,multidomain_boundary,disordered_flexible,disordered_flexible,disordered_flexible,0.739903,0.814903,True,True,0.281959,0.762576,0.630069,0.326619,medium,True,False,False,False,False,
disprot_P38634_sic1,284,order_aware_motif_evidence_vector,motif_evidence_hierarchical_gate_interpretation,0.207792,0.353118,0.352731,0.035211,0.548163,0.359106,0.450373,0.240686,0.347109,0.310318,0.535101,0.292962,0.319481,0.330085,0.316506,0.217464,0.217464,0.191343,0.212025,0.249776,disorder_gate:disordered_or_flexible | compactness_gate:not_compact_enough_for_folded_domain | segmentation_gate:flexible_segmentation_not_multidomain | secondary_structure_gate:skipped_by_disorder_gate | confidence_gate:forced_low_claim_strength,disorder pressure and breaker/turn evidence are prioritized over secondary-structure interpretation because compact closure is weak,True,True,True,True,True,True,False,False,multidomain_boundary,multidomain_boundary,disordered_flexible,disordered_flexible,disordered_flexible,0.731538,0.806539,True,True,0.310214,0.59879,0.582977,0.341311,medium,True,False,False,False,False,
disprot_O60356_nupr1,82,order_aware_motif_evidence_vector,motif_evidence_hierarchical_gate_interpretation,0.289474,0.267544,0.316775,0.158537,0.302265,0.419113,0.665198,0.210708,0.34282,0.223297,0.800054,0.189362,0.511288,0.286671,0.156084,0.216873,0.216873,0.102246,0.122327,0.200146,disorder_gate:disordered_or_flexible | compactness_gate:not_compact_enough_for_folded_domain | segmentation_gate:flexible_segmentation_not_multidomain | secondary_structure_gate:skipped_by_disorder_gate | confidence_gate:forced_low_claim_strength,disorder pressure and breaker/turn evidence are prioritized over secondary-structure interpretation because compact closure is weak,False,True,True,True,False,False,False,False,disordered_flexible,disordered_flexible,disordered_flexible,disordered_flexible,disordered_flexible,0.74917,0.82417,True,True,0.137347,0.582709,0.871089,0.25142,strong,True,False,False,False,False,
disprot_P10451_osteopontin,314,order_aware_motif_evidence_vector,motif_evidence_hierarchical_gate_interpretation,0.365169,0.369589,0.471667,0.028662,0.588268,0.45427,0.296467,0.256559,0.459214,0.384784,0.302849,0.447174,0.134488,0.464583,0.428707,0.356958,0.356958,0.281826,0.30906,0.367077,disorder_gate:foldable_candidate | compactness_gate:compact_or_borderline_supported | segmentation_gate:not_folded_multidomain | secondary_structure_gate:weak_secondary_fallback | confidence_gate:abstained_low_decision_margin,secondary structure evidence was too weakly separated for a strong gate; fallback remains subject to abstention; confidence gate abstained on low decision margin,False,True,True,True,True,True,False,False,multidomain_boundary,multidomain_boundary,insufficient_topology_evidence,disordered_flexible,disordered_flexible,0.633359,0.708359,False,False,0.86,0.719151,0.292706,0.7872,abstained,False,True,False,False,False,secondary structure evidence was too weakly separated for a strong gate; fallback remains subject to abstention; confidence gate abstained on low decision margin
disprot_Q13541_eif4ebp1,118,order_aware_motif_evidence_vector,motif_evidence_hierarchical_gate_interpretation,0.145161,0.363095,0.314849,0.067797,0.315027,0.392104,0.69473,0.196276,0.168655,0.302072,0.740019,0.141659,0.475031,0.280051,0.165193,0.174856,0.089119,0.174856,0.106331,0.222761,disorder_gate:disordered_or_flexible | compactness_gate:not_compact_enough_for_folded_domain | segmentation_gate:flexible_segmentation_not_multidomain | secondary_structure_gate:skipped_by_disorder_gate | confidence_gate:forced_low_claim_strength,disorder pressure and breaker/turn evidence are prioritized over secondary-structure interpretation because compact closure is weak,False,True,True,True,False,False,False,False,disordered_flexible,disordered_flexible,disordered_flexible,disordered_flexible,disordered_flexible,0.759142,0.834142,True,True,0.163862,0.691498,0.826896,0.265208,strong,True,False,False,False,False,
disprot_P16949_stathmin,149,order_aware_motif_evidence_vector,motif_evidence_hierarchical_gate_interpretation,0.322222,0.438228,0.467547,0.060403,0.428256,0.506362,0.241267,0.257151,0.643224,0.349259,0.365002,0.426627,0.147344,0.478188,0.357621,0.430177,0.430177,0.268459,0.288019,0.374775,disorder_gate:foldable_candidate | compactness_gate:compact_or_borderline_supported | segmentation_gate:not_folded_multidomain | secondary_structure_gate:weak_secondary_fallback | confidence_gate:forced_low_claim_strength,secondary structure evidence was too weakly separated for a strong gate; fallback remains subject to abstention,False,True,True,True,False,False,False,False,insufficient_topology_evidence,alpha_rich,alpha_rich,disordered_flexible,disordered_flexible,0.626452,0.701452,False,False,0.448353,0.999325,0.352745,0.413144,weak,True,False,False,False,False,hierarchical_gate_prediction_structure_mismatch
disprot_P17096_hmga1,107,order_aware_motif_evidence_vector,motif_evidence_hierarchical_gate_interpretation,0.0,0.140264,0.113201,0.140187,0.137763,0.27203,0.710093,0.262128,0.153616,0.103108,1.0,0.0,0.669934,0.099075,0.0,0.011889,0.0,0.0,0.011889,0.026709,disorder_gate:disordered_or_flexible | compactness_gate:not_compact_enough_for_folded_domain | segmentation_gate:flexible_segmentation_not_multidomain | secondary_structure_gate:skipped_by_disorder_gate | confidence_gate:forced_low_claim_strength,disorder pressure and breaker/turn evidence are prioritized over secondary-structure interpretation because compact closure is weak,False,True,True,True,False,False,False,False,disordered_flexible,disordered_flexible,disordered_flexible,disordered_flexible,disordered_flexible,0.893679,0.89528,True,True,0.06,0.260977,1.0,0.2112,strong,True,False,False,False,False,
