protein_id,protein_regime,predicted_fold_class,structure_fold_class,label_fold_class,orthogonal_axis_disagreement,true_same_axis_conflict,axis_unscorable_count,high_confidence_wrong_after_axis_scoring,manual_review_reasons
pdb_1R69_A_lambda_repressor_ntd,small_peptide_or_fragment,insufficient_topology_evidence,alpha_rich,alpha_rich,False,False,3,False,fragment_evidence_not_global_fold_truth
pdb_1ROP_A_rop_protein,small_peptide_or_fragment,insufficient_topology_evidence,multidomain_boundary,alpha_rich,True,False,3,False,single_class_taxonomy_collapse;fragment_evidence_not_global_fold_truth
pdb_1GAB_A_albumin_binding_domain,small_peptide_or_fragment,insufficient_topology_evidence,alpha_rich,alpha_rich,False,False,3,False,fragment_evidence_not_global_fold_truth
pdb_1CUN_A_alpha_spectrin_repeat,compact_single_domain,insufficient_topology_evidence,multidomain_boundary,alpha_rich,True,True,3,False,single_class_taxonomy_collapse;true_same_axis_conflict
pdb_1CSP_A_cold_shock_protein,small_peptide_or_fragment,insufficient_topology_evidence,beta_rich,beta_rich,False,False,3,False,fragment_evidence_not_global_fold_truth
pdb_1SHG_A_src_sh3_domain,small_peptide_or_fragment,insufficient_topology_evidence,beta_rich,beta_rich,False,False,3,False,fragment_evidence_not_global_fold_truth
pdb_1IGD_A_immunoglobulin_domain,small_peptide_or_fragment,insufficient_topology_evidence,alpha_beta_mixed,beta_rich,False,False,3,False,fragment_evidence_not_global_fold_truth
pdb_1BFG_A_basic_fgf,intrinsically_disordered,disordered_flexible,beta_rich,beta_rich,False,True,3,False,true_same_axis_conflict
pdb_1GFL_A_green_fluorescent_protein,compact_single_domain,insufficient_topology_evidence,multidomain_boundary,beta_rich,True,True,3,False,single_class_taxonomy_collapse;true_same_axis_conflict
pdb_1KSR_A_kunitz_serine_protease_inhibitor,ambiguous_regime,insufficient_topology_evidence,beta_rich,beta_rich,False,False,4,False,axis_unscorable
pdb_1TIM_A_triosephosphate_isomerase,compact_single_domain,insufficient_topology_evidence,alpha_beta_mixed,alpha_beta_mixed,False,True,3,False,true_same_axis_conflict
pdb_1PGA_A_protein_g_b1,small_peptide_or_fragment,insufficient_topology_evidence,alpha_beta_mixed,alpha_beta_mixed,False,False,3,False,fragment_evidence_not_global_fold_truth
pdb_4AKE_A_adenylate_kinase,compact_single_domain,insufficient_topology_evidence,alpha_beta_mixed,alpha_beta_mixed,False,True,3,False,true_same_axis_conflict
pdb_1UBQ_A_ubiquitin,intrinsically_disordered,insufficient_topology_evidence,beta_rich,alpha_beta_mixed,False,False,4,False,axis_unscorable
pdb_3CHY_A_chey_response_regulator,membrane_like,insufficient_topology_evidence,alpha_beta_mixed,alpha_beta_mixed,False,False,4,False,axis_unscorable;membrane_regime_not_fold_class
pdb_2CI2_I_chymotrypsin_inhibitor_2,intrinsically_disordered,insufficient_topology_evidence,beta_rich,alpha_beta_mixed,False,False,4,False,axis_unscorable
pdb_1FKB_A_fk506_binding_protein,ambiguous_regime,insufficient_topology_evidence,beta_rich,alpha_beta_mixed,False,False,4,False,axis_unscorable
pdb_1BTA_A_barstar,compact_single_domain,alpha_rich,alpha_beta_mixed,alpha_beta_mixed,False,True,1,False,true_same_axis_conflict
pdb_1CLL_A_calmodulin,compact_single_domain,insufficient_topology_evidence,multidomain_boundary,multidomain_boundary,False,True,3,False,true_same_axis_conflict
pdb_1B57_A_fructose_bisphosphate_aldolase,compact_single_domain,insufficient_topology_evidence,alpha_rich,multidomain_boundary,True,True,3,False,single_class_taxonomy_collapse;true_same_axis_conflict
pdb_1AON_A_groel,multidomain_modular,insufficient_topology_evidence,alpha_beta_mixed,multidomain_boundary,False,True,3,False,true_same_axis_conflict
pdb_1IGT_B_igg2a_heavy_chain,multidomain_modular,insufficient_topology_evidence,beta_rich,multidomain_boundary,True,False,3,False,single_class_taxonomy_collapse
pdb_1GTR_A_glutaminyl_trna_synthetase,multidomain_modular,insufficient_topology_evidence,alpha_beta_mixed,multidomain_boundary,True,False,3,False,single_class_taxonomy_collapse
pdb_1E4M_M_myrosinase,multidomain_modular,insufficient_topology_evidence,alpha_rich,multidomain_boundary,True,False,3,False,single_class_taxonomy_collapse
pdb_1F88_A_rhodopsin,membrane_like,insufficient_topology_evidence,alpha_rich,multidomain_boundary,True,False,3,False,single_class_taxonomy_collapse;membrane_regime_not_fold_class
pdb_1GSA_A_glutathione_synthetase,compact_single_domain,insufficient_topology_evidence,alpha_beta_mixed,multidomain_boundary,True,True,3,False,single_class_taxonomy_collapse;true_same_axis_conflict
pdb_1TUP_A_p53_core_dna_complex,intrinsically_disordered,insufficient_topology_evidence,beta_rich,multidomain_boundary,False,False,4,False,axis_unscorable
pdb_1LFG_A_lactoferrin,multidomain_modular,insufficient_topology_evidence,alpha_beta_mixed,multidomain_boundary,True,False,3,False,single_class_taxonomy_collapse
disprot_P10451_osteopontin,intrinsically_disordered,insufficient_topology_evidence,disordered_flexible,disordered_flexible,False,False,4,False,axis_unscorable
disprot_P16949_stathmin,intrinsically_disordered,insufficient_topology_evidence,disordered_flexible,disordered_flexible,False,False,4,False,axis_unscorable
