row_id,truth_secondary_structure_axis,truth_architecture_axis,truth_order_axis,truth_environment_axis,baseline_contact_map_f1,repaired_contact_map_f1,contact_map_f1_delta,baseline_visible_partial_success,repaired_visible_partial_success,baseline_failure_cohort,repaired_failure_mechanism,beta_pairing_candidate_count,compact_anchor_candidate_count,local_overclosure_trimmed_count,toy_benchmark_claim_only,mechanism_discovery_claim_allowed,overfit_risk_flag,overfit_risk_reason
visual_001_alpha_rop,alpha_rich,compact_single_domain,ordered,soluble_like,0.266667,0.3125,0.045833,True,True,visible_partial_success,visible_partial_success,0,4,0,True,False,False,
visual_002_alpha_gab,alpha_rich,compact_single_domain,ordered,soluble_like,0.363636,0.425532,0.061896,True,True,visible_partial_success,visible_partial_success,0,3,0,True,False,False,
visual_003_alpha_cytochrome,alpha_rich,compact_single_domain,ordered,soluble_like,0.126582,0.211765,0.085183,True,True,visible_partial_success,visible_partial_success,0,6,0,True,False,False,
visual_004_beta_csp,beta_rich,compact_single_domain,ordered,soluble_like,0.033333,0.5625,0.529167,False,True,beta_long_range_pairing_failure,visible_partial_success,33,4,0,True,False,True,beta_registry_template_created_success_gain_on_toy_benchmark
visual_005_beta_sh3,beta_rich,compact_single_domain,ordered,soluble_like,0.0,0.553191,0.553191,False,True,beta_long_range_pairing_failure,visible_partial_success,33,4,0,True,False,True,beta_registry_template_created_success_gain_on_toy_benchmark
visual_006_beta_protein_l,beta_rich,compact_single_domain,ordered,soluble_like,0.0,0.545455,0.545455,False,True,beta_long_range_pairing_failure,visible_partial_success,33,0,0,True,False,True,beta_registry_template_created_success_gain_on_toy_benchmark
visual_007_mixed_protein_g,alpha_beta_mixed,compact_single_domain,ordered,soluble_like,0.083333,0.081081,-0.002252,False,False,false_contact_overprediction,bad_beta_pairing,26,0,0,True,False,True,beta_registry_template_still_drives_failure_or_compaction
visual_008_mixed_ubiquitin,alpha_beta_mixed,compact_single_domain,ordered,soluble_like,0.096774,0.1,0.003226,False,False,false_contact_overprediction,premature_compaction,33,5,0,True,False,True,beta_registry_template_still_drives_failure_or_compaction
visual_009_mixed_ci2,alpha_beta_mixed,compact_single_domain,ordered,soluble_like,0.119403,0.113208,-0.006195,True,True,visible_partial_success,visible_partial_success,33,6,0,True,False,False,
visual_010_disorder_nupr1,weak_or_unknown,unknown,disordered_flexible,soluble_like,0.0,0.0,0.0,False,False,disorder_control_overclosure_failure,disorder_over_collapse,0,0,0,True,False,False,
visual_011_membrane_rhodopsin,alpha_rich,unknown,ordered,membrane_like,0.019512,0.019512,0.0,False,False,membrane_contact_topology_failure,membrane_mis_topology,0,0,0,True,False,False,
visual_012_arch_calmodulin,alpha_rich,multidomain_or_segmented,ordered,soluble_like,0.13913,0.24,0.10087,True,True,visible_partial_success,visible_partial_success,0,10,0,True,False,False,
