protein_id,sequence_length,source_database,source_accession,reference_structure_source,reference_label_source,predicted_topology_signature,reference_topology_signature,predicted_internal_fold_class,reference_source_fold_class,predicted_fold_class,reference_fold_class,contact_map_similarity,fold_class_match,uncertainty_radius,evidence_readiness,failure_reason,is_external_reference,reference_topology_signature_kind,curation_notes
pdb_1MBN_A_myoglobin,153,RCSB_PDB+CATH,1MBN:A,pdb:1MBN:A,cath:1mbnA00,"{""conformational_flexibility"":0.459778,""contact_map_closure"":0.591711,""domain_boundary_stability"":0.652831,""hydrophobic_core_closure"":0.544772,""knot_or_entanglement_signature"":0.415903,""long_range_contact_order"":0.571185,""loop_disorder_pressure"":0.450605,""secondary_structure_balance"":0.830065,""sequence_complexity"":0.90672,""uncertainty_radius"":0.376066}","{""conformational_flexibility"":0.3,""contact_map_closure"":0.68,""domain_boundary_stability"":0.78,""hydrophobic_core_closure"":0.62,""knot_or_entanglement_signature"":0.12,""long_range_contact_order"":0.44,""loop_disorder_pressure"":0.22,""secondary_structure_balance"":0.75,""sequence_complexity"":0.7,""uncertainty_radius"":0.28}",entanglement_rich,alpha_rich,multidomain_boundary,alpha_rich,0.852349,False,0.376066,external_benchmark_attached,fold_class_proxy_mismatch,True,locked_broad_class_prototype_from_external_label,"sequence fetched from RCSB PDB FASTA entry 1MBN chain A;broad label curated from CATH/PDB globin-like all-alpha domain context;reference signature is a locked broad-class prototype, not predictor input"
pdb_2LZM_A_t4_lysozyme,164,RCSB_PDB+CATH,2LZM:A,pdb:2LZM:A,cath:2lzmA00,"{""conformational_flexibility"":0.404238,""contact_map_closure"":0.649238,""domain_boundary_stability"":0.709351,""hydrophobic_core_closure"":0.585409,""knot_or_entanglement_signature"":0.476322,""long_range_contact_order"":0.633845,""loop_disorder_pressure"":0.381777,""secondary_structure_balance"":0.908536,""sequence_complexity"":0.948609,""uncertainty_radius"":0.345454}","{""conformational_flexibility"":0.3,""contact_map_closure"":0.68,""domain_boundary_stability"":0.78,""hydrophobic_core_closure"":0.62,""knot_or_entanglement_signature"":0.12,""long_range_contact_order"":0.44,""loop_disorder_pressure"":0.22,""secondary_structure_balance"":0.75,""sequence_complexity"":0.7,""uncertainty_radius"":0.28}",entanglement_rich,alpha_rich,multidomain_boundary,alpha_rich,0.84612,False,0.345454,external_benchmark_attached,fold_class_proxy_mismatch,True,locked_broad_class_prototype_from_external_label,"sequence fetched from RCSB PDB FASTA entry 2LZM chain A;broad label curated from CATH/PDB lysozyme all-alpha domain context;reference signature is a locked broad-class prototype, not predictor input"
pdb_1TEN_A_tenascin_fn3,90,RCSB_PDB+CATH,1TEN:A,pdb:1TEN:A,cath:1tenA00,"{""conformational_flexibility"":0.468881,""contact_map_closure"":0.425683,""domain_boundary_stability"":0.676897,""hydrophobic_core_closure"":0.390405,""knot_or_entanglement_signature"":0.196146,""long_range_contact_order"":0.343452,""loop_disorder_pressure"":0.426355,""secondary_structure_balance"":0.966667,""sequence_complexity"":0.906303,""uncertainty_radius"":0.399482}","{""conformational_flexibility"":0.35,""contact_map_closure"":0.6,""domain_boundary_stability"":0.62,""hydrophobic_core_closure"":0.42,""knot_or_entanglement_signature"":0.25,""long_range_contact_order"":0.62,""loop_disorder_pressure"":0.28,""secondary_structure_balance"":0.65,""sequence_complexity"":0.62,""uncertainty_radius"":0.3}",mixed_uncertain,beta_rich,alpha_beta_mixed,beta_rich,0.866421,False,0.399482,external_benchmark_attached,fold_class_proxy_mismatch,True,locked_broad_class_prototype_from_external_label,"sequence fetched from RCSB PDB FASTA entry 1TEN chain A;broad label curated from CATH/PDB fibronectin type III beta-sandwich context;reference signature is a locked broad-class prototype, not predictor input"
pdb_1CSP_A_cold_shock_protein,67,RCSB_PDB+CATH,1CSP:A,pdb:1CSP:A,cath:1cspA00,"{""conformational_flexibility"":0.51411,""contact_map_closure"":0.410865,""domain_boundary_stability"":0.631338,""hydrophobic_core_closure"":0.445646,""knot_or_entanglement_signature"":0.133612,""long_range_contact_order"":0.290512,""loop_disorder_pressure"":0.527023,""secondary_structure_balance"":0.910448,""sequence_complexity"":0.876794,""uncertainty_radius"":0.441791}","{""conformational_flexibility"":0.35,""contact_map_closure"":0.6,""domain_boundary_stability"":0.62,""hydrophobic_core_closure"":0.42,""knot_or_entanglement_signature"":0.25,""long_range_contact_order"":0.62,""loop_disorder_pressure"":0.28,""secondary_structure_balance"":0.65,""sequence_complexity"":0.62,""uncertainty_radius"":0.3}",mixed_uncertain,beta_rich,alpha_beta_mixed,beta_rich,0.834836,False,0.441791,external_benchmark_attached,fold_class_proxy_mismatch,True,locked_broad_class_prototype_from_external_label,"sequence fetched from RCSB PDB FASTA entry 1CSP chain A;broad label curated from CATH/PDB cold-shock OB-fold beta-barrel context;reference signature is a locked broad-class prototype, not predictor input"
pdb_1TIM_A_triosephosphate_isomerase,247,RCSB_PDB+CATH,1TIM:A,pdb:1TIM:A,cath:1timA00,"{""conformational_flexibility"":0.440493,""contact_map_closure"":0.676094,""domain_boundary_stability"":0.678012,""hydrophobic_core_closure"":0.5817,""knot_or_entanglement_signature"":0.560226,""long_range_contact_order"":0.710764,""loop_disorder_pressure"":0.449451,""secondary_structure_balance"":0.967612,""sequence_complexity"":0.936758,""uncertainty_radius"":0.348241}","{""conformational_flexibility"":0.4,""contact_map_closure"":0.55,""domain_boundary_stability"":0.58,""hydrophobic_core_closure"":0.48,""knot_or_entanglement_signature"":0.18,""long_range_contact_order"":0.45,""loop_disorder_pressure"":0.34,""secondary_structure_balance"":0.6,""sequence_complexity"":0.65,""uncertainty_radius"":0.34}",entanglement_rich,alpha_beta_mixed,multidomain_boundary,alpha_beta_mixed,0.782804,False,0.348241,external_benchmark_attached,fold_class_proxy_mismatch,True,locked_broad_class_prototype_from_external_label,"sequence fetched from RCSB PDB FASTA entry 1TIM chain A;broad label curated from CATH/PDB TIM-barrel alpha-beta context;reference signature is a locked broad-class prototype, not predictor input"
pdb_1PGA_A_protein_g_b1,56,RCSB_PDB+CATH,1PGA:A,pdb:1PGA:A,cath:1pgaA00,"{""conformational_flexibility"":0.397248,""contact_map_closure"":0.426785,""domain_boundary_stability"":0.712649,""hydrophobic_core_closure"":0.457437,""knot_or_entanglement_signature"":0.143172,""long_range_contact_order"":0.297394,""loop_disorder_pressure"":0.332656,""secondary_structure_balance"":0.821428,""sequence_complexity"":0.829056,""uncertainty_radius"":0.405025}","{""conformational_flexibility"":0.4,""contact_map_closure"":0.55,""domain_boundary_stability"":0.58,""hydrophobic_core_closure"":0.48,""knot_or_entanglement_signature"":0.18,""long_range_contact_order"":0.45,""loop_disorder_pressure"":0.34,""secondary_structure_balance"":0.6,""sequence_complexity"":0.65,""uncertainty_radius"":0.34}",mixed_uncertain,alpha_beta_mixed,alpha_beta_mixed,alpha_beta_mixed,0.916197,True,0.405025,external_benchmark_attached,,True,locked_broad_class_prototype_from_external_label,"sequence fetched from RCSB PDB FASTA entry 1PGA chain A;broad label curated from CATH/PDB protein G B1 alpha-beta domain context;reference signature is a locked broad-class prototype, not predictor input"
pdb_4AKE_A_adenylate_kinase,214,RCSB_PDB+CATH,4AKE:A,pdb:4AKE:A,cath:4akeA00,"{""conformational_flexibility"":0.470187,""contact_map_closure"":0.637789,""domain_boundary_stability"":0.654385,""hydrophobic_core_closure"":0.529346,""knot_or_entanglement_signature"":0.535624,""long_range_contact_order"":0.681285,""loop_disorder_pressure"":0.473805,""secondary_structure_balance"":0.841121,""sequence_complexity"":0.927019,""uncertainty_radius"":0.356326}","{""conformational_flexibility"":0.48,""contact_map_closure"":0.52,""domain_boundary_stability"":0.4,""hydrophobic_core_closure"":0.5,""knot_or_entanglement_signature"":0.22,""long_range_contact_order"":0.5,""loop_disorder_pressure"":0.42,""secondary_structure_balance"":0.55,""sequence_complexity"":0.7,""uncertainty_radius"":0.42}",entanglement_rich,multidomain_boundary,multidomain_boundary,multidomain_boundary,0.838989,True,0.42,external_benchmark_attached,,True,locked_broad_class_prototype_from_external_label,"sequence fetched from RCSB PDB FASTA entry 4AKE chain A;broad label curated from PDB/CATH adenylate kinase CORE/LID/NMP boundary-motion context;reference signature is a locked broad-class prototype, not predictor input"
pdb_1CLL_A_calmodulin,148,RCSB_PDB+CATH,1CLL:A,pdb:1CLL:A,cath:1cllA00,"{""conformational_flexibility"":0.464667,""contact_map_closure"":0.542496,""domain_boundary_stability"":0.663981,""hydrophobic_core_closure"":0.469817,""knot_or_entanglement_signature"":0.379233,""long_range_contact_order"":0.527226,""loop_disorder_pressure"":0.428895,""secondary_structure_balance"":0.871622,""sequence_complexity"":0.905044,""uncertainty_radius"":0.373075}","{""conformational_flexibility"":0.48,""contact_map_closure"":0.52,""domain_boundary_stability"":0.4,""hydrophobic_core_closure"":0.5,""knot_or_entanglement_signature"":0.22,""long_range_contact_order"":0.5,""loop_disorder_pressure"":0.42,""secondary_structure_balance"":0.55,""sequence_complexity"":0.7,""uncertainty_radius"":0.42}",entanglement_rich,multidomain_boundary,multidomain_boundary,multidomain_boundary,0.940215,True,0.42,external_benchmark_attached,,True,locked_broad_class_prototype_from_external_label,"sequence fetched from RCSB PDB FASTA entry 1CLL chain A;broad label curated from PDB/CATH two-lobed EF-hand calmodulin domain-boundary context;reference signature is a locked broad-class prototype, not predictor input"
disprot_DP00070_alpha_synuclein,140,DisProt,DP00070,disprot:DP00070,disprot:DP00070,"{""conformational_flexibility"":0.506997,""contact_map_closure"":0.497067,""domain_boundary_stability"":0.629782,""hydrophobic_core_closure"":0.454848,""knot_or_entanglement_signature"":0.335293,""long_range_contact_order"":0.478415,""loop_disorder_pressure"":0.521087,""secondary_structure_balance"":0.835714,""sequence_complexity"":0.845116,""uncertainty_radius"":0.411597}","{""conformational_flexibility"":0.85,""contact_map_closure"":0.2,""domain_boundary_stability"":0.3,""hydrophobic_core_closure"":0.12,""knot_or_entanglement_signature"":0.04,""long_range_contact_order"":0.16,""loop_disorder_pressure"":0.82,""secondary_structure_balance"":0.38,""sequence_complexity"":0.55,""uncertainty_radius"":0.65}",mixed_uncertain,disordered_flexible,alpha_beta_mixed,disordered_flexible,0.688594,False,0.65,external_benchmark_attached,fold_class_proxy_mismatch,True,locked_broad_class_prototype_from_external_label,"sequence fetched from DisProt API entry DP00070;DisProt reports alpha-synuclein as experimentally supported 100 percent disorder content;reference signature is a locked broad-class prototype, not predictor input"
disprot_DP03552_fetal_tau,352,DisProt,DP03552,disprot:DP03552,disprot:DP03552,"{""conformational_flexibility"":0.58784,""contact_map_closure"":0.473525,""domain_boundary_stability"":0.603189,""hydrophobic_core_closure"":0.302046,""knot_or_entanglement_signature"":0.430749,""long_range_contact_order"":0.552551,""loop_disorder_pressure"":0.59639,""secondary_structure_balance"":0.684659,""sequence_complexity"":0.908396,""uncertainty_radius"":0.39155}","{""conformational_flexibility"":0.85,""contact_map_closure"":0.2,""domain_boundary_stability"":0.3,""hydrophobic_core_closure"":0.12,""knot_or_entanglement_signature"":0.04,""long_range_contact_order"":0.16,""loop_disorder_pressure"":0.82,""secondary_structure_balance"":0.38,""sequence_complexity"":0.55,""uncertainty_radius"":0.65}",flexible_or_disordered,disordered_flexible,disordered_flexible,disordered_flexible,0.690282,True,0.65,external_benchmark_attached,low_topology_similarity,True,locked_broad_class_prototype_from_external_label,"sequence fetched from DisProt API entry DP03552;DisProt reports fetal tau as experimentally supported 100 percent disorder content;reference signature is a locked broad-class prototype, not predictor input"
