atom_name,chain,constraint_class,constraint_id,filter_motif,icode,ion_chain,ion_name,ion_residue_number,ion_serial,min_distance_angstrom,notes,residue_name,residue_number,source_id,source_url
O,A,pore_filter_potassium_coordination_contact,KCSA_1BL8_PORE_0001,TVGYG,,A,K,402,2826,3.400,"External RCSB coordinate-derived pore/filter contact; source-import only, not de-novo folding claim.",THR,75,1BL8,https://www.rcsb.org/structure/1BL8
O,A,pore_filter_potassium_coordination_contact,KCSA_1BL8_PORE_0002,TVGYG,,A,K,403,2827,3.070,"External RCSB coordinate-derived pore/filter contact; source-import only, not de-novo folding claim.",THR,75,1BL8,https://www.rcsb.org/structure/1BL8
O,A,pore_filter_potassium_coordination_contact,KCSA_1BL8_PORE_0003,TVGYG,,A,K,402,2826,3.432,"External RCSB coordinate-derived pore/filter contact; source-import only, not de-novo folding claim.",VAL,76,1BL8,https://www.rcsb.org/structure/1BL8
O,A,pore_filter_potassium_coordination_contact,KCSA_1BL8_PORE_0004,TVGYG,,A,K,401,2825,3.135,"External RCSB coordinate-derived pore/filter contact; source-import only, not de-novo folding claim.",GLY,77,1BL8,https://www.rcsb.org/structure/1BL8
O,A,pore_filter_potassium_coordination_contact,KCSA_1BL8_PORE_0005,TVGYG,,A,K,401,2825,3.081,"External RCSB coordinate-derived pore/filter contact; source-import only, not de-novo folding claim.",TYR,78,1BL8,https://www.rcsb.org/structure/1BL8
O,B,pore_filter_potassium_coordination_contact,KCSA_1BL8_PORE_0006,TVGYG,,A,K,402,2826,3.381,"External RCSB coordinate-derived pore/filter contact; source-import only, not de-novo folding claim.",THR,75,1BL8,https://www.rcsb.org/structure/1BL8
O,B,pore_filter_potassium_coordination_contact,KCSA_1BL8_PORE_0007,TVGYG,,A,K,403,2827,2.933,"External RCSB coordinate-derived pore/filter contact; source-import only, not de-novo folding claim.",THR,75,1BL8,https://www.rcsb.org/structure/1BL8
O,B,pore_filter_potassium_coordination_contact,KCSA_1BL8_PORE_0008,TVGYG,,A,K,402,2826,3.402,"External RCSB coordinate-derived pore/filter contact; source-import only, not de-novo folding claim.",VAL,76,1BL8,https://www.rcsb.org/structure/1BL8
O,B,pore_filter_potassium_coordination_contact,KCSA_1BL8_PORE_0009,TVGYG,,A,K,401,2825,3.120,"External RCSB coordinate-derived pore/filter contact; source-import only, not de-novo folding claim.",GLY,77,1BL8,https://www.rcsb.org/structure/1BL8
O,B,pore_filter_potassium_coordination_contact,KCSA_1BL8_PORE_0010,TVGYG,,A,K,401,2825,3.066,"External RCSB coordinate-derived pore/filter contact; source-import only, not de-novo folding claim.",TYR,78,1BL8,https://www.rcsb.org/structure/1BL8
O,C,pore_filter_potassium_coordination_contact,KCSA_1BL8_PORE_0011,TVGYG,,A,K,402,2826,3.350,"External RCSB coordinate-derived pore/filter contact; source-import only, not de-novo folding claim.",THR,75,1BL8,https://www.rcsb.org/structure/1BL8
OG1,C,pore_filter_potassium_coordination_contact,KCSA_1BL8_PORE_0012,TVGYG,,A,K,403,2827,3.002,"External RCSB coordinate-derived pore/filter contact; source-import only, not de-novo folding claim.",THR,75,1BL8,https://www.rcsb.org/structure/1BL8
O,C,pore_filter_potassium_coordination_contact,KCSA_1BL8_PORE_0013,TVGYG,,A,K,402,2826,3.472,"External RCSB coordinate-derived pore/filter contact; source-import only, not de-novo folding claim.",VAL,76,1BL8,https://www.rcsb.org/structure/1BL8
O,C,pore_filter_potassium_coordination_contact,KCSA_1BL8_PORE_0014,TVGYG,,A,K,401,2825,3.149,"External RCSB coordinate-derived pore/filter contact; source-import only, not de-novo folding claim.",GLY,77,1BL8,https://www.rcsb.org/structure/1BL8
O,C,pore_filter_potassium_coordination_contact,KCSA_1BL8_PORE_0015,TVGYG,,A,K,401,2825,3.208,"External RCSB coordinate-derived pore/filter contact; source-import only, not de-novo folding claim.",TYR,78,1BL8,https://www.rcsb.org/structure/1BL8
O,D,pore_filter_potassium_coordination_contact,KCSA_1BL8_PORE_0016,TVGYG,,A,K,402,2826,3.392,"External RCSB coordinate-derived pore/filter contact; source-import only, not de-novo folding claim.",THR,75,1BL8,https://www.rcsb.org/structure/1BL8
O,D,pore_filter_potassium_coordination_contact,KCSA_1BL8_PORE_0017,TVGYG,,A,K,403,2827,3.135,"External RCSB coordinate-derived pore/filter contact; source-import only, not de-novo folding claim.",THR,75,1BL8,https://www.rcsb.org/structure/1BL8
O,D,pore_filter_potassium_coordination_contact,KCSA_1BL8_PORE_0018,TVGYG,,A,K,402,2826,3.409,"External RCSB coordinate-derived pore/filter contact; source-import only, not de-novo folding claim.",VAL,76,1BL8,https://www.rcsb.org/structure/1BL8
O,D,pore_filter_potassium_coordination_contact,KCSA_1BL8_PORE_0019,TVGYG,,A,K,401,2825,3.150,"External RCSB coordinate-derived pore/filter contact; source-import only, not de-novo folding claim.",GLY,77,1BL8,https://www.rcsb.org/structure/1BL8
O,D,pore_filter_potassium_coordination_contact,KCSA_1BL8_PORE_0020,TVGYG,,A,K,401,2825,3.081,"External RCSB coordinate-derived pore/filter contact; source-import only, not de-novo folding claim.",TYR,78,1BL8,https://www.rcsb.org/structure/1BL8
