atom_i,atom_j,chain_a,chain_b,constraint_class,constraint_id,icode_i,icode_j,min_distance_angstrom,notes,residue_i,residue_j,residue_name_i,residue_name_j,source_id,source_url
OH,NE1,C,D,assembly_interface_heavy_atom_contact,KCSA_1BL8_IFACE_0001,,,2.604,"External RCSB coordinate-derived inter-chain/tetramer interface contact; source-import only, not de-novo folding claim.",78,68,TYR,TRP,1BL8,https://www.rcsb.org/structure/1BL8
NE1,OH,A,D,assembly_interface_heavy_atom_contact,KCSA_1BL8_IFACE_0002,,,2.667,"External RCSB coordinate-derived inter-chain/tetramer interface contact; source-import only, not de-novo folding claim.",68,78,TRP,TYR,1BL8,https://www.rcsb.org/structure/1BL8
OH,NE1,A,B,assembly_interface_heavy_atom_contact,KCSA_1BL8_IFACE_0003,,,2.680,"External RCSB coordinate-derived inter-chain/tetramer interface contact; source-import only, not de-novo folding claim.",78,68,TYR,TRP,1BL8,https://www.rcsb.org/structure/1BL8
O,OG1,B,C,assembly_interface_heavy_atom_contact,KCSA_1BL8_IFACE_0004,,,2.711,"External RCSB coordinate-derived inter-chain/tetramer interface contact; source-import only, not de-novo folding claim.",75,75,THR,THR,1BL8,https://www.rcsb.org/structure/1BL8
OH,NE1,B,C,assembly_interface_heavy_atom_contact,KCSA_1BL8_IFACE_0005,,,2.715,"External RCSB coordinate-derived inter-chain/tetramer interface contact; source-import only, not de-novo folding claim.",78,68,TYR,TRP,1BL8,https://www.rcsb.org/structure/1BL8
OH,OG1,C,D,assembly_interface_heavy_atom_contact,KCSA_1BL8_IFACE_0006,,,2.720,"External RCSB coordinate-derived inter-chain/tetramer interface contact; source-import only, not de-novo folding claim.",78,72,TYR,THR,1BL8,https://www.rcsb.org/structure/1BL8
O,OG1,C,D,assembly_interface_heavy_atom_contact,KCSA_1BL8_IFACE_0007,,,2.726,"External RCSB coordinate-derived inter-chain/tetramer interface contact; source-import only, not de-novo folding claim.",75,75,THR,THR,1BL8,https://www.rcsb.org/structure/1BL8
OG1,OH,A,D,assembly_interface_heavy_atom_contact,KCSA_1BL8_IFACE_0008,,,2.738,"External RCSB coordinate-derived inter-chain/tetramer interface contact; source-import only, not de-novo folding claim.",72,78,THR,TYR,1BL8,https://www.rcsb.org/structure/1BL8
O,OG1,A,B,assembly_interface_heavy_atom_contact,KCSA_1BL8_IFACE_0009,,,2.749,"External RCSB coordinate-derived inter-chain/tetramer interface contact; source-import only, not de-novo folding claim.",75,75,THR,THR,1BL8,https://www.rcsb.org/structure/1BL8
OH,OG1,B,C,assembly_interface_heavy_atom_contact,KCSA_1BL8_IFACE_0010,,,2.756,"External RCSB coordinate-derived inter-chain/tetramer interface contact; source-import only, not de-novo folding claim.",78,72,TYR,THR,1BL8,https://www.rcsb.org/structure/1BL8
OG1,O,A,D,assembly_interface_heavy_atom_contact,KCSA_1BL8_IFACE_0011,,,2.757,"External RCSB coordinate-derived inter-chain/tetramer interface contact; source-import only, not de-novo folding claim.",75,75,THR,THR,1BL8,https://www.rcsb.org/structure/1BL8
OH,OG1,A,B,assembly_interface_heavy_atom_contact,KCSA_1BL8_IFACE_0012,,,2.792,"External RCSB coordinate-derived inter-chain/tetramer interface contact; source-import only, not de-novo folding claim.",78,72,TYR,THR,1BL8,https://www.rcsb.org/structure/1BL8
OG1,CE,C,D,assembly_interface_heavy_atom_contact,KCSA_1BL8_IFACE_0013,,,2.921,"External RCSB coordinate-derived inter-chain/tetramer interface contact; source-import only, not de-novo folding claim.",74,96,THR,MET,1BL8,https://www.rcsb.org/structure/1BL8
CE,OG1,A,D,assembly_interface_heavy_atom_contact,KCSA_1BL8_IFACE_0014,,,2.959,"External RCSB coordinate-derived inter-chain/tetramer interface contact; source-import only, not de-novo folding claim.",96,74,MET,THR,1BL8,https://www.rcsb.org/structure/1BL8
OG1,CE,B,C,assembly_interface_heavy_atom_contact,KCSA_1BL8_IFACE_0015,,,2.970,"External RCSB coordinate-derived inter-chain/tetramer interface contact; source-import only, not de-novo folding claim.",74,96,THR,MET,1BL8,https://www.rcsb.org/structure/1BL8
OG1,CE,A,B,assembly_interface_heavy_atom_contact,KCSA_1BL8_IFACE_0016,,,2.993,"External RCSB coordinate-derived inter-chain/tetramer interface contact; source-import only, not de-novo folding claim.",74,96,THR,MET,1BL8,https://www.rcsb.org/structure/1BL8
CB,CG2,C,D,assembly_interface_heavy_atom_contact,KCSA_1BL8_IFACE_0017,,,3.006,"External RCSB coordinate-derived inter-chain/tetramer interface contact; source-import only, not de-novo folding claim.",114,112,PHE,THR,1BL8,https://www.rcsb.org/structure/1BL8
O,CA,C,D,assembly_interface_heavy_atom_contact,KCSA_1BL8_IFACE_0018,,,3.018,"External RCSB coordinate-derived inter-chain/tetramer interface contact; source-import only, not de-novo folding claim.",78,79,TYR,GLY,1BL8,https://www.rcsb.org/structure/1BL8
O,CA,A,B,assembly_interface_heavy_atom_contact,KCSA_1BL8_IFACE_0019,,,3.032,"External RCSB coordinate-derived inter-chain/tetramer interface contact; source-import only, not de-novo folding claim.",78,79,TYR,GLY,1BL8,https://www.rcsb.org/structure/1BL8
CA,O,A,D,assembly_interface_heavy_atom_contact,KCSA_1BL8_IFACE_0020,,,3.052,"External RCSB coordinate-derived inter-chain/tetramer interface contact; source-import only, not de-novo folding claim.",79,78,GLY,TYR,1BL8,https://www.rcsb.org/structure/1BL8
O,CA,C,D,assembly_interface_heavy_atom_contact,KCSA_1BL8_IFACE_0021,,,3.061,"External RCSB coordinate-derived inter-chain/tetramer interface contact; source-import only, not de-novo folding claim.",76,77,VAL,GLY,1BL8,https://www.rcsb.org/structure/1BL8
O,O,A,B,assembly_interface_heavy_atom_contact,KCSA_1BL8_IFACE_0022,,,3.090,"External RCSB coordinate-derived inter-chain/tetramer interface contact; source-import only, not de-novo folding claim.",77,77,GLY,GLY,1BL8,https://www.rcsb.org/structure/1BL8
CG,CB,C,D,assembly_interface_heavy_atom_contact,KCSA_1BL8_IFACE_0023,,,3.091,"External RCSB coordinate-derived inter-chain/tetramer interface contact; source-import only, not de-novo folding claim.",114,25,PHE,HIS,1BL8,https://www.rcsb.org/structure/1BL8
O,CA,A,B,assembly_interface_heavy_atom_contact,KCSA_1BL8_IFACE_0024,,,3.091,"External RCSB coordinate-derived inter-chain/tetramer interface contact; source-import only, not de-novo folding claim.",76,77,VAL,GLY,1BL8,https://www.rcsb.org/structure/1BL8
O,O,C,D,assembly_interface_heavy_atom_contact,KCSA_1BL8_IFACE_0025,,,3.100,"External RCSB coordinate-derived inter-chain/tetramer interface contact; source-import only, not de-novo folding claim.",77,77,GLY,GLY,1BL8,https://www.rcsb.org/structure/1BL8
O,O,A,D,assembly_interface_heavy_atom_contact,KCSA_1BL8_IFACE_0026,,,3.119,"External RCSB coordinate-derived inter-chain/tetramer interface contact; source-import only, not de-novo folding claim.",77,77,GLY,GLY,1BL8,https://www.rcsb.org/structure/1BL8
CA,O,A,D,assembly_interface_heavy_atom_contact,KCSA_1BL8_IFACE_0027,,,3.122,"External RCSB coordinate-derived inter-chain/tetramer interface contact; source-import only, not de-novo folding claim.",77,76,GLY,VAL,1BL8,https://www.rcsb.org/structure/1BL8
O,CA,B,C,assembly_interface_heavy_atom_contact,KCSA_1BL8_IFACE_0028,,,3.123,"External RCSB coordinate-derived inter-chain/tetramer interface contact; source-import only, not de-novo folding claim.",78,79,TYR,GLY,1BL8,https://www.rcsb.org/structure/1BL8
O,O,B,C,assembly_interface_heavy_atom_contact,KCSA_1BL8_IFACE_0029,,,3.141,"External RCSB coordinate-derived inter-chain/tetramer interface contact; source-import only, not de-novo folding claim.",77,77,GLY,GLY,1BL8,https://www.rcsb.org/structure/1BL8
CD2,CD,C,D,assembly_interface_heavy_atom_contact,KCSA_1BL8_IFACE_0030,,,3.149,"External RCSB coordinate-derived inter-chain/tetramer interface contact; source-import only, not de-novo folding claim.",67,89,TRP,ARG,1BL8,https://www.rcsb.org/structure/1BL8
CG2,CD1,B,C,assembly_interface_heavy_atom_contact,KCSA_1BL8_IFACE_0031,,,3.149,"External RCSB coordinate-derived inter-chain/tetramer interface contact; source-import only, not de-novo folding claim.",74,100,THR,ILE,1BL8,https://www.rcsb.org/structure/1BL8
O,CA,B,C,assembly_interface_heavy_atom_contact,KCSA_1BL8_IFACE_0032,,,3.157,"External RCSB coordinate-derived inter-chain/tetramer interface contact; source-import only, not de-novo folding claim.",76,77,VAL,GLY,1BL8,https://www.rcsb.org/structure/1BL8
CB,CE2,C,D,assembly_interface_heavy_atom_contact,KCSA_1BL8_IFACE_0033,,,3.164,"External RCSB coordinate-derived inter-chain/tetramer interface contact; source-import only, not de-novo folding claim.",80,82,ASP,TYR,1BL8,https://www.rcsb.org/structure/1BL8
CD2,CA,B,C,assembly_interface_heavy_atom_contact,KCSA_1BL8_IFACE_0034,,,3.177,"External RCSB coordinate-derived inter-chain/tetramer interface contact; source-import only, not de-novo folding claim.",114,25,PHE,HIS,1BL8,https://www.rcsb.org/structure/1BL8
CD1,CG2,A,D,assembly_interface_heavy_atom_contact,KCSA_1BL8_IFACE_0035,,,3.180,"External RCSB coordinate-derived inter-chain/tetramer interface contact; source-import only, not de-novo folding claim.",100,74,ILE,THR,1BL8,https://www.rcsb.org/structure/1BL8
CE1,O,C,D,assembly_interface_heavy_atom_contact,KCSA_1BL8_IFACE_0036,,,3.181,"External RCSB coordinate-derived inter-chain/tetramer interface contact; source-import only, not de-novo folding claim.",78,81,TYR,LEU,1BL8,https://www.rcsb.org/structure/1BL8
CG2,CD1,C,D,assembly_interface_heavy_atom_contact,KCSA_1BL8_IFACE_0037,,,3.183,"External RCSB coordinate-derived inter-chain/tetramer interface contact; source-import only, not de-novo folding claim.",74,100,THR,ILE,1BL8,https://www.rcsb.org/structure/1BL8
CD,CD2,A,D,assembly_interface_heavy_atom_contact,KCSA_1BL8_IFACE_0038,,,3.183,"External RCSB coordinate-derived inter-chain/tetramer interface contact; source-import only, not de-novo folding claim.",89,67,ARG,TRP,1BL8,https://www.rcsb.org/structure/1BL8
CG2,CD1,A,B,assembly_interface_heavy_atom_contact,KCSA_1BL8_IFACE_0039,,,3.190,"External RCSB coordinate-derived inter-chain/tetramer interface contact; source-import only, not de-novo folding claim.",74,100,THR,ILE,1BL8,https://www.rcsb.org/structure/1BL8
CG2,CE,A,B,assembly_interface_heavy_atom_contact,KCSA_1BL8_IFACE_0040,,,3.208,"External RCSB coordinate-derived inter-chain/tetramer interface contact; source-import only, not de-novo folding claim.",76,96,VAL,MET,1BL8,https://www.rcsb.org/structure/1BL8
CE,CG2,A,D,assembly_interface_heavy_atom_contact,KCSA_1BL8_IFACE_0041,,,3.221,"External RCSB coordinate-derived inter-chain/tetramer interface contact; source-import only, not de-novo folding claim.",96,76,MET,VAL,1BL8,https://www.rcsb.org/structure/1BL8
CG2,CE,B,C,assembly_interface_heavy_atom_contact,KCSA_1BL8_IFACE_0042,,,3.228,"External RCSB coordinate-derived inter-chain/tetramer interface contact; source-import only, not de-novo folding claim.",76,96,VAL,MET,1BL8,https://www.rcsb.org/structure/1BL8
CG2,CE,C,D,assembly_interface_heavy_atom_contact,KCSA_1BL8_IFACE_0043,,,3.230,"External RCSB coordinate-derived inter-chain/tetramer interface contact; source-import only, not de-novo folding claim.",76,96,VAL,MET,1BL8,https://www.rcsb.org/structure/1BL8
CG2,CB,A,D,assembly_interface_heavy_atom_contact,KCSA_1BL8_IFACE_0044,,,3.232,"External RCSB coordinate-derived inter-chain/tetramer interface contact; source-import only, not de-novo folding claim.",112,114,THR,PHE,1BL8,https://www.rcsb.org/structure/1BL8
CD2,CD,A,B,assembly_interface_heavy_atom_contact,KCSA_1BL8_IFACE_0045,,,3.236,"External RCSB coordinate-derived inter-chain/tetramer interface contact; source-import only, not de-novo folding claim.",67,89,TRP,ARG,1BL8,https://www.rcsb.org/structure/1BL8
CD2,CD,B,C,assembly_interface_heavy_atom_contact,KCSA_1BL8_IFACE_0046,,,3.238,"External RCSB coordinate-derived inter-chain/tetramer interface contact; source-import only, not de-novo folding claim.",67,89,TRP,ARG,1BL8,https://www.rcsb.org/structure/1BL8
CE2,CB,A,D,assembly_interface_heavy_atom_contact,KCSA_1BL8_IFACE_0047,,,3.244,"External RCSB coordinate-derived inter-chain/tetramer interface contact; source-import only, not de-novo folding claim.",82,80,TYR,ASP,1BL8,https://www.rcsb.org/structure/1BL8
CD2,CD1,B,C,assembly_interface_heavy_atom_contact,KCSA_1BL8_IFACE_0048,,,3.245,"External RCSB coordinate-derived inter-chain/tetramer interface contact; source-import only, not de-novo folding claim.",110,105,LEU,LEU,1BL8,https://www.rcsb.org/structure/1BL8
O,CE1,A,D,assembly_interface_heavy_atom_contact,KCSA_1BL8_IFACE_0049,,,3.253,"External RCSB coordinate-derived inter-chain/tetramer interface contact; source-import only, not de-novo folding claim.",81,78,LEU,TYR,1BL8,https://www.rcsb.org/structure/1BL8
CE1,O,A,B,assembly_interface_heavy_atom_contact,KCSA_1BL8_IFACE_0050,,,3.262,"External RCSB coordinate-derived inter-chain/tetramer interface contact; source-import only, not de-novo folding claim.",78,81,TYR,LEU,1BL8,https://www.rcsb.org/structure/1BL8
CD1,CD2,B,C,assembly_interface_heavy_atom_contact,KCSA_1BL8_IFACE_0051,,,3.266,"External RCSB coordinate-derived inter-chain/tetramer interface contact; source-import only, not de-novo folding claim.",114,24,PHE,LEU,1BL8,https://www.rcsb.org/structure/1BL8
CB,CE2,A,B,assembly_interface_heavy_atom_contact,KCSA_1BL8_IFACE_0052,,,3.277,"External RCSB coordinate-derived inter-chain/tetramer interface contact; source-import only, not de-novo folding claim.",80,82,ASP,TYR,1BL8,https://www.rcsb.org/structure/1BL8
CE1,O,B,C,assembly_interface_heavy_atom_contact,KCSA_1BL8_IFACE_0053,,,3.279,"External RCSB coordinate-derived inter-chain/tetramer interface contact; source-import only, not de-novo folding claim.",78,81,TYR,LEU,1BL8,https://www.rcsb.org/structure/1BL8
CB,CG2,A,B,assembly_interface_heavy_atom_contact,KCSA_1BL8_IFACE_0054,,,3.280,"External RCSB coordinate-derived inter-chain/tetramer interface contact; source-import only, not de-novo folding claim.",114,112,PHE,THR,1BL8,https://www.rcsb.org/structure/1BL8
CD2,CD1,C,D,assembly_interface_heavy_atom_contact,KCSA_1BL8_IFACE_0055,,,3.281,"External RCSB coordinate-derived inter-chain/tetramer interface contact; source-import only, not de-novo folding claim.",110,105,LEU,LEU,1BL8,https://www.rcsb.org/structure/1BL8
CB,CG,A,D,assembly_interface_heavy_atom_contact,KCSA_1BL8_IFACE_0056,,,3.282,"External RCSB coordinate-derived inter-chain/tetramer interface contact; source-import only, not de-novo folding claim.",25,114,HIS,PHE,1BL8,https://www.rcsb.org/structure/1BL8
CG1,CG2,C,D,assembly_interface_heavy_atom_contact,KCSA_1BL8_IFACE_0057,,,3.290,"External RCSB coordinate-derived inter-chain/tetramer interface contact; source-import only, not de-novo folding claim.",70,93,VAL,VAL,1BL8,https://www.rcsb.org/structure/1BL8
O,O,C,D,assembly_interface_heavy_atom_contact,KCSA_1BL8_IFACE_0058,,,3.319,"External RCSB coordinate-derived inter-chain/tetramer interface contact; source-import only, not de-novo folding claim.",76,76,VAL,VAL,1BL8,https://www.rcsb.org/structure/1BL8
O,O,A,B,assembly_interface_heavy_atom_contact,KCSA_1BL8_IFACE_0059,,,3.322,"External RCSB coordinate-derived inter-chain/tetramer interface contact; source-import only, not de-novo folding claim.",76,76,VAL,VAL,1BL8,https://www.rcsb.org/structure/1BL8
O,CG2,C,D,assembly_interface_heavy_atom_contact,KCSA_1BL8_IFACE_0060,,,3.327,"External RCSB coordinate-derived inter-chain/tetramer interface contact; source-import only, not de-novo folding claim.",111,112,ALA,THR,1BL8,https://www.rcsb.org/structure/1BL8
CZ,CB,B,C,assembly_interface_heavy_atom_contact,KCSA_1BL8_IFACE_0061,,,3.331,"External RCSB coordinate-derived inter-chain/tetramer interface contact; source-import only, not de-novo folding claim.",114,28,PHE,ALA,1BL8,https://www.rcsb.org/structure/1BL8
CG,CB,A,B,assembly_interface_heavy_atom_contact,KCSA_1BL8_IFACE_0062,,,3.335,"External RCSB coordinate-derived inter-chain/tetramer interface contact; source-import only, not de-novo folding claim.",114,25,PHE,HIS,1BL8,https://www.rcsb.org/structure/1BL8
O,O,B,C,assembly_interface_heavy_atom_contact,KCSA_1BL8_IFACE_0063,,,3.335,"External RCSB coordinate-derived inter-chain/tetramer interface contact; source-import only, not de-novo folding claim.",76,76,VAL,VAL,1BL8,https://www.rcsb.org/structure/1BL8
O,O,A,D,assembly_interface_heavy_atom_contact,KCSA_1BL8_IFACE_0064,,,3.337,"External RCSB coordinate-derived inter-chain/tetramer interface contact; source-import only, not de-novo folding claim.",76,76,VAL,VAL,1BL8,https://www.rcsb.org/structure/1BL8
CG1,CG2,B,C,assembly_interface_heavy_atom_contact,KCSA_1BL8_IFACE_0065,,,3.350,"External RCSB coordinate-derived inter-chain/tetramer interface contact; source-import only, not de-novo folding claim.",70,93,VAL,VAL,1BL8,https://www.rcsb.org/structure/1BL8
CG2,CG1,A,D,assembly_interface_heavy_atom_contact,KCSA_1BL8_IFACE_0066,,,3.350,"External RCSB coordinate-derived inter-chain/tetramer interface contact; source-import only, not de-novo folding claim.",93,70,VAL,VAL,1BL8,https://www.rcsb.org/structure/1BL8
CB,CE2,B,C,assembly_interface_heavy_atom_contact,KCSA_1BL8_IFACE_0067,,,3.353,"External RCSB coordinate-derived inter-chain/tetramer interface contact; source-import only, not de-novo folding claim.",80,82,ASP,TYR,1BL8,https://www.rcsb.org/structure/1BL8
CB,CG2,B,C,assembly_interface_heavy_atom_contact,KCSA_1BL8_IFACE_0068,,,3.357,"External RCSB coordinate-derived inter-chain/tetramer interface contact; source-import only, not de-novo folding claim.",114,112,PHE,THR,1BL8,https://www.rcsb.org/structure/1BL8
CD2,N,C,D,assembly_interface_heavy_atom_contact,KCSA_1BL8_IFACE_0069,,,3.369,"External RCSB coordinate-derived inter-chain/tetramer interface contact; source-import only, not de-novo folding claim.",114,109,PHE,ALA,1BL8,https://www.rcsb.org/structure/1BL8
CE1,CD2,A,B,assembly_interface_heavy_atom_contact,KCSA_1BL8_IFACE_0070,,,3.371,"External RCSB coordinate-derived inter-chain/tetramer interface contact; source-import only, not de-novo folding claim.",114,24,PHE,LEU,1BL8,https://www.rcsb.org/structure/1BL8
CD1,CD2,A,D,assembly_interface_heavy_atom_contact,KCSA_1BL8_IFACE_0071,,,3.371,"External RCSB coordinate-derived inter-chain/tetramer interface contact; source-import only, not de-novo folding claim.",105,110,LEU,LEU,1BL8,https://www.rcsb.org/structure/1BL8
CZ,CD1,C,D,assembly_interface_heavy_atom_contact,KCSA_1BL8_IFACE_0072,,,3.376,"External RCSB coordinate-derived inter-chain/tetramer interface contact; source-import only, not de-novo folding claim.",103,100,PHE,ILE,1BL8,https://www.rcsb.org/structure/1BL8
CD2,CE1,A,D,assembly_interface_heavy_atom_contact,KCSA_1BL8_IFACE_0073,,,3.383,"External RCSB coordinate-derived inter-chain/tetramer interface contact; source-import only, not de-novo folding claim.",24,114,LEU,PHE,1BL8,https://www.rcsb.org/structure/1BL8
OE1,OE2,C,D,assembly_interface_heavy_atom_contact,KCSA_1BL8_IFACE_0074,,,3.393,"External RCSB coordinate-derived inter-chain/tetramer interface contact; source-import only, not de-novo folding claim.",118,118,GLU,GLU,1BL8,https://www.rcsb.org/structure/1BL8
O,CG2,B,C,assembly_interface_heavy_atom_contact,KCSA_1BL8_IFACE_0075,,,3.399,"External RCSB coordinate-derived inter-chain/tetramer interface contact; source-import only, not de-novo folding claim.",111,112,ALA,THR,1BL8,https://www.rcsb.org/structure/1BL8
CG1,CG2,A,B,assembly_interface_heavy_atom_contact,KCSA_1BL8_IFACE_0076,,,3.432,"External RCSB coordinate-derived inter-chain/tetramer interface contact; source-import only, not de-novo folding claim.",70,93,VAL,VAL,1BL8,https://www.rcsb.org/structure/1BL8
CD2,CD1,A,B,assembly_interface_heavy_atom_contact,KCSA_1BL8_IFACE_0077,,,3.443,"External RCSB coordinate-derived inter-chain/tetramer interface contact; source-import only, not de-novo folding claim.",110,105,LEU,LEU,1BL8,https://www.rcsb.org/structure/1BL8
CE1,CD2,C,D,assembly_interface_heavy_atom_contact,KCSA_1BL8_IFACE_0078,,,3.478,"External RCSB coordinate-derived inter-chain/tetramer interface contact; source-import only, not de-novo folding claim.",114,24,PHE,LEU,1BL8,https://www.rcsb.org/structure/1BL8
CZ,CD1,B,C,assembly_interface_heavy_atom_contact,KCSA_1BL8_IFACE_0079,,,3.479,"External RCSB coordinate-derived inter-chain/tetramer interface contact; source-import only, not de-novo folding claim.",103,100,PHE,ILE,1BL8,https://www.rcsb.org/structure/1BL8
CH2,CB,C,D,assembly_interface_heavy_atom_contact,KCSA_1BL8_IFACE_0080,,,3.480,"External RCSB coordinate-derived inter-chain/tetramer interface contact; source-import only, not de-novo folding claim.",67,92,TRP,ALA,1BL8,https://www.rcsb.org/structure/1BL8
CD1,CZ,A,D,assembly_interface_heavy_atom_contact,KCSA_1BL8_IFACE_0081,,,3.482,"External RCSB coordinate-derived inter-chain/tetramer interface contact; source-import only, not de-novo folding claim.",100,103,ILE,PHE,1BL8,https://www.rcsb.org/structure/1BL8
CZ,CD1,A,B,assembly_interface_heavy_atom_contact,KCSA_1BL8_IFACE_0082,,,3.524,"External RCSB coordinate-derived inter-chain/tetramer interface contact; source-import only, not de-novo folding claim.",103,100,PHE,ILE,1BL8,https://www.rcsb.org/structure/1BL8
CB,CZ,A,D,assembly_interface_heavy_atom_contact,KCSA_1BL8_IFACE_0083,,,3.532,"External RCSB coordinate-derived inter-chain/tetramer interface contact; source-import only, not de-novo folding claim.",28,114,ALA,PHE,1BL8,https://www.rcsb.org/structure/1BL8
CZ,CB,A,B,assembly_interface_heavy_atom_contact,KCSA_1BL8_IFACE_0084,,,3.538,"External RCSB coordinate-derived inter-chain/tetramer interface contact; source-import only, not de-novo folding claim.",114,28,PHE,ALA,1BL8,https://www.rcsb.org/structure/1BL8
CG2,O,A,D,assembly_interface_heavy_atom_contact,KCSA_1BL8_IFACE_0085,,,3.544,"External RCSB coordinate-derived inter-chain/tetramer interface contact; source-import only, not de-novo folding claim.",112,111,THR,ALA,1BL8,https://www.rcsb.org/structure/1BL8
CB,CH2,A,D,assembly_interface_heavy_atom_contact,KCSA_1BL8_IFACE_0086,,,3.547,"External RCSB coordinate-derived inter-chain/tetramer interface contact; source-import only, not de-novo folding claim.",92,67,ALA,TRP,1BL8,https://www.rcsb.org/structure/1BL8
CZ,CB,C,D,assembly_interface_heavy_atom_contact,KCSA_1BL8_IFACE_0087,,,3.552,"External RCSB coordinate-derived inter-chain/tetramer interface contact; source-import only, not de-novo folding claim.",114,28,PHE,ALA,1BL8,https://www.rcsb.org/structure/1BL8
O,CG2,A,B,assembly_interface_heavy_atom_contact,KCSA_1BL8_IFACE_0088,,,3.560,"External RCSB coordinate-derived inter-chain/tetramer interface contact; source-import only, not de-novo folding claim.",111,112,ALA,THR,1BL8,https://www.rcsb.org/structure/1BL8
O,OG1,C,D,assembly_interface_heavy_atom_contact,KCSA_1BL8_IFACE_0089,,,3.569,"External RCSB coordinate-derived inter-chain/tetramer interface contact; source-import only, not de-novo folding claim.",74,75,THR,THR,1BL8,https://www.rcsb.org/structure/1BL8
OG1,CA,B,C,assembly_interface_heavy_atom_contact,KCSA_1BL8_IFACE_0090,,,3.579,"External RCSB coordinate-derived inter-chain/tetramer interface contact; source-import only, not de-novo folding claim.",107,104,THR,GLY,1BL8,https://www.rcsb.org/structure/1BL8
CH2,CB,B,C,assembly_interface_heavy_atom_contact,KCSA_1BL8_IFACE_0091,,,3.581,"External RCSB coordinate-derived inter-chain/tetramer interface contact; source-import only, not de-novo folding claim.",67,92,TRP,ALA,1BL8,https://www.rcsb.org/structure/1BL8
OG1,CA,C,D,assembly_interface_heavy_atom_contact,KCSA_1BL8_IFACE_0092,,,3.586,"External RCSB coordinate-derived inter-chain/tetramer interface contact; source-import only, not de-novo folding claim.",107,104,THR,GLY,1BL8,https://www.rcsb.org/structure/1BL8
N,CD2,A,D,assembly_interface_heavy_atom_contact,KCSA_1BL8_IFACE_0093,,,3.602,"External RCSB coordinate-derived inter-chain/tetramer interface contact; source-import only, not de-novo folding claim.",109,114,ALA,PHE,1BL8,https://www.rcsb.org/structure/1BL8
CH2,CB,A,B,assembly_interface_heavy_atom_contact,KCSA_1BL8_IFACE_0094,,,3.613,"External RCSB coordinate-derived inter-chain/tetramer interface contact; source-import only, not de-novo folding claim.",67,92,TRP,ALA,1BL8,https://www.rcsb.org/structure/1BL8
CH2,CG,C,D,assembly_interface_heavy_atom_contact,KCSA_1BL8_IFACE_0095,,,3.622,"External RCSB coordinate-derived inter-chain/tetramer interface contact; source-import only, not de-novo folding claim.",67,83,TRP,PRO,1BL8,https://www.rcsb.org/structure/1BL8
O,OG1,B,C,assembly_interface_heavy_atom_contact,KCSA_1BL8_IFACE_0096,,,3.636,"External RCSB coordinate-derived inter-chain/tetramer interface contact; source-import only, not de-novo folding claim.",74,75,THR,THR,1BL8,https://www.rcsb.org/structure/1BL8
OG1,O,A,D,assembly_interface_heavy_atom_contact,KCSA_1BL8_IFACE_0097,,,3.638,"External RCSB coordinate-derived inter-chain/tetramer interface contact; source-import only, not de-novo folding claim.",75,74,THR,THR,1BL8,https://www.rcsb.org/structure/1BL8
O,OG1,A,B,assembly_interface_heavy_atom_contact,KCSA_1BL8_IFACE_0098,,,3.653,"External RCSB coordinate-derived inter-chain/tetramer interface contact; source-import only, not de-novo folding claim.",74,75,THR,THR,1BL8,https://www.rcsb.org/structure/1BL8
C,CB,C,D,assembly_interface_heavy_atom_contact,KCSA_1BL8_IFACE_0099,,,3.654,"External RCSB coordinate-derived inter-chain/tetramer interface contact; source-import only, not de-novo folding claim.",110,108,LEU,ALA,1BL8,https://www.rcsb.org/structure/1BL8
CD2,N,A,B,assembly_interface_heavy_atom_contact,KCSA_1BL8_IFACE_0100,,,3.658,"External RCSB coordinate-derived inter-chain/tetramer interface contact; source-import only, not de-novo folding claim.",114,109,PHE,ALA,1BL8,https://www.rcsb.org/structure/1BL8
N,CB,C,D,assembly_interface_heavy_atom_contact,KCSA_1BL8_IFACE_0101,,,3.664,"External RCSB coordinate-derived inter-chain/tetramer interface contact; source-import only, not de-novo folding claim.",111,108,ALA,ALA,1BL8,https://www.rcsb.org/structure/1BL8
CD2,N,B,C,assembly_interface_heavy_atom_contact,KCSA_1BL8_IFACE_0102,,,3.672,"External RCSB coordinate-derived inter-chain/tetramer interface contact; source-import only, not de-novo folding claim.",114,109,PHE,ALA,1BL8,https://www.rcsb.org/structure/1BL8
CD2,CB,C,D,assembly_interface_heavy_atom_contact,KCSA_1BL8_IFACE_0103,,,3.672,"External RCSB coordinate-derived inter-chain/tetramer interface contact; source-import only, not de-novo folding claim.",114,108,PHE,ALA,1BL8,https://www.rcsb.org/structure/1BL8
CG,CH2,A,D,assembly_interface_heavy_atom_contact,KCSA_1BL8_IFACE_0104,,,3.673,"External RCSB coordinate-derived inter-chain/tetramer interface contact; source-import only, not de-novo folding claim.",83,67,PRO,TRP,1BL8,https://www.rcsb.org/structure/1BL8
CA,OG1,A,D,assembly_interface_heavy_atom_contact,KCSA_1BL8_IFACE_0105,,,3.701,"External RCSB coordinate-derived inter-chain/tetramer interface contact; source-import only, not de-novo folding claim.",104,107,GLY,THR,1BL8,https://www.rcsb.org/structure/1BL8
OG1,CA,A,B,assembly_interface_heavy_atom_contact,KCSA_1BL8_IFACE_0106,,,3.706,"External RCSB coordinate-derived inter-chain/tetramer interface contact; source-import only, not de-novo folding claim.",107,104,THR,GLY,1BL8,https://www.rcsb.org/structure/1BL8
CB,CD2,A,D,assembly_interface_heavy_atom_contact,KCSA_1BL8_IFACE_0107,,,3.710,"External RCSB coordinate-derived inter-chain/tetramer interface contact; source-import only, not de-novo folding claim.",108,114,ALA,PHE,1BL8,https://www.rcsb.org/structure/1BL8
CA,CB,B,C,assembly_interface_heavy_atom_contact,KCSA_1BL8_IFACE_0108,,,3.719,"External RCSB coordinate-derived inter-chain/tetramer interface contact; source-import only, not de-novo folding claim.",111,108,ALA,ALA,1BL8,https://www.rcsb.org/structure/1BL8
CD2,CB,A,B,assembly_interface_heavy_atom_contact,KCSA_1BL8_IFACE_0109,,,3.720,"External RCSB coordinate-derived inter-chain/tetramer interface contact; source-import only, not de-novo folding claim.",114,108,PHE,ALA,1BL8,https://www.rcsb.org/structure/1BL8
CH2,CG,B,C,assembly_interface_heavy_atom_contact,KCSA_1BL8_IFACE_0110,,,3.722,"External RCSB coordinate-derived inter-chain/tetramer interface contact; source-import only, not de-novo folding claim.",67,83,TRP,PRO,1BL8,https://www.rcsb.org/structure/1BL8
CG1,CA,B,C,assembly_interface_heavy_atom_contact,KCSA_1BL8_IFACE_0111,,,3.724,"External RCSB coordinate-derived inter-chain/tetramer interface contact; source-import only, not de-novo folding claim.",76,75,VAL,THR,1BL8,https://www.rcsb.org/structure/1BL8
CG2,CB,C,D,assembly_interface_heavy_atom_contact,KCSA_1BL8_IFACE_0112,,,3.726,"External RCSB coordinate-derived inter-chain/tetramer interface contact; source-import only, not de-novo folding claim.",115,112,VAL,THR,1BL8,https://www.rcsb.org/structure/1BL8
CG2,CB,C,D,assembly_interface_heavy_atom_contact,KCSA_1BL8_IFACE_0113,,,3.735,"External RCSB coordinate-derived inter-chain/tetramer interface contact; source-import only, not de-novo folding claim.",76,75,VAL,THR,1BL8,https://www.rcsb.org/structure/1BL8
CD1,CB,C,D,assembly_interface_heavy_atom_contact,KCSA_1BL8_IFACE_0114,,,3.738,"External RCSB coordinate-derived inter-chain/tetramer interface contact; source-import only, not de-novo folding claim.",78,82,TYR,TYR,1BL8,https://www.rcsb.org/structure/1BL8
OE1,OE2,A,B,assembly_interface_heavy_atom_contact,KCSA_1BL8_IFACE_0115,,,3.743,"External RCSB coordinate-derived inter-chain/tetramer interface contact; source-import only, not de-novo folding claim.",118,118,GLU,GLU,1BL8,https://www.rcsb.org/structure/1BL8
CA,CG1,A,D,assembly_interface_heavy_atom_contact,KCSA_1BL8_IFACE_0116,,,3.745,"External RCSB coordinate-derived inter-chain/tetramer interface contact; source-import only, not de-novo folding claim.",75,76,THR,VAL,1BL8,https://www.rcsb.org/structure/1BL8
OE2,OE1,A,D,assembly_interface_heavy_atom_contact,KCSA_1BL8_IFACE_0117,,,3.751,"External RCSB coordinate-derived inter-chain/tetramer interface contact; source-import only, not de-novo folding claim.",118,118,GLU,GLU,1BL8,https://www.rcsb.org/structure/1BL8
CH2,CG,A,B,assembly_interface_heavy_atom_contact,KCSA_1BL8_IFACE_0118,,,3.755,"External RCSB coordinate-derived inter-chain/tetramer interface contact; source-import only, not de-novo folding claim.",67,83,TRP,PRO,1BL8,https://www.rcsb.org/structure/1BL8
CG1,CA,A,B,assembly_interface_heavy_atom_contact,KCSA_1BL8_IFACE_0119,,,3.765,"External RCSB coordinate-derived inter-chain/tetramer interface contact; source-import only, not de-novo folding claim.",76,75,VAL,THR,1BL8,https://www.rcsb.org/structure/1BL8
CZ,CD2,B,C,assembly_interface_heavy_atom_contact,KCSA_1BL8_IFACE_0120,,,3.782,"External RCSB coordinate-derived inter-chain/tetramer interface contact; source-import only, not de-novo folding claim.",114,105,PHE,LEU,1BL8,https://www.rcsb.org/structure/1BL8
OE1,OE2,B,C,assembly_interface_heavy_atom_contact,KCSA_1BL8_IFACE_0121,,,3.782,"External RCSB coordinate-derived inter-chain/tetramer interface contact; source-import only, not de-novo folding claim.",118,118,GLU,GLU,1BL8,https://www.rcsb.org/structure/1BL8
CD1,CB,A,B,assembly_interface_heavy_atom_contact,KCSA_1BL8_IFACE_0122,,,3.795,"External RCSB coordinate-derived inter-chain/tetramer interface contact; source-import only, not de-novo folding claim.",78,82,TYR,TYR,1BL8,https://www.rcsb.org/structure/1BL8
CG2,CB,B,C,assembly_interface_heavy_atom_contact,KCSA_1BL8_IFACE_0123,,,3.797,"External RCSB coordinate-derived inter-chain/tetramer interface contact; source-import only, not de-novo folding claim.",115,112,VAL,THR,1BL8,https://www.rcsb.org/structure/1BL8
CA,CE,C,D,assembly_interface_heavy_atom_contact,KCSA_1BL8_IFACE_0124,,,3.798,"External RCSB coordinate-derived inter-chain/tetramer interface contact; source-import only, not de-novo folding claim.",71,96,GLU,MET,1BL8,https://www.rcsb.org/structure/1BL8
CB,CD1,A,D,assembly_interface_heavy_atom_contact,KCSA_1BL8_IFACE_0125,,,3.815,"External RCSB coordinate-derived inter-chain/tetramer interface contact; source-import only, not de-novo folding claim.",82,78,TYR,TYR,1BL8,https://www.rcsb.org/structure/1BL8
C,CB,B,C,assembly_interface_heavy_atom_contact,KCSA_1BL8_IFACE_0126,,,3.831,"External RCSB coordinate-derived inter-chain/tetramer interface contact; source-import only, not de-novo folding claim.",110,108,LEU,ALA,1BL8,https://www.rcsb.org/structure/1BL8
CD2,CZ,A,D,assembly_interface_heavy_atom_contact,KCSA_1BL8_IFACE_0127,,,3.836,"External RCSB coordinate-derived inter-chain/tetramer interface contact; source-import only, not de-novo folding claim.",105,114,LEU,PHE,1BL8,https://www.rcsb.org/structure/1BL8
CZ,CD2,A,B,assembly_interface_heavy_atom_contact,KCSA_1BL8_IFACE_0128,,,3.838,"External RCSB coordinate-derived inter-chain/tetramer interface contact; source-import only, not de-novo folding claim.",114,105,PHE,LEU,1BL8,https://www.rcsb.org/structure/1BL8
CA,CE,B,C,assembly_interface_heavy_atom_contact,KCSA_1BL8_IFACE_0129,,,3.841,"External RCSB coordinate-derived inter-chain/tetramer interface contact; source-import only, not de-novo folding claim.",71,96,GLU,MET,1BL8,https://www.rcsb.org/structure/1BL8
CB,CA,A,D,assembly_interface_heavy_atom_contact,KCSA_1BL8_IFACE_0130,,,3.841,"External RCSB coordinate-derived inter-chain/tetramer interface contact; source-import only, not de-novo folding claim.",108,111,ALA,ALA,1BL8,https://www.rcsb.org/structure/1BL8
O,CD2,B,C,assembly_interface_heavy_atom_contact,KCSA_1BL8_IFACE_0131,,,3.842,"External RCSB coordinate-derived inter-chain/tetramer interface contact; source-import only, not de-novo folding claim.",113,24,TRP,LEU,1BL8,https://www.rcsb.org/structure/1BL8
CE1,CB,B,C,assembly_interface_heavy_atom_contact,KCSA_1BL8_IFACE_0132,,,3.847,"External RCSB coordinate-derived inter-chain/tetramer interface contact; source-import only, not de-novo folding claim.",78,82,TYR,TYR,1BL8,https://www.rcsb.org/structure/1BL8
CA,CB,A,B,assembly_interface_heavy_atom_contact,KCSA_1BL8_IFACE_0133,,,3.851,"External RCSB coordinate-derived inter-chain/tetramer interface contact; source-import only, not de-novo folding claim.",111,108,ALA,ALA,1BL8,https://www.rcsb.org/structure/1BL8
CE,CA,A,D,assembly_interface_heavy_atom_contact,KCSA_1BL8_IFACE_0134,,,3.851,"External RCSB coordinate-derived inter-chain/tetramer interface contact; source-import only, not de-novo folding claim.",96,71,MET,GLU,1BL8,https://www.rcsb.org/structure/1BL8
CZ,CD2,C,D,assembly_interface_heavy_atom_contact,KCSA_1BL8_IFACE_0135,,,3.856,"External RCSB coordinate-derived inter-chain/tetramer interface contact; source-import only, not de-novo folding claim.",114,105,PHE,LEU,1BL8,https://www.rcsb.org/structure/1BL8
CD2,CB,B,C,assembly_interface_heavy_atom_contact,KCSA_1BL8_IFACE_0136,,,3.857,"External RCSB coordinate-derived inter-chain/tetramer interface contact; source-import only, not de-novo folding claim.",114,108,PHE,ALA,1BL8,https://www.rcsb.org/structure/1BL8
CB,O,A,D,assembly_interface_heavy_atom_contact,KCSA_1BL8_IFACE_0137,,,3.876,"External RCSB coordinate-derived inter-chain/tetramer interface contact; source-import only, not de-novo folding claim.",108,110,ALA,LEU,1BL8,https://www.rcsb.org/structure/1BL8
CZ3,CD2,C,D,assembly_interface_heavy_atom_contact,KCSA_1BL8_IFACE_0138,,,3.878,"External RCSB coordinate-derived inter-chain/tetramer interface contact; source-import only, not de-novo folding claim.",113,24,TRP,LEU,1BL8,https://www.rcsb.org/structure/1BL8
O,CB,A,B,assembly_interface_heavy_atom_contact,KCSA_1BL8_IFACE_0139,,,3.905,"External RCSB coordinate-derived inter-chain/tetramer interface contact; source-import only, not de-novo folding claim.",110,108,LEU,ALA,1BL8,https://www.rcsb.org/structure/1BL8
CA,CE,A,B,assembly_interface_heavy_atom_contact,KCSA_1BL8_IFACE_0140,,,3.906,"External RCSB coordinate-derived inter-chain/tetramer interface contact; source-import only, not de-novo folding claim.",71,96,GLU,MET,1BL8,https://www.rcsb.org/structure/1BL8
CB,CG2,A,D,assembly_interface_heavy_atom_contact,KCSA_1BL8_IFACE_0141,,,3.935,"External RCSB coordinate-derived inter-chain/tetramer interface contact; source-import only, not de-novo folding claim.",112,115,THR,VAL,1BL8,https://www.rcsb.org/structure/1BL8
CG2,CB,A,B,assembly_interface_heavy_atom_contact,KCSA_1BL8_IFACE_0142,,,3.937,"External RCSB coordinate-derived inter-chain/tetramer interface contact; source-import only, not de-novo folding claim.",115,112,VAL,THR,1BL8,https://www.rcsb.org/structure/1BL8
O,CE,C,D,assembly_interface_heavy_atom_contact,KCSA_1BL8_IFACE_0143,,,3.944,"External RCSB coordinate-derived inter-chain/tetramer interface contact; source-import only, not de-novo folding claim.",70,96,VAL,MET,1BL8,https://www.rcsb.org/structure/1BL8
CG2,CG2,C,D,assembly_interface_heavy_atom_contact,KCSA_1BL8_IFACE_0144,,,4.006,"External RCSB coordinate-derived inter-chain/tetramer interface contact; source-import only, not de-novo folding claim.",107,107,THR,THR,1BL8,https://www.rcsb.org/structure/1BL8
CE,O,A,D,assembly_interface_heavy_atom_contact,KCSA_1BL8_IFACE_0145,,,4.018,"External RCSB coordinate-derived inter-chain/tetramer interface contact; source-import only, not de-novo folding claim.",96,70,MET,VAL,1BL8,https://www.rcsb.org/structure/1BL8
O,CE,B,C,assembly_interface_heavy_atom_contact,KCSA_1BL8_IFACE_0146,,,4.018,"External RCSB coordinate-derived inter-chain/tetramer interface contact; source-import only, not de-novo folding claim.",70,96,VAL,MET,1BL8,https://www.rcsb.org/structure/1BL8
CD2,CZ3,A,D,assembly_interface_heavy_atom_contact,KCSA_1BL8_IFACE_0147,,,4.055,"External RCSB coordinate-derived inter-chain/tetramer interface contact; source-import only, not de-novo folding claim.",24,113,LEU,TRP,1BL8,https://www.rcsb.org/structure/1BL8
CB,CB,C,D,assembly_interface_heavy_atom_contact,KCSA_1BL8_IFACE_0148,,,4.056,"External RCSB coordinate-derived inter-chain/tetramer interface contact; source-import only, not de-novo folding claim.",111,111,ALA,ALA,1BL8,https://www.rcsb.org/structure/1BL8
O,CE,A,B,assembly_interface_heavy_atom_contact,KCSA_1BL8_IFACE_0149,,,4.078,"External RCSB coordinate-derived inter-chain/tetramer interface contact; source-import only, not de-novo folding claim.",70,96,VAL,MET,1BL8,https://www.rcsb.org/structure/1BL8
CD1,CA,B,C,assembly_interface_heavy_atom_contact,KCSA_1BL8_IFACE_0150,,,4.084,"External RCSB coordinate-derived inter-chain/tetramer interface contact; source-import only, not de-novo folding claim.",78,77,TYR,GLY,1BL8,https://www.rcsb.org/structure/1BL8
CA,CD1,A,D,assembly_interface_heavy_atom_contact,KCSA_1BL8_IFACE_0151,,,4.109,"External RCSB coordinate-derived inter-chain/tetramer interface contact; source-import only, not de-novo folding claim.",77,78,GLY,TYR,1BL8,https://www.rcsb.org/structure/1BL8
CG2,CG2,B,C,assembly_interface_heavy_atom_contact,KCSA_1BL8_IFACE_0152,,,4.126,"External RCSB coordinate-derived inter-chain/tetramer interface contact; source-import only, not de-novo folding claim.",107,107,THR,THR,1BL8,https://www.rcsb.org/structure/1BL8
CD1,CA,A,B,assembly_interface_heavy_atom_contact,KCSA_1BL8_IFACE_0153,,,4.138,"External RCSB coordinate-derived inter-chain/tetramer interface contact; source-import only, not de-novo folding claim.",78,77,TYR,GLY,1BL8,https://www.rcsb.org/structure/1BL8
CZ3,CD2,A,B,assembly_interface_heavy_atom_contact,KCSA_1BL8_IFACE_0154,,,4.141,"External RCSB coordinate-derived inter-chain/tetramer interface contact; source-import only, not de-novo folding claim.",113,24,TRP,LEU,1BL8,https://www.rcsb.org/structure/1BL8
CD1,CA,C,D,assembly_interface_heavy_atom_contact,KCSA_1BL8_IFACE_0155,,,4.167,"External RCSB coordinate-derived inter-chain/tetramer interface contact; source-import only, not de-novo folding claim.",78,77,TYR,GLY,1BL8,https://www.rcsb.org/structure/1BL8
CG2,CG2,A,B,assembly_interface_heavy_atom_contact,KCSA_1BL8_IFACE_0156,,,4.189,"External RCSB coordinate-derived inter-chain/tetramer interface contact; source-import only, not de-novo folding claim.",107,107,THR,THR,1BL8,https://www.rcsb.org/structure/1BL8
O,O,A,B,assembly_interface_heavy_atom_contact,KCSA_1BL8_IFACE_0157,,,4.191,"External RCSB coordinate-derived inter-chain/tetramer interface contact; source-import only, not de-novo folding claim.",78,78,TYR,TYR,1BL8,https://www.rcsb.org/structure/1BL8
O,O,A,D,assembly_interface_heavy_atom_contact,KCSA_1BL8_IFACE_0158,,,4.196,"External RCSB coordinate-derived inter-chain/tetramer interface contact; source-import only, not de-novo folding claim.",78,78,TYR,TYR,1BL8,https://www.rcsb.org/structure/1BL8
CG2,CG1,C,D,assembly_interface_heavy_atom_contact,KCSA_1BL8_IFACE_0159,,,4.199,"External RCSB coordinate-derived inter-chain/tetramer interface contact; source-import only, not de-novo folding claim.",115,115,VAL,VAL,1BL8,https://www.rcsb.org/structure/1BL8
OH,CD,A,B,assembly_interface_heavy_atom_contact,KCSA_1BL8_IFACE_0160,,,4.203,"External RCSB coordinate-derived inter-chain/tetramer interface contact; source-import only, not de-novo folding claim.",78,83,TYR,PRO,1BL8,https://www.rcsb.org/structure/1BL8
CG2,CG2,A,D,assembly_interface_heavy_atom_contact,KCSA_1BL8_IFACE_0161,,,4.204,"External RCSB coordinate-derived inter-chain/tetramer interface contact; source-import only, not de-novo folding claim.",107,107,THR,THR,1BL8,https://www.rcsb.org/structure/1BL8
OH,CD,C,D,assembly_interface_heavy_atom_contact,KCSA_1BL8_IFACE_0162,,,4.217,"External RCSB coordinate-derived inter-chain/tetramer interface contact; source-import only, not de-novo folding claim.",78,83,TYR,PRO,1BL8,https://www.rcsb.org/structure/1BL8
OD2,NH2,C,D,assembly_interface_heavy_atom_contact,KCSA_1BL8_IFACE_0163,,,4.220,"External RCSB coordinate-derived inter-chain/tetramer interface contact; source-import only, not de-novo folding claim.",80,89,ASP,ARG,1BL8,https://www.rcsb.org/structure/1BL8
O,O,B,C,assembly_interface_heavy_atom_contact,KCSA_1BL8_IFACE_0164,,,4.220,"External RCSB coordinate-derived inter-chain/tetramer interface contact; source-import only, not de-novo folding claim.",78,78,TYR,TYR,1BL8,https://www.rcsb.org/structure/1BL8
O,O,C,D,assembly_interface_heavy_atom_contact,KCSA_1BL8_IFACE_0165,,,4.231,"External RCSB coordinate-derived inter-chain/tetramer interface contact; source-import only, not de-novo folding claim.",78,78,TYR,TYR,1BL8,https://www.rcsb.org/structure/1BL8
CG,CD2,B,C,assembly_interface_heavy_atom_contact,KCSA_1BL8_IFACE_0166,,,4.232,"External RCSB coordinate-derived inter-chain/tetramer interface contact; source-import only, not de-novo folding claim.",117,24,ARG,LEU,1BL8,https://www.rcsb.org/structure/1BL8
CD,OH,A,D,assembly_interface_heavy_atom_contact,KCSA_1BL8_IFACE_0167,,,4.249,"External RCSB coordinate-derived inter-chain/tetramer interface contact; source-import only, not de-novo folding claim.",83,78,PRO,TYR,1BL8,https://www.rcsb.org/structure/1BL8
OH,CD,B,C,assembly_interface_heavy_atom_contact,KCSA_1BL8_IFACE_0168,,,4.272,"External RCSB coordinate-derived inter-chain/tetramer interface contact; source-import only, not de-novo folding claim.",78,83,TYR,PRO,1BL8,https://www.rcsb.org/structure/1BL8
CB,CB,B,C,assembly_interface_heavy_atom_contact,KCSA_1BL8_IFACE_0169,,,4.280,"External RCSB coordinate-derived inter-chain/tetramer interface contact; source-import only, not de-novo folding claim.",111,111,ALA,ALA,1BL8,https://www.rcsb.org/structure/1BL8
CB,CB,A,B,assembly_interface_heavy_atom_contact,KCSA_1BL8_IFACE_0170,,,4.303,"External RCSB coordinate-derived inter-chain/tetramer interface contact; source-import only, not de-novo folding claim.",111,111,ALA,ALA,1BL8,https://www.rcsb.org/structure/1BL8
CG,CD2,C,D,assembly_interface_heavy_atom_contact,KCSA_1BL8_IFACE_0171,,,4.306,"External RCSB coordinate-derived inter-chain/tetramer interface contact; source-import only, not de-novo folding claim.",117,24,ARG,LEU,1BL8,https://www.rcsb.org/structure/1BL8
CB,CB,A,D,assembly_interface_heavy_atom_contact,KCSA_1BL8_IFACE_0172,,,4.311,"External RCSB coordinate-derived inter-chain/tetramer interface contact; source-import only, not de-novo folding claim.",111,111,ALA,ALA,1BL8,https://www.rcsb.org/structure/1BL8
NH2,OD2,A,D,assembly_interface_heavy_atom_contact,KCSA_1BL8_IFACE_0173,,,4.322,"External RCSB coordinate-derived inter-chain/tetramer interface contact; source-import only, not de-novo folding claim.",89,80,ARG,ASP,1BL8,https://www.rcsb.org/structure/1BL8
CD2,CG,A,D,assembly_interface_heavy_atom_contact,KCSA_1BL8_IFACE_0174,,,4.331,"External RCSB coordinate-derived inter-chain/tetramer interface contact; source-import only, not de-novo folding claim.",24,117,LEU,ARG,1BL8,https://www.rcsb.org/structure/1BL8
CG,CD2,A,B,assembly_interface_heavy_atom_contact,KCSA_1BL8_IFACE_0175,,,4.347,"External RCSB coordinate-derived inter-chain/tetramer interface contact; source-import only, not de-novo folding claim.",117,24,ARG,LEU,1BL8,https://www.rcsb.org/structure/1BL8
O,O,B,D,assembly_interface_heavy_atom_contact,KCSA_1BL8_IFACE_0176,,,4.361,"External RCSB coordinate-derived inter-chain/tetramer interface contact; source-import only, not de-novo folding claim.",77,77,GLY,GLY,1BL8,https://www.rcsb.org/structure/1BL8
OD2,NH2,A,B,assembly_interface_heavy_atom_contact,KCSA_1BL8_IFACE_0177,,,4.367,"External RCSB coordinate-derived inter-chain/tetramer interface contact; source-import only, not de-novo folding claim.",80,89,ASP,ARG,1BL8,https://www.rcsb.org/structure/1BL8
OD2,NH2,B,C,assembly_interface_heavy_atom_contact,KCSA_1BL8_IFACE_0178,,,4.404,"External RCSB coordinate-derived inter-chain/tetramer interface contact; source-import only, not de-novo folding claim.",80,89,ASP,ARG,1BL8,https://www.rcsb.org/structure/1BL8
CG1,CG2,A,D,assembly_interface_heavy_atom_contact,KCSA_1BL8_IFACE_0179,,,4.405,"External RCSB coordinate-derived inter-chain/tetramer interface contact; source-import only, not de-novo folding claim.",115,115,VAL,VAL,1BL8,https://www.rcsb.org/structure/1BL8
CG2,CG1,A,B,assembly_interface_heavy_atom_contact,KCSA_1BL8_IFACE_0180,,,4.406,"External RCSB coordinate-derived inter-chain/tetramer interface contact; source-import only, not de-novo folding claim.",115,115,VAL,VAL,1BL8,https://www.rcsb.org/structure/1BL8
CG1,O,B,C,assembly_interface_heavy_atom_contact,KCSA_1BL8_IFACE_0181,,,4.420,"External RCSB coordinate-derived inter-chain/tetramer interface contact; source-import only, not de-novo folding claim.",76,72,VAL,THR,1BL8,https://www.rcsb.org/structure/1BL8
CG1,O,C,D,assembly_interface_heavy_atom_contact,KCSA_1BL8_IFACE_0182,,,4.424,"External RCSB coordinate-derived inter-chain/tetramer interface contact; source-import only, not de-novo folding claim.",76,72,VAL,THR,1BL8,https://www.rcsb.org/structure/1BL8
CG1,O,A,B,assembly_interface_heavy_atom_contact,KCSA_1BL8_IFACE_0183,,,4.429,"External RCSB coordinate-derived inter-chain/tetramer interface contact; source-import only, not de-novo folding claim.",76,72,VAL,THR,1BL8,https://www.rcsb.org/structure/1BL8
O,CG1,A,D,assembly_interface_heavy_atom_contact,KCSA_1BL8_IFACE_0184,,,4.433,"External RCSB coordinate-derived inter-chain/tetramer interface contact; source-import only, not de-novo folding claim.",72,76,THR,VAL,1BL8,https://www.rcsb.org/structure/1BL8
O,O,A,C,assembly_interface_heavy_atom_contact,KCSA_1BL8_IFACE_0185,,,4.442,"External RCSB coordinate-derived inter-chain/tetramer interface contact; source-import only, not de-novo folding claim.",77,77,GLY,GLY,1BL8,https://www.rcsb.org/structure/1BL8
CG2,CG1,B,C,assembly_interface_heavy_atom_contact,KCSA_1BL8_IFACE_0186,,,4.454,"External RCSB coordinate-derived inter-chain/tetramer interface contact; source-import only, not de-novo folding claim.",115,115,VAL,VAL,1BL8,https://www.rcsb.org/structure/1BL8
